User_ID,Movie_ID,Actual_Rating,Predicted_Rating
907,143,5.0,4.611536250297749
371,210,4.0,4.37114223755087
218,42,4.0,3.738743910804353
829,170,4.0,3.8854605526859616
733,277,1.0,2.951243324162181
363,1512,1.0,3.1175626582710105
193,487,5.0,3.584277708279981
808,313,5.0,4.694317679756497
557,682,2.0,3.188629840327263
774,196,3.0,2.438638505544496
638,118,3.0,3.277705913038254
632,81,5.0,3.557163850540094
417,200,4.0,3.5455307060271393
580,471,3.0,3.646496295695911
640,91,4.0,4.20072714905649
450,328,4.0,4.407095555289681
596,13,2.0,3.5758462714110455
586,467,4.0,3.5255571891107533
653,502,2.0,2.710032298499848
378,517,3.0,3.988748386247849
405,65,1.0,1.8008391627540914
279,399,4.0,3.1996189807600706
327,293,3.0,3.67443320354613
346,276,1.0,3.101574058239261
59,928,4.0,3.296443932909658
514,22,4.0,4.3582491917295325
807,402,5.0,3.899115677463024
473,327,3.0,3.4328706241353797
342,324,1.0,3.019211285574964
269,136,4.0,3.4157551162279036
654,1,4.0,3.9689410144537143
250,28,4.0,4.3112769514333635
282,689,2.0,3.3174933550715062
534,619,4.0,4.300123828855627
194,481,3.0,3.3431254561064243
184,118,2.0,3.025622224449327
291,739,3.0,3.4398868187931275
293,31,2.0,2.680737632438471
943,1028,2.0,3.3352605064381535
65,69,3.0,4.165329204693067
562,135,5.0,3.587013904181756
466,62,3.0,2.8747637638503476
847,317,3.0,3.031535280580984
650,521,3.0,3.3508646236860695
656,326,1.0,2.542906961692011
366,53,5.0,3.601116164198761
15,280,3.0,2.6728848522516495
474,322,4.0,3.145954176010468
90,905,4.0,3.9076153101618147
503,19,5.0,4.2890516409737485
334,1524,4.0,3.645134391521664
90,632,5.0,4.081773636622954
406,1118,3.0,3.4207209964351684
899,515,3.0,4.086238370225358
13,339,3.0,2.7216876001638894
430,19,5.0,3.751654845482515
24,729,5.0,3.879589099423831
634,225,3.0,2.6146213172184734
727,89,5.0,3.912058161689318
429,596,3.0,3.0645584158277646
62,127,4.0,4.303715559897343
771,241,1.0,3.2338440476637125
733,762,4.0,2.935471699864609
139,222,3.0,3.478437168821515
916,721,4.0,3.335414624686088
402,204,5.0,3.93506448676131
553,136,4.0,4.2811264981875095
62,1073,4.0,3.7446078325301793
521,271,3.0,2.2631466897336106
488,358,3.0,2.1979778415217206
7,231,3.0,3.657469633243919
346,727,1.0,3.071612252498064
423,823,3.0,2.780164308391672
405,575,5.0,1.335723052737336
385,1158,5.0,2.8913694344201235
630,125,3.0,3.782837552812124
551,125,4.0,4.355730796642253
727,183,3.0,3.860513617312276
660,810,3.0,2.228181804133754
552,323,2.0,2.753628455843328
13,604,5.0,4.174472078558949
642,812,4.0,3.686623118303414
240,269,5.0,4.063091527411349
321,191,3.0,4.271654329273088
85,921,3.0,3.603634715450291
671,161,5.0,3.8514547980291196
253,97,4.0,4.165509873401982
605,187,5.0,4.366959177249515
472,625,4.0,4.45539343588107
56,449,5.0,3.229625537561023
881,141,3.0,3.322225404536767
391,318,4.0,4.327497554304506
601,387,3.0,3.064289417665014
497,475,4.0,3.423937020375887
327,921,4.0,3.556238940035049
200,1033,2.0,3.054197406086471
605,64,5.0,4.823708593945015
796,879,4.0,3.2535403780760195
214,216,4.0,3.76613660745292
566,161,4.0,2.8304506519809176
653,423,2.0,2.9016178520633944
344,216,4.0,4.145783557063208
151,664,5.0,3.960483713430641
64,751,2.0,3.201695100534686
554,87,4.0,4.110676064085625
384,327,4.0,3.8003289554688036
798,1032,3.0,2.734464241531281
622,90,4.0,3.161506687209937
719,735,5.0,3.108609121716978
424,740,5.0,3.0012958845585893
294,358,2.0,2.988975787748662
21,396,2.0,2.655850502355251
690,197,4.0,3.8235954807761163
360,471,4.0,3.288275907214093
734,603,4.0,4.093362386567081
521,174,4.0,3.6434048553361933
484,300,4.0,4.453014943356551
128,50,4.0,4.256932087286733
633,921,3.0,3.5619535891683434
854,466,3.0,3.129023558808586
493,751,5.0,3.601491492257266
504,392,5.0,3.894701811067834
655,318,4.0,3.7296902772742606
650,157,3.0,3.1715417102523644
104,273,3.0,3.3053065940760598
872,117,4.0,4.368547889645007
276,1170,4.0,3.232176733158507
146,258,4.0,3.9072187034545935
222,1066,1.0,2.815697266723293
380,199,3.0,3.400909321490102
618,195,3.0,3.662222690905164
358,1266,4.0,3.3507359343845846
871,813,3.0,3.800371667921888
234,174,3.0,3.3981178790116595
912,15,4.0,3.814903729261296
75,237,2.0,3.737495577504862
713,270,2.0,3.210312756795952
251,33,3.0,3.642202156899999
275,199,4.0,3.7911677163128106
766,91,5.0,3.5073925469446476
22,204,5.0,3.847634526360833
487,591,2.0,3.8121035243519032
827,316,3.0,3.8385237313688747
919,22,5.0,4.014490516922027
637,274,5.0,2.6751235250382623
666,856,5.0,3.8393807949287315
349,458,4.0,3.2416403680824826
880,1197,3.0,3.8886937159923542
30,892,4.0,2.8191842380878303
716,213,5.0,4.5810993542966845
235,70,5.0,3.803933209238463
291,1042,4.0,3.377266878439249
655,311,3.0,2.903705326323376
387,642,4.0,3.307280034648388
109,31,4.0,3.6322335166583746
484,69,5.0,4.68352599129827
393,7,4.0,2.85225534113796
314,53,1.0,2.992479075146363
845,1394,4.0,2.7637527401683863
532,311,2.0,4.305691195464487
195,558,3.0,3.5875292633387903
89,151,5.0,3.593609322258734
824,243,1.0,2.379818421795208
632,11,4.0,3.7315341059037013
393,412,3.0,2.40221520771332
887,121,5.0,4.634877321448419
682,412,1.0,2.1882401197639463
406,210,5.0,3.661156986578083
795,552,2.0,2.8243537638450382
774,546,1.0,1.7487352874973507
47,304,3.0,3.5984767855301922
514,15,4.0,3.7035989841232344
804,175,4.0,4.1007749934505915
804,1056,4.0,3.715359614086578
21,243,2.0,1.894069199220507
618,778,3.0,2.910873666340203
151,222,5.0,3.5628168605023043
224,583,1.0,2.6930476670557524
283,709,5.0,4.920453926691236
504,185,5.0,4.086954417990098
553,135,4.0,4.093854170591533
846,203,5.0,3.8408838087215336
773,52,3.0,3.59402232274705
385,384,1.0,2.510891223827422
346,720,2.0,2.585868817757131
373,366,4.0,3.8000548512842505
881,474,3.0,3.5622482779229645
537,845,2.0,2.6181709487586415
474,50,5.0,4.730618726168217
293,77,2.0,2.510704807222171
542,435,4.0,3.7864963998890997
262,111,4.0,2.926638385223338
109,1210,3.0,3.3076250798776434
181,1164,3.0,1.080632996084615
847,96,4.0,4.005762171990751
625,640,3.0,2.4526461936499193
246,178,5.0,4.109127038628306
425,24,2.0,2.916750536792452
749,712,3.0,3.533003360165261
586,227,2.0,3.27741425612301
410,754,3.0,3.0975269003866415
332,9,4.0,4.316057009315087
185,47,4.0,3.707732817327291
582,826,3.0,2.772994230335332
130,217,3.0,3.6028885687799326
537,426,1.0,2.760952962074609
295,380,4.0,4.114105330375365
756,151,4.0,3.4893792285501175
749,826,3.0,2.80114507901253
405,657,1.0,3.2322360738612628
622,1407,1.0,2.5358138969930604
425,825,2.0,2.9011791058991587
372,56,4.0,4.805716390598483
338,1124,4.0,3.492117130911417
795,568,3.0,2.9760363803538454
99,694,1.0,3.971166664818106
717,980,4.0,3.824856011847746
470,952,3.0,2.936659823827763
268,153,5.0,3.606757719296516
425,853,4.0,3.244819036710923
457,566,4.0,3.9205330361160855
73,433,4.0,3.4742231223557902
397,665,3.0,2.7681637107656627
466,357,4.0,4.094723118651496
389,1114,2.0,3.502318121615497
328,903,3.0,3.1723490373940755
378,742,4.0,3.564327466928824
65,211,4.0,3.769984842085506
333,98,4.0,4.436627933158139
886,240,3.0,2.7053963713263554
897,673,5.0,3.891623783921796
224,720,4.0,2.7613288075159783
934,526,2.0,3.7516513298370353
181,931,1.0,1.0
839,50,5.0,4.072418183618156
782,322,4.0,2.864702717198435
181,263,1.0,1.0
880,40,2.0,3.062999825881567
505,588,5.0,3.597361937145388
207,433,3.0,3.170559583433763
500,619,3.0,2.7753035674423034
181,360,1.0,1.912689485756075
922,62,3.0,3.0291221416150322
815,735,5.0,3.9461526604002404
782,937,1.0,3.1625878980083075
894,638,3.0,3.840765533986906
551,698,4.0,3.4825503961848496
246,1101,5.0,3.619734041096376
131,275,2.0,4.283971641704059
606,248,5.0,3.9774606936143417
854,191,4.0,3.5780984209442566
889,3,4.0,2.9756539519053953
547,294,1.0,3.0849537602037103
211,303,3.0,3.2859904253365357
883,707,3.0,4.292694642697172
823,228,3.0,4.177191221835409
889,173,5.0,4.009466245954267
293,117,3.0,2.324978111911602
723,164,4.0,3.281739113804908
313,720,2.0,2.731189678002162
87,8,5.0,4.0848885614621855
305,215,2.0,3.285793111181046
588,1411,1.0,3.136710091086411
83,50,3.0,4.556245067553063
81,432,2.0,3.8024708677768624
372,77,5.0,4.193989001563406
409,1512,5.0,3.597092380157721
194,125,2.0,2.873873091404702
745,510,3.0,3.030731218404052
749,191,4.0,4.244802886269849
821,117,3.0,4.378125630054593
552,926,2.0,2.5255257718292867
541,659,5.0,4.276986482134944
682,735,4.0,3.6603766340497104
424,127,4.0,4.085744001617971
854,264,1.0,2.5561461650769495
389,492,5.0,3.9718765397324036
354,208,4.0,3.4277358747449176
527,127,5.0,4.328102248248366
378,302,5.0,4.28934637246807
903,1009,4.0,3.8334703306036175
484,15,5.0,4.19761751047811
62,7,4.0,3.974712768133538
387,692,1.0,2.615789908635866
641,270,3.0,3.914992959704373
164,9,4.0,4.084299679194384
608,204,4.0,3.622832115110566
459,472,5.0,3.3645808114445117
566,122,2.0,2.4218744043154303
398,4,2.0,3.4807198810195326
407,274,3.0,3.080988546568691
144,273,4.0,3.388895944199047
523,582,4.0,4.469766262008091
613,607,4.0,4.387804715755419
416,690,5.0,3.883653073431894
610,317,3.0,4.047822872804083
758,91,4.0,3.8773638121557115
308,58,3.0,3.681165932426878
334,620,2.0,2.8965906698480297
833,506,2.0,3.5527542842990454
70,231,3.0,2.6650922798876793
399,1035,3.0,2.9009379148290266
13,64,5.0,4.398771886969729
534,93,1.0,4.703921888703722
843,708,2.0,2.678636339284955
639,714,2.0,2.625255930715573
663,321,5.0,3.3035227109797938
189,1402,4.0,3.2870162547489885
457,172,5.0,4.764023530054865
640,580,5.0,3.962281232628056
94,356,4.0,3.3915188549435786
504,187,3.0,4.156254931641022
436,288,4.0,3.627344187379338
541,1030,3.0,2.710327821006506
551,168,5.0,4.564811350585707
703,15,5.0,3.8723274133892067
521,228,4.0,3.4283987481259603
510,325,1.0,2.470661111265923
463,689,2.0,2.634399314253218
312,499,4.0,4.339836325875887
533,357,3.0,3.902666090539746
393,794,4.0,3.1632618798504595
642,748,5.0,4.450670939272738
851,1291,2.0,3.4283724258338575
128,507,4.0,4.150306264916067
568,653,4.0,3.4591134360416866
325,1,2.0,3.2852601804211217
345,161,3.0,3.611590730568957
741,280,3.0,3.0378185113527425
545,222,4.0,3.9636240710700754
778,144,4.0,2.9844323879691004
874,137,4.0,3.675108915411879
897,1254,2.0,2.932778953666092
385,1143,4.0,3.3872455846652834
487,43,3.0,3.1861366852407627
425,269,4.0,3.266631983484963
758,412,5.0,2.721651629083476
313,191,5.0,4.299517934836325
11,414,3.0,3.546462144760758
225,1443,4.0,4.099963416354039
849,676,5.0,4.290793228279763
616,339,3.0,3.33996765924303
109,131,1.0,3.6205549996321906
548,164,5.0,4.134810411300435
455,1034,2.0,2.5131492958076556
289,849,4.0,2.27249977672433
896,148,2.0,2.5191515481374327
38,294,5.0,3.6084653104453124
194,385,2.0,2.9930150046261494
385,235,5.0,2.58522508605046
553,131,5.0,4.289741684409539
896,184,3.0,3.06385875700476
940,315,4.0,3.8033147565281444
178,144,4.0,4.465982890870751
482,311,4.0,3.8071952361840653
327,663,4.0,3.694121410252205
601,173,5.0,4.044636379940991
345,150,5.0,4.393630932564101
761,1014,1.0,2.853185925951321
790,1119,4.0,3.5819529545130133
489,989,3.0,3.697258287195924
38,318,3.0,4.841129720502501
279,1496,3.0,3.3251462709153587
923,591,5.0,4.453688189176875
323,215,5.0,3.7251301799347987
376,181,4.0,3.895385358385057
927,541,5.0,3.3872000823009873
416,1286,5.0,3.5468326952499463
268,655,4.0,3.48422985094112
64,196,4.0,3.5920353062429364
271,427,5.0,4.502827413444981
122,511,5.0,4.732294915254546
167,404,3.0,3.580881097889906
580,281,2.0,2.938261729502125
95,510,4.0,3.70297039778601
615,237,4.0,3.7902949026414694
663,25,4.0,3.178621631929464
883,517,4.0,4.254973090727629
189,30,4.0,4.2913300810474215
735,333,4.0,3.2753911094538997
711,272,5.0,4.333175307149308
874,124,4.0,4.185244393309749
796,525,4.0,4.560795592579309
668,596,3.0,3.4091285072926842
533,9,4.0,3.2087542140263703
851,248,4.0,3.6918933717292335
360,14,5.0,4.061103900441409
62,181,4.0,4.114114032720181
579,514,3.0,3.742846768549673
158,745,4.0,3.9036046426869566
119,1052,4.0,2.8170864006107856
275,162,3.0,3.067885252100828
503,277,4.0,3.6953143643323507
710,496,4.0,3.9144488032647966
660,550,2.0,2.566127785272357
42,151,4.0,3.4806505855270817
479,147,3.0,3.3855836119540594
574,887,4.0,3.548763886633201
13,655,5.0,3.356812906501379
593,220,3.0,3.5234485038125163
524,526,3.0,3.823303789878892
244,721,5.0,3.4998961496703522
774,567,1.0,1.3909352486145437
848,132,5.0,4.595230890995742
851,435,4.0,4.2788221800732
198,58,3.0,3.0614454417540253
286,210,5.0,4.252313160979934
608,753,5.0,3.878265010751263
303,379,4.0,2.6918210937934974
271,221,3.0,3.9349295494530603
492,650,2.0,2.8313399346310475
782,1278,4.0,3.058582611093724
864,609,3.0,3.771768275793066
763,357,4.0,4.2365984016310945
894,45,4.0,4.032351842611658
272,201,3.0,3.670084578792322
264,275,5.0,3.9241577559594614
286,278,5.0,3.6201179158560706
190,508,3.0,3.4326936831251698
80,194,3.0,4.190080572662888
916,222,3.0,2.845465726414409
532,495,4.0,4.322974760381491
929,136,3.0,3.985408657065348
178,731,4.0,3.3871538232487355
327,537,4.0,3.3476632070461108
591,172,3.0,4.267875664535237
679,268,4.0,3.3698890476847234
795,429,3.0,3.556049103820032
234,321,2.0,2.52739143835828
698,275,4.0,3.2335948070489646
385,503,3.0,3.277651703525701
268,746,3.0,3.3471517266890327
682,774,4.0,3.1083356423699615
244,287,3.0,3.9834412677071454
387,175,5.0,4.408933962613777
707,194,4.0,3.6427091101924844
216,189,3.0,4.2623291906844445
524,523,4.0,3.7858942268889004
486,288,4.0,3.0594370884535933
395,252,3.0,3.3202243473582347
620,78,4.0,2.9287815280844454
892,64,4.0,4.726094863045089
345,241,4.0,3.747784882239293
593,597,2.0,3.334010544410403
895,1,4.0,4.094349172933972
18,237,3.0,3.9866232726311237
60,151,5.0,3.802640754237768
417,39,3.0,2.9186302513890907
823,721,4.0,3.926285227612633
286,231,3.0,3.3582482617992375
389,47,4.0,3.6471814994111216
298,1142,4.0,4.320381165541641
216,200,5.0,3.894803201509857
236,204,3.0,3.499633232181352
393,808,4.0,3.0569449936660917
704,354,4.0,3.279961305851471
416,1189,5.0,3.8738472024591784
349,696,3.0,3.046018167137358
90,174,5.0,4.933865044400565
828,1466,4.0,3.0176088888596637
286,1239,3.0,2.9059548473485224
279,275,3.0,4.153709295191426
451,322,4.0,2.833117726794108
405,959,1.0,2.893265057625473
718,815,4.0,3.4868921888028552
321,116,3.0,3.6527668056115594
334,134,5.0,4.47274790233328
522,12,5.0,4.68166562910814
889,469,4.0,3.5560810764265494
930,282,4.0,3.025494857532641
215,210,4.0,4.116243468837922
716,603,5.0,4.749408048968727
326,568,4.0,3.2033847129884108
919,287,4.0,3.7151609719296546
344,25,4.0,3.3274164186454978
862,650,4.0,4.127692309605342
153,357,5.0,3.5917040262191122
627,521,2.0,3.405901929820486
901,1120,4.0,3.390592727939257
868,470,1.0,3.201053730427586
267,47,5.0,4.3239974419488245
361,166,4.0,3.7667518123009462
417,217,4.0,3.198544649750554
459,546,1.0,3.27769094400855
152,22,5.0,5.0
625,188,4.0,3.6026747722477945
401,294,1.0,3.062570490532324
160,79,4.0,4.466270980597419
910,100,4.0,3.875196651554963
179,905,4.0,2.960423369697493
379,502,5.0,3.8275154743331417
796,371,5.0,3.2225254940248025
653,163,4.0,2.8876294627200947
746,208,4.0,3.643550127444847
45,284,4.0,3.3283009640096735
766,526,2.0,3.677287241125577
303,578,2.0,3.285444616281573
898,309,5.0,3.3013341620725023
593,866,5.0,3.124652346238807
643,144,4.0,3.8136825106611463
270,747,5.0,4.5069884018939455
474,23,4.0,4.436157998935483
121,237,5.0,3.295199745513345
479,474,5.0,4.253679130526949
532,771,3.0,3.6959072997562545
121,313,5.0,4.124262253119475
912,268,2.0,3.4539760330163665
764,673,4.0,4.026880421191296
387,1537,4.0,3.1960297106618114
34,288,2.0,4.1789148643256535
344,118,3.0,2.60688529344836
482,127,4.0,4.085509046263258
456,697,4.0,3.6821144346232746
260,748,4.0,3.7682314438513367
305,135,3.0,3.4561460354044273
457,114,5.0,4.866340547197658
339,161,3.0,3.460282562705649
18,702,3.0,3.048994588682001
918,190,5.0,3.9606588729374814
614,14,3.0,3.8662871320933183
470,7,3.0,3.5890153364880146
93,934,3.0,2.9045316366975777
407,151,4.0,3.789995927856359
466,173,3.0,4.005104691796096
279,824,4.0,2.874206127411245
401,185,4.0,3.6423390984356745
779,118,5.0,3.601550727031342
184,629,3.0,3.2950438451765165
102,118,3.0,2.902461984045675
313,636,4.0,3.3038414564682284
232,166,4.0,3.9991710219741274
370,427,5.0,4.132366680644094
320,22,5.0,4.709980986132874
299,1021,3.0,4.002052568613404
786,230,4.0,3.634148229476408
867,222,4.0,3.7524385225349666
472,386,5.0,3.64115910709969
826,313,5.0,4.737828786120258
893,412,3.0,2.3616927217208152
757,570,3.0,2.902469101366061
709,431,5.0,3.9268234983630466
705,423,2.0,3.439660260600254
425,187,3.0,4.160983051855924
268,325,3.0,2.513655237662185
215,474,4.0,4.2586741299916415
9,340,4.0,3.8305045078022477
770,742,4.0,4.640510755803788
762,749,1.0,2.738967978915261
437,248,2.0,3.4832707307827047
13,88,4.0,3.666853299833976
373,196,5.0,4.051029064165046
429,45,3.0,4.159848637122708
560,7,3.0,3.8621720571507043
123,127,5.0,4.531872689751852
405,226,2.0,1.5268233264434259
756,742,3.0,3.2758009341157437
276,665,3.0,3.0682990327077717
63,25,4.0,3.1810524113033405
884,198,5.0,3.718879317929956
653,50,5.0,3.9445082260016746
677,288,5.0,3.679900371555961
561,513,3.0,3.9493141842050288
213,294,3.0,3.7887743250046104
188,288,4.0,3.6282134264682675
634,866,3.0,3.15329304677335
896,655,4.0,3.57020052713111
653,223,3.0,2.5926939130191338
817,327,4.0,3.2463033995259134
585,855,3.0,3.9259938936304213
782,908,3.0,2.2091567961504373
758,234,4.0,4.15931459937402
295,1459,5.0,4.373973794619289
655,262,5.0,3.0954909812471203
709,227,2.0,3.4635634680379455
64,64,4.0,4.380531176682648
201,289,2.0,2.261097219905131
291,79,5.0,4.7032506957938285
452,94,1.0,2.8944659341970698
474,651,5.0,4.196237177831236
234,1172,3.0,2.940006812247471
458,275,5.0,3.8326543924971452
927,552,4.0,3.292705815420329
321,1050,3.0,3.2388517803967516
113,303,5.0,4.080483622518647
706,323,4.0,2.869253708741784
92,527,3.0,4.37185031379194
83,233,4.0,3.325468950629721
747,419,5.0,3.9743684533250088
234,172,3.0,3.2230154830070803
868,568,1.0,2.5744336120580873
372,443,4.0,4.415783704038207
95,716,3.0,2.923484117223199
97,1,4.0,4.044505805744078
758,1052,5.0,2.689574048872435
897,443,5.0,4.430181159115063
320,1011,3.0,3.5569618978652917
279,169,5.0,4.269842209374058
291,1012,4.0,4.209319580268324
49,10,3.0,3.447281746410512
738,89,5.0,4.0220656905619405
711,403,4.0,3.429803563419928
524,508,5.0,3.5780661092414543
521,651,3.0,3.4354313679421806
633,581,3.0,2.8030260370808833
574,213,4.0,3.7801102154216006
878,269,4.0,3.983680112553531
727,38,1.0,2.6511036657810534
610,318,5.0,4.529399492513995
592,461,4.0,3.75884665238052
562,684,4.0,3.377498072350518
407,8,5.0,3.574659488366815
938,756,3.0,2.763236366205292
671,327,1.0,3.565231441564313
731,487,4.0,3.6048673819094694
933,227,1.0,2.4581990587165303
805,475,5.0,4.516711859640858
592,345,4.0,4.396056858539039
389,503,3.0,3.7945878373508832
487,92,4.0,3.7604041176411025
932,235,2.0,3.5529909747142328
580,1028,3.0,3.268678518835566
761,1277,1.0,2.8235864851348587
386,181,3.0,4.3070035787990735
145,155,2.0,3.295980801068061
181,148,2.0,1.8668584433079798
618,68,3.0,3.0734577870113675
18,474,4.0,4.367957302586458
672,1190,2.0,3.1206676141177345
399,622,4.0,3.102124275532661
446,302,4.0,3.6973426994182357
848,511,4.0,4.686257366319582
144,262,3.0,3.86056204542377
660,99,2.0,3.058657617116655
892,1091,2.0,3.2232778055915268
303,164,4.0,3.9392609773580625
417,1210,2.0,2.95397114684546
421,234,5.0,3.865903595735763
524,382,3.0,3.451562810583318
290,1091,2.0,2.4142473606017316
18,8,5.0,4.287389581086702
311,785,3.0,3.387366233962511
727,202,4.0,3.6016593405421977
804,615,5.0,4.17384808744056
579,186,3.0,3.7644830063434847
303,1044,3.0,3.280826269006805
161,204,2.0,2.6717013463192827
320,24,3.0,3.6866712116984233
562,806,1.0,3.3938248908703796
10,558,4.0,4.148531020090693
881,49,5.0,3.1766776255073013
738,174,5.0,4.673161110097227
786,684,4.0,3.9341466617154364
23,283,4.0,3.449755164112726
545,393,4.0,3.5580741450705227
608,690,4.0,3.5482989764592516
608,333,4.0,3.5755206513447777
194,79,3.0,3.3904697281936653
339,53,4.0,3.4874300105954266
162,179,3.0,3.629441406327035
650,117,4.0,3.073716972870446
442,226,3.0,3.1648465347156822
867,28,5.0,4.299464318674932
435,125,3.0,3.49930347676214
334,19,4.0,3.93446010293629
804,210,5.0,4.1112203419537945
849,421,5.0,4.530065391938178
543,9,4.0,3.8873046033429386
181,620,2.0,1.700569176906162
889,11,5.0,3.563051333504261
313,231,2.0,2.5204352216685533
801,752,4.0,4.246617254065697
59,433,5.0,3.9233134812989587
563,172,5.0,4.020322789682439
712,462,3.0,3.8950834422761953
159,126,5.0,3.9173207187196533
508,70,4.0,3.8169932287458814
653,492,4.0,2.68196875113976
407,588,4.0,3.6428503356186144
293,240,2.0,2.793357237438047
210,243,2.0,2.5463241429299464
765,507,5.0,4.188209017122116
102,1240,2.0,2.9823290459065745
655,286,3.0,3.3208024221187187
618,276,3.0,3.1829323198881374
916,474,4.0,4.490676669833434
943,581,4.0,2.976536738826153
930,100,3.0,3.5168614270987986
271,509,4.0,3.8817141327311595
301,771,2.0,2.5170060498248668
7,652,3.0,4.337990038931063
561,642,3.0,3.1434970063631087
84,322,3.0,3.50730158482987
116,270,3.0,3.0159864016884486
334,164,3.0,3.5701561197580043
764,77,4.0,3.8119019639861405
737,173,4.0,4.232356393132219
907,173,4.0,4.8582854380381395
805,1033,3.0,2.7313871119153075
141,237,4.0,3.929788599869857
145,1288,4.0,3.108881339501451
901,560,3.0,3.437592299258739
588,172,5.0,3.6963139494899453
62,288,2.0,2.6333309123446074
62,228,3.0,4.04928658078048
444,751,4.0,3.5926775625926033
450,82,3.0,4.327071051093224
389,386,3.0,3.2755504944396794
567,673,3.0,3.5287554759764515
670,232,3.0,3.4516542639045573
756,1074,4.0,2.624747318012284
387,1011,3.0,3.4138884104453786
447,629,3.0,3.1654579785980212
704,519,3.0,4.165166008092497
653,517,1.0,2.850998352323749
198,381,3.0,3.069242176676938
899,423,4.0,3.5064880294681804
927,257,5.0,4.40064133915859
91,326,3.0,2.9807501884965752
244,156,4.0,4.433986853784215
943,56,5.0,3.60354692295353
880,186,4.0,4.342463630753141
843,392,2.0,2.552777197390461
339,97,4.0,4.0333310513788785
199,14,4.0,3.4278330108861415
447,926,3.0,2.6562505411478563
629,234,4.0,3.9555061440978174
694,528,3.0,4.412989651318748
314,15,5.0,4.026343570692875
524,116,4.0,3.0592443638361493
432,295,3.0,3.7401940834023684
655,340,3.0,3.3610932116975647
334,311,4.0,3.418821954127639
747,408,5.0,4.543988174898071
506,660,3.0,3.8442050059194184
244,710,3.0,3.862613953715084
276,157,5.0,3.9818078091273224
327,88,2.0,2.690816543885566
702,258,5.0,3.033434165530869
309,324,3.0,2.920051303934927
37,62,5.0,3.2638285362920203
148,172,5.0,4.037597210824686
417,545,1.0,2.8238650842510373
650,301,2.0,3.1627029356254357
94,97,4.0,3.4646327728509503
332,12,5.0,4.9130957216929065
536,209,2.0,3.92630572505963
698,220,3.0,2.660377197416196
151,100,3.0,4.3834948772983005
70,496,4.0,4.205147748486607
268,21,3.0,2.355102867129549
14,70,1.0,3.861051320609681
690,239,2.0,3.3934127809704147
458,589,4.0,4.278794830208
7,523,4.0,4.1968686005573845
378,793,3.0,3.3876620302783125
297,27,1.0,3.1958645874797
59,208,5.0,4.290274407930668
18,116,5.0,3.6739380257292753
495,1118,5.0,3.803782899217227
396,245,3.0,3.5131459053240754
837,277,2.0,3.533671915517012
297,102,1.0,3.1229917748854032
846,55,5.0,3.5854688155534755
368,441,3.0,2.783163875943803
643,428,4.0,4.345220207487284
62,245,2.0,2.9724425575697406
383,180,5.0,4.2169702002430425
804,1291,3.0,3.235160681172199
116,300,3.0,2.930293444328413
632,176,3.0,3.920096955320617
76,264,3.0,2.7799519633577385
704,432,5.0,3.8389188071135796
773,268,4.0,3.5949744829868395
413,222,4.0,3.731773291951611
374,69,5.0,4.150777303111316
201,210,2.0,3.2375125528046587
8,172,5.0,4.680028722489486
327,1012,2.0,3.5014578711315982
326,44,1.0,2.8282283040356
496,156,3.0,3.861055474970798
296,111,3.0,3.9911103567328583
80,260,1.0,2.7708143762783517
682,809,2.0,3.061017162889686
700,98,3.0,4.17201444891066
293,79,3.0,3.2452876622787743
130,761,3.0,3.626783749986474
524,490,3.0,4.189022548586437
699,762,3.0,2.9542823132268548
730,685,2.0,3.0743293515445904
833,144,4.0,3.1538455992957775
777,286,2.0,3.7681559529359188
311,498,4.0,4.403100587586064
314,158,3.0,3.1875364305923393
375,302,5.0,4.335565235707668
60,498,5.0,4.6389078990128105
579,4,2.0,3.2629937928035386
537,22,2.0,2.8531651238909363
377,200,5.0,3.9465821449169574
828,921,4.0,3.1116462021220848
497,139,3.0,2.9390671293654074
591,516,3.0,3.946044832780786
908,194,3.0,3.635448799455467
198,153,4.0,3.207520074551607
290,683,2.0,2.474782162930793
815,87,5.0,4.086826399388441
59,237,3.0,4.104802005969435
422,590,2.0,2.5064687332435787
308,71,4.0,3.7235702044442656
394,98,5.0,4.75174833047774
62,98,4.0,4.104875661086263
829,410,3.0,2.928390989852644
544,343,2.0,2.5968224782706564
617,868,4.0,2.4408112927847108
56,71,4.0,4.05963550860582
429,514,3.0,3.7751148090910402
339,1110,4.0,3.3336858139986214
617,669,1.0,1.5565405547312847
549,1047,3.0,3.1472656080107173
647,255,4.0,3.5618609913721846
222,1206,2.0,2.44445528211054
363,739,3.0,2.060449178791715
291,184,4.0,3.938019562501093
301,271,4.0,3.814279053771539
118,188,5.0,4.462986333196402
757,1188,3.0,2.806747734363278
891,280,3.0,3.8940254998883694
565,165,4.0,4.83638948259724
308,81,5.0,4.033822632622708
530,470,3.0,3.7612653531319795
243,93,2.0,3.829435962551365
59,371,4.0,3.576731657190435
664,1098,3.0,3.7505818665351827
26,760,1.0,2.540297240913056
830,211,4.0,4.056019708801893
900,9,2.0,2.8931112036285977
864,2,4.0,3.5290350071758096
597,242,4.0,4.155557627087305
22,792,4.0,3.7394814863274046
165,270,4.0,3.593046979034999
483,462,3.0,3.1728477392121905
593,144,4.0,4.076681501458239
299,461,3.0,3.3260878837348096
280,237,3.0,4.1267046081938785
327,176,4.0,3.5840584446903123
200,196,4.0,4.60694970963497
264,672,3.0,2.8950302868166733
405,48,1.0,2.545146470651233
429,961,3.0,3.6051726577815137
215,164,3.0,3.5048229104430204
569,340,4.0,3.1546881601660575
621,804,4.0,3.419792638532187
188,22,5.0,4.2364676424208865
360,144,2.0,3.9888997731085727
293,132,4.0,3.6057758922067715
399,343,2.0,3.103339587048133
456,86,2.0,3.7473828258244524
407,157,2.0,3.534284761257354
707,100,5.0,3.7272038073203055
328,750,4.0,3.6588860792403146
488,173,4.0,3.885823105626873
868,229,3.0,2.117342188838211
151,531,3.0,4.221380279436285
848,523,5.0,4.326204188130633
454,95,2.0,3.4448457801875074
368,7,4.0,3.08542146927342
807,526,5.0,4.207865362471427
708,15,3.0,3.757565323090335
845,904,3.0,3.2092872029411854
658,471,4.0,3.417958115863284
328,194,3.0,4.106980130857251
663,473,3.0,2.9029188752620434
537,523,3.0,3.5770955037954044
323,1012,4.0,3.7123771823183698
92,834,1.0,2.5510763395497236
161,582,1.0,2.3883196731718086
198,568,3.0,2.8076338239806553
650,429,4.0,3.2619347799567127
776,708,5.0,3.5117353215205207
617,320,5.0,2.3738283936698514
843,121,3.0,2.843094017517409
196,173,2.0,4.1357053379390925
37,273,3.0,3.849174502954881
402,410,1.0,3.4239961847535194
487,1,5.0,3.795734076621645
133,750,4.0,3.6212333537401586
123,23,4.0,4.3701644532805215
788,1248,3.0,3.063425955938076
606,1280,2.0,3.513155515755422
151,181,5.0,3.9915913281650446
305,338,3.0,2.420599781881954
889,297,3.0,3.7559669244851066
253,294,4.0,3.4615824087990057
553,191,4.0,4.329083766112511
409,1541,4.0,3.2508655819564343
285,150,5.0,3.9136292632811025
77,268,5.0,3.716184089072841
455,1137,3.0,3.8574799038401952
483,313,2.0,3.6512449948666066
84,15,4.0,4.207337475020606
709,739,3.0,3.738282147565644
579,7,3.0,3.594831157638025
327,709,4.0,3.90778220568772
805,405,3.0,3.086706429931512
786,86,4.0,4.121524797691918
334,301,2.0,2.922631605760282
388,773,3.0,3.488087494260033
222,1419,1.0,2.386287467631914
151,433,3.0,4.108026876360703
556,187,5.0,4.497609676136665
850,490,5.0,4.260564954759706
291,41,4.0,3.5845478913776945
846,739,4.0,3.371485374431778
332,97,5.0,4.510996833710277
388,307,4.0,4.033247633902607
776,134,4.0,4.205967062270008
642,955,3.0,4.492355921328568
622,402,3.0,3.2692120353606424
890,436,3.0,3.6378305455878057
269,640,5.0,2.9033427855039777
6,32,4.0,3.568057296344085
313,155,2.0,2.5441177620782582
417,452,2.0,2.735707149419892
685,299,2.0,2.3365800484984236
469,64,5.0,5.0
806,455,3.0,3.2315297113343484
370,64,4.0,4.1107018817857215
313,582,2.0,3.5984892461935014
303,873,3.0,3.2943939733093517
363,39,4.0,2.813509033072869
882,756,3.0,3.515849542532826
466,909,5.0,3.6428068306963466
59,25,4.0,3.9132426537142693
186,588,4.0,3.8589469625551764
735,288,4.0,3.2114375781672333
52,288,3.0,3.936201262383779
624,255,3.0,3.427418283689732
868,378,2.0,3.0458255045259253
847,367,3.0,3.0800582873735007
675,347,4.0,3.59715720670492
210,97,5.0,4.485722888749237
929,654,3.0,3.734408114369389
631,307,4.0,3.606295889913344
72,382,4.0,3.495396260152664
276,77,3.0,3.422607526302058
459,286,4.0,3.2997840939652763
727,421,5.0,3.002251491367387
75,137,4.0,3.948202631962176
486,327,3.0,3.4456638012651273
882,432,5.0,4.376854847960465
919,1284,3.0,2.9797641859833592
149,310,2.0,2.907902447001465
5,454,1.0,2.491517719878852
548,466,5.0,3.621675781529839
546,977,5.0,3.3751779309122365
87,196,5.0,4.46133519159246
847,1,3.0,3.6567062322061807
579,88,4.0,3.4934208893115772
345,956,4.0,3.958413550284386
327,715,4.0,3.147459693471027
234,1221,4.0,2.752753368965051
854,479,4.0,3.9477357839327287
807,566,4.0,3.9153054948428725
396,472,5.0,3.4719192464255917
719,79,4.0,3.368391592138638
312,740,4.0,3.8970259603318795
436,785,2.0,3.52219222608907
592,881,1.0,2.772064300174401
624,886,4.0,3.1272379651599396
916,2,3.0,2.909423937492668
95,71,5.0,3.9103223840409256
262,567,1.0,2.4592946666153015
606,168,5.0,4.606596092357483
398,235,2.0,2.45710536617157
321,215,3.0,3.37402895184349
686,2,3.0,3.7595270678426305
619,879,4.0,3.485606436497458
932,659,5.0,4.177546358721893
308,275,4.0,3.980955484504101
782,1241,2.0,2.809863180037338
351,751,4.0,4.173904191723543
269,661,4.0,3.529111655171473
93,118,3.0,3.3802804218633704
425,823,3.0,2.372894240198642
524,310,4.0,3.9699686028890224
618,371,3.0,2.7389893867245347
268,182,4.0,3.3795350602179286
324,538,4.0,4.219339359169151
899,740,5.0,3.301745637909923
87,80,4.0,3.281788054249379
825,925,4.0,3.3464447786799996
378,272,4.0,3.9919127435635575
774,135,3.0,2.8159672604648764
930,238,4.0,2.932555343267702
704,604,5.0,3.912968975589496
854,509,4.0,3.640074335660529
704,185,4.0,3.9661062628678145
497,1407,3.0,2.5971784448302055
429,166,5.0,3.749340920599501
255,597,4.0,2.5818225568479467
406,136,4.0,3.8846202621888177
16,182,5.0,4.509451550443865
715,546,4.0,2.650124137405407
465,151,3.0,2.695034430318629
846,705,3.0,3.848998205695946
23,780,1.0,2.9082052979223416
336,785,1.0,3.162253735781732
214,196,4.0,3.5136802903450874
669,56,2.0,3.5920422441802344
846,135,4.0,4.070328597407903
181,1198,1.0,1.7267700381622237
896,392,3.0,3.137857269445856
22,687,1.0,2.118370178337576
396,288,3.0,3.793876260381876
709,230,2.0,3.7386845095705645
379,433,4.0,4.037264455506036
664,57,4.0,4.113873891892671
805,636,4.0,3.0586704825288824
195,46,3.0,3.42327043738563
442,738,3.0,2.8430853562853082
893,172,5.0,4.239793131336257
682,209,3.0,3.65282990292457
234,626,4.0,2.8110448186896706
118,7,5.0,4.941737319643137
756,195,3.0,3.3099314765355725
354,661,4.0,4.3373258907863885
766,606,3.0,3.7945915530774506
838,191,5.0,4.570690557808623
839,319,1.0,3.104837672125493
456,1009,5.0,3.1381698786932115
640,226,5.0,3.7012645614108988
274,88,4.0,3.983723197871066
85,631,4.0,3.3444642174142305
774,22,2.0,2.6949207447557266
67,121,4.0,3.8768430677394634
493,1013,1.0,2.660619305978636
339,133,4.0,4.016239437194409
621,871,3.0,2.8234499122327166
450,702,4.0,3.7135018503241017
648,742,5.0,3.7847336942152077
294,928,3.0,3.5086525537372903
727,271,4.0,2.325847497322264
699,269,4.0,3.5937223030808565
387,76,3.0,3.726387612325201
424,25,4.0,3.222576990543136
269,708,4.0,3.577067984914999
911,197,4.0,3.6826457610046597
738,429,3.0,3.8779684970498276
901,568,5.0,4.342459777092725
566,707,4.0,4.0012239147057365
881,417,2.0,3.1895729806117457
450,969,4.0,4.329432285618071
47,321,4.0,3.2418820997041227
44,71,3.0,3.5449506410430005
487,111,3.0,3.8410839388435036
234,530,4.0,3.4988610742843234
795,319,4.0,2.8322987013980616
443,260,1.0,3.4397303646964486
405,1566,1.0,1.9394328711988769
201,979,2.0,2.8362947533487635
853,678,4.0,2.283086747459889
151,190,4.0,4.473379125481903
347,411,5.0,3.265727103344465
489,243,4.0,3.176020793854126
414,288,5.0,4.027595601910448
378,392,3.0,3.2742400420125897
409,223,4.0,3.7252194451586145
234,385,2.0,2.3992675015496694
450,221,4.0,4.051530106909989
95,591,5.0,3.419836568772894
42,371,4.0,3.6202388027267407
466,260,4.0,2.409633584887126
552,1,3.0,3.953677126787303
94,160,4.0,3.385970232326271
584,230,4.0,3.5148698332438304
109,452,2.0,3.0585772592892373
655,789,3.0,2.98219032287209
561,201,3.0,3.172649308708161
406,123,4.0,3.3041726431130143
455,385,3.0,3.3917688542503344
144,124,4.0,4.265181632148063
435,1061,3.0,3.052367786796114
727,1034,2.0,2.719351725888259
602,880,4.0,3.4573940614799903
296,238,4.0,4.167267946646656
590,6,5.0,3.457080635567206
916,256,3.0,3.6434129118396172
262,447,3.0,3.1838880312971836
661,647,4.0,4.25618494469857
56,930,3.0,3.116669504934136
117,156,4.0,4.486408287490993
804,511,4.0,4.389601385196807
591,435,4.0,3.9001471619462116
650,501,3.0,2.8553925566997864
343,531,5.0,4.403973666900885
189,459,4.0,3.912774182891572
302,333,3.0,2.8300863057138304
666,866,2.0,3.074553852831235
308,755,3.0,3.201299057358484
854,1028,2.0,2.711719215790936
458,127,5.0,4.4110923093504635
394,22,5.0,4.6421000259286895
436,381,4.0,3.6694373586665034
495,232,5.0,3.79792150311305
457,371,4.0,3.805232906987035
417,963,4.0,4.012297158493994
145,358,4.0,3.190872161190376
417,561,3.0,2.990205128411465
916,1217,1.0,2.9424884678524186
238,756,3.0,2.9252490666977464
88,261,5.0,2.4337081932356526
334,1133,4.0,3.0993452716790397
622,418,3.0,3.568251844196311
643,150,5.0,4.340189177915548
454,134,3.0,2.613245314271804
6,480,4.0,4.1172068217621005
738,659,4.0,3.9468173787127743
458,134,5.0,4.56548941968928
252,149,5.0,3.651152929994939
236,532,2.0,3.5288495882999786
84,597,3.0,3.77773045439089
92,200,3.0,3.5688848186069233
848,1101,5.0,4.193057188326686
708,476,3.0,2.8339769853869945
503,197,5.0,4.398524214956526
70,229,3.0,3.149058334328495
561,133,3.0,3.173454161116518
13,868,5.0,3.4737009265206362
561,304,3.0,2.4440164910636195
151,549,4.0,3.6551070247025272
938,405,3.0,3.5758579632946916
236,172,3.0,3.611957234658565
795,550,3.0,2.8086416064193838
393,1221,3.0,3.6142748708657346
942,261,4.0,3.102952704328039
7,676,3.0,3.4975899783572344
307,163,3.0,3.927130986448827
450,735,4.0,4.26536651962804
92,31,4.0,3.54530357790039
620,1,5.0,4.023633279232684
429,1119,3.0,3.3758595670297367
537,190,4.0,3.430118071143639
593,845,3.0,3.6944573187740044
479,181,5.0,4.135517172374887
159,451,5.0,3.5012879006233057
495,228,5.0,4.440115807385725
13,127,5.0,5.0
747,178,5.0,4.570723175744521
886,11,5.0,3.2279366610497946
623,234,4.0,3.8027388474436092
886,419,3.0,3.864631388798797
655,44,2.0,3.0974952790928367
938,1012,5.0,3.3182821853351863
167,615,5.0,3.90039925111815
135,227,3.0,3.429988126058838
472,758,1.0,3.251715018892429
823,156,5.0,4.479365920676397
538,174,4.0,4.202208810534362
334,71,3.0,3.523203471352583
870,22,4.0,3.829890528350113
495,68,5.0,4.123131178621138
262,423,4.0,3.35740392307624
383,663,5.0,4.14499761431291
380,86,4.0,3.492912904765562
671,23,4.0,3.8466077855301535
234,478,3.0,3.4527905164008934
201,1069,2.0,2.9861331099403827
559,4,4.0,3.163406813888061
181,758,1.0,1.0
56,794,3.0,3.7028054511814044
780,187,5.0,3.900288460609841
497,1042,3.0,3.017983260659321
505,182,1.0,3.4021905109005663
870,810,3.0,2.534775267895507
303,1153,3.0,3.5903209043112065
868,1098,5.0,3.480421238833242
303,186,4.0,4.063086299355358
201,47,4.0,3.4075456091295186
416,184,4.0,3.6627061385380237
246,219,5.0,3.0492850840514207
909,224,5.0,4.520639040953815
407,173,5.0,3.8566440017746695
137,300,5.0,4.497894272764611
43,17,3.0,3.6389681420145275
318,237,5.0,3.502693793705257
885,1,5.0,3.5346955636260056
758,384,5.0,2.883441323300704
10,275,4.0,4.624997027022875
499,486,3.0,3.589958888854842
933,163,2.0,2.706480507897757
305,204,2.0,3.467287078435346
370,608,4.0,3.795866130895083
405,451,5.0,2.728421699936035
940,316,4.0,4.106752898574671
372,200,5.0,4.435551001497117
128,15,4.0,3.5789783599250953
18,199,3.0,4.338915778699691
109,202,5.0,3.9540842216869945
837,1047,1.0,2.8419126081174086
387,744,3.0,3.4961533035839802
655,291,3.0,2.6408941833162665
758,177,5.0,4.2556937640049854
94,153,5.0,4.041325850040222
840,566,5.0,3.6074198666612913
608,956,3.0,3.365219878649583
130,109,3.0,4.027079230917788
686,204,4.0,4.322557266876571
329,483,4.0,4.238671315007603
378,1134,4.0,3.3640036952248176
900,121,2.0,1.9248028634573016
594,237,3.0,3.285357383783945
843,1135,3.0,2.3254013040880586
389,490,3.0,4.059876900996216
655,1245,3.0,2.8721049683109015
234,699,3.0,3.203576769506995
92,173,3.0,4.742893324128459
519,299,5.0,4.046183006603627
301,111,1.0,3.7360161921978925
435,22,4.0,3.886624327505548
815,527,5.0,4.203873817892084
806,1059,3.0,2.7318097437271622
435,1291,1.0,2.92607043991756
207,475,2.0,3.1915219198499805
617,653,4.0,3.1315066371758933
812,288,4.0,3.8038131897884693
321,510,5.0,3.6667981120174633
406,203,4.0,3.1644019057971913
880,376,3.0,3.3018359683034904
497,62,4.0,3.05454368542211
904,300,4.0,3.9437463025871473
899,229,2.0,3.036679093885516
26,508,3.0,3.2417422906344986
854,1197,3.0,3.3675514436516814
741,234,4.0,3.6291579229031288
308,123,3.0,3.34378861473675
435,778,4.0,3.4609932434953437
299,94,1.0,2.7339533674303453
343,191,5.0,5.0
14,920,4.0,3.2770534479200077
85,132,5.0,4.086721670197569
694,496,4.0,4.604145441580582
553,611,5.0,4.502524293998706
382,177,4.0,3.7359921830637175
532,898,4.0,3.8694850271491426
480,190,5.0,3.955913252741535
487,501,4.0,3.9655265676693516
389,923,5.0,4.174602749042894
189,274,4.0,3.360816866426697
396,1399,3.0,3.321009830128255
467,288,4.0,3.1884843869419712
209,333,2.0,2.989467811638397
286,16,3.0,3.6081765648641437
716,58,5.0,3.9228189630725563
331,1194,3.0,3.946515054136962
533,77,4.0,3.5378001531410526
682,276,3.0,3.5292932942612367
342,169,5.0,4.251026858415762
796,607,4.0,3.413694307242244
468,71,5.0,3.7438592982184815
38,717,1.0,3.3553346628772394
72,654,4.0,4.359641495542085
399,28,2.0,3.250853952843336
60,234,4.0,3.996190933239602
701,285,5.0,4.609902641963833
424,538,5.0,3.143691309278392
296,632,5.0,4.10030777947631
932,1149,4.0,4.255924142738123
721,264,1.0,2.91023942788467
694,1221,3.0,3.706051774935586
623,66,4.0,3.519988801487171
56,210,5.0,4.2327446518926894
158,431,5.0,3.7113436955359793
268,402,1.0,3.153021171990151
738,169,5.0,4.177974236016017
603,22,4.0,4.334484973350694
305,144,2.0,2.8852025513842623
573,162,4.0,3.536749694955258
881,4,3.0,3.1734805143446545
561,11,4.0,2.922047671598188
389,142,3.0,3.109248065212261
392,298,1.0,4.1879092612304545
128,132,3.0,3.9649039936220487
694,836,4.0,3.7508419091715597
622,227,3.0,3.090561187547283
363,116,4.0,3.450977334743415
388,117,5.0,4.354963424065231
233,223,4.0,4.760224738034468
472,417,4.0,4.242496381659375
41,238,5.0,3.9493099164686742
553,1451,4.0,3.694550356515557
269,188,2.0,3.5413403808908885
663,1011,3.0,3.286136488641365
682,147,1.0,3.244350093206636
834,342,2.0,2.9594478558066664
383,286,5.0,4.159549774585075
292,665,3.0,3.6768811419889045
590,1061,2.0,2.7868312265749013
655,270,4.0,2.929788893893619
671,144,4.0,3.8384169292668897
660,24,3.0,2.818116872017443
654,111,4.0,3.6714246972998015
503,443,5.0,4.291774465113022
552,591,3.0,3.626581254711675
405,728,4.0,1.6198855142206399
296,282,4.0,4.472753597578529
551,1135,5.0,3.4877401492860463
497,222,3.0,3.553643666023371
327,718,4.0,3.2988699201960556
861,292,4.0,3.5415706737784105
630,412,1.0,2.265736902133323
181,1034,1.0,1.1457189004845223
106,526,4.0,4.049870746557533
184,88,3.0,3.4758236017668436
244,553,5.0,3.6106251971713426
749,94,5.0,3.184384161996683
374,97,5.0,3.6960418947226956
585,113,3.0,3.7445684822112346
912,474,3.0,4.046247482200082
500,93,4.0,3.7541805577188794
536,283,3.0,3.989490954451188
311,62,3.0,3.469803549970454
276,1239,1.0,2.70182931396735
825,1015,2.0,3.486142666467302
151,203,3.0,4.084977038569611
554,121,4.0,3.469926262362952
432,871,2.0,2.8838160046936063
862,222,5.0,4.422247252162948
267,55,4.0,4.202858183133072
334,606,5.0,4.152986832332262
469,607,5.0,4.441739861076578
694,491,3.0,3.9170650025157427
780,427,3.0,4.043029316161052
461,121,2.0,2.776671809865139
381,100,4.0,4.727670868872281
748,83,3.0,4.011814673813999
600,62,4.0,2.943517416437541
795,209,5.0,4.096414442874158
234,523,4.0,3.777375695250355
49,652,5.0,3.5588448883624264
127,229,5.0,3.6506805162207554
230,673,3.0,3.637256104375097
757,350,3.0,3.0766837542230365
854,144,3.0,3.2423306835398327
276,73,3.0,3.5851566992764
714,291,3.0,3.3592288958398258
529,269,3.0,4.08449826242596
393,369,3.0,2.675097871849195
668,333,3.0,3.417274205047104
605,302,4.0,4.336573242915054
437,47,4.0,3.912536180273503
796,1049,4.0,2.789485837388029
567,50,1.0,3.695350753026804
730,322,1.0,2.6917939004801137
83,322,3.0,3.0479221928310407
474,170,4.0,4.113696676969894
552,873,3.0,2.9081111185452104
593,98,5.0,4.323329873864901
886,174,5.0,4.326828317335299
378,255,4.0,3.2856323156886837
783,881,4.0,3.5526277544887415
682,291,1.0,2.832066825638121
747,154,3.0,4.249609678731931
361,218,3.0,3.3750690691632306
502,683,3.0,2.815428796073124
566,137,5.0,4.08509302010738
128,172,3.0,4.314759400361951
285,269,4.0,4.074128112883746
830,2,3.0,3.5142933471909257
268,176,5.0,3.538241271979733
78,301,5.0,3.257756277200412
586,17,5.0,3.2222114812679257
102,208,4.0,2.9047320772959386
114,646,4.0,3.785242880298311
561,526,3.0,3.528901973040601
59,448,4.0,3.446635791583219
233,249,5.0,3.5615963484072646
210,523,4.0,4.475913840180217
35,264,2.0,2.7619065488483723
682,157,4.0,3.6601478719348783
201,238,3.0,3.9169005006084556
655,51,2.0,2.6785633820379453
373,1006,2.0,3.374563351050711
42,135,4.0,3.134153794552076
864,94,4.0,3.6138529086631435
334,155,2.0,2.507296304600182
15,924,3.0,2.7751161272372338
756,739,4.0,2.6445956975947364
60,128,3.0,3.9464548548731355
311,479,5.0,4.08337341387911
823,97,5.0,4.403638500355355
601,1540,2.0,2.725150407005133
610,607,5.0,4.06322025036549
648,89,4.0,3.7818663313149155
707,602,4.0,3.2831912414996745
907,619,2.0,4.4687611720783105
119,274,4.0,4.357677023584733
880,22,4.0,4.461435368136088
524,928,4.0,2.7616365622017347
207,82,3.0,3.7695174402986598
118,559,4.0,4.223155182623093
302,266,2.0,2.271417435429834
84,284,3.0,3.7057518587423774
195,59,3.0,3.7132302563135773
601,127,4.0,3.959365422995073
130,33,5.0,4.02320934906102
269,208,2.0,3.6022055318909385
363,849,2.0,2.2625609058974474
671,742,5.0,3.6118597601809634
235,523,5.0,4.002073238087918
87,157,3.0,4.047950223485097
660,100,3.0,3.200615735695153
537,1451,3.0,2.6613977652222083
94,546,3.0,2.4502933266686218
347,432,4.0,3.1521715174474156
121,172,5.0,3.8982849133752766
734,465,4.0,3.2607392583100405
718,597,5.0,3.4668127852040325
712,794,4.0,3.5630447375284717
154,919,4.0,3.863539074415904
143,328,4.0,3.6403986287016457
382,252,2.0,2.2524160332677496
554,576,4.0,3.1682346851342174
695,302,4.0,4.150451392314813
393,672,3.0,2.930404526465576
234,617,3.0,3.207216968616818
234,95,3.0,3.083974139288604
311,527,4.0,3.9757060205832704
603,449,4.0,3.4098502983254315
183,380,4.0,3.217593238689267
690,554,3.0,2.5647563098170916
796,217,4.0,2.91654968017969
334,238,4.0,3.901018363776822
882,1,5.0,4.238366573987402
268,333,4.0,3.021483654015879
177,276,5.0,3.6887673636886382
262,50,2.0,3.752525876457512
524,815,3.0,3.18056150575935
1,143,1.0,3.654905129785832
815,240,2.0,2.008627225923441
276,313,5.0,4.411358378324715
115,9,5.0,4.537286328570491
666,172,3.0,4.069899514424321
616,347,4.0,3.8150500699455994
449,9,4.0,4.4347495056196715
624,1120,4.0,3.271934297161146
416,658,5.0,4.2306012288222075
863,340,3.0,3.229806126100632
234,735,3.0,3.196219022403376
450,58,3.0,3.893316958921901
437,182,2.0,4.026966125754044
932,478,4.0,4.480004284901992
505,96,4.0,3.2696222374329587
357,280,5.0,4.246824567413174
833,655,2.0,3.1397496235905553
450,546,4.0,3.5612246270528063
327,327,3.0,2.9353734015928823
793,148,4.0,3.0653286046200194
70,99,4.0,3.9641619924834237
799,319,4.0,3.2943683562911508
593,237,4.0,4.061779505726653
409,168,5.0,4.21526122480788
297,257,3.0,3.173884037271466
374,620,3.0,2.612308508863855
150,14,4.0,4.407017315711277
828,288,3.0,2.9816937979074174
247,259,3.0,2.798649980973626
727,380,3.0,3.45462919256593
83,527,4.0,3.9442096088108713
103,96,4.0,3.80986337693817
506,203,4.0,4.078277622002956
450,89,5.0,4.219755889708765
62,875,4.0,2.2910898500850014
401,553,5.0,3.0504772043049684
269,505,3.0,3.6223117971357155
13,508,3.0,3.4416529985820765
388,53,5.0,3.3794220840847995
666,489,4.0,4.2604408023653395
373,259,5.0,2.675198696295249
403,123,3.0,3.5163793555602827
89,216,5.0,4.2471294826825465
790,108,3.0,2.8691719662471535
393,932,3.0,2.8692769550236017
624,534,3.0,3.609709134985154
216,122,5.0,2.610060568463125
11,738,3.0,2.821995682292407
416,369,2.0,2.9779778941145496
328,1139,1.0,2.422300806293325
870,50,3.0,4.237234827033074
454,371,3.0,2.8854876161257232
325,134,4.0,3.9315917351441922
305,79,3.0,3.3742361595652253
145,750,4.0,3.7606568735429975
727,820,2.0,2.3877428752105936
279,61,4.0,3.8515256149784087
738,141,3.0,3.564510484132407
695,305,3.0,3.57357694839075
707,504,1.0,3.603380082642199
894,312,3.0,3.133325835573461
656,689,2.0,2.302797760572449
890,98,4.0,4.763905684530818
466,684,4.0,3.5479613443703384
389,58,4.0,3.924545735013672
291,825,4.0,3.386065147111294
748,50,5.0,4.127045689421456
721,260,3.0,2.936456902200394
180,83,5.0,4.091412859063289
444,50,5.0,4.472572781768094
870,52,2.0,3.432190371727576
265,472,3.0,3.118649957234498
707,1251,4.0,3.4860689356433086
477,237,4.0,4.98219442441073
327,431,3.0,2.8124274597236067
373,732,3.0,3.9969622048243605
829,116,4.0,3.579376184990043
299,213,5.0,3.869067428446321
405,561,1.0,1.9469636150842373
846,87,4.0,4.021067670808781
82,208,3.0,3.560350490117874
846,91,4.0,3.9280815829316076
276,125,4.0,3.608182461946603
405,1518,2.0,1.0
929,419,4.0,3.425651909594349
85,1166,4.0,3.089995649810496
862,930,5.0,3.4438562306773903
868,211,3.0,3.911981804738395
416,915,5.0,3.970855898680168
332,568,4.0,4.723092606796639
221,1017,4.0,3.1658161072045465
798,270,4.0,3.726315800157697
457,708,4.0,3.9624668261346496
432,181,5.0,3.8854247300133604
751,917,2.0,3.367030269176421
774,1028,2.0,1.6739018757486863
210,210,5.0,4.437829943440372
749,117,4.0,3.677371879454432
293,632,3.0,3.4540103891571046
892,615,5.0,4.5986316509296845
813,538,3.0,3.077544275299841
905,294,3.0,2.9724363729191166
308,848,4.0,3.583900086937286
162,358,3.0,2.688973300616551
650,7,4.0,3.466166774243741
875,23,5.0,4.3170192724681336
343,387,4.0,3.8541947333728475
175,183,4.0,3.6396568770622126
655,629,3.0,2.412425862981551
865,111,1.0,2.624283552820793
256,1033,4.0,3.8180044546480585
276,931,2.0,2.4454036984485508
626,270,2.0,2.368502582043459
506,945,4.0,3.7005109051604292
865,685,3.0,2.0029504662880004
840,474,5.0,4.766861014800192
389,38,2.0,2.8417107633798784
889,881,3.0,2.6556095395030224
573,480,4.0,4.359845462718921
128,427,5.0,3.9947674566505245
659,482,4.0,3.954484818458532
463,242,2.0,3.5296671202017014
886,12,5.0,4.151237111927206
451,324,4.0,2.6436285900766827
114,89,5.0,3.9226522947139655
843,152,2.0,2.6023819074029975
144,313,5.0,4.020397495808033
535,612,4.0,3.7824584591560737
453,871,1.0,2.5185537496377863
721,1065,5.0,3.245869663570268
826,294,4.0,3.6574953863091544
592,1097,4.0,3.7985555148230197
495,135,3.0,4.69478817838047
472,193,5.0,4.818475830147245
296,48,5.0,4.2856070591196165
325,530,4.0,3.8946411993135435
917,535,4.0,3.2637114533104543
391,148,3.0,3.008803056063081
606,127,4.0,4.914619121187609
387,746,1.0,3.2341440684937623
593,293,1.0,3.8740031472552223
334,655,4.0,3.7450762104501676
98,523,5.0,3.959515263981042
763,609,4.0,3.752828206066594
479,131,3.0,3.753903390201335
490,93,4.0,3.0905376264688433
846,602,4.0,3.8385310763593345
703,864,2.0,3.466799102174492
234,91,5.0,3.1065758362905456
889,144,4.0,3.818311340133069
710,330,3.0,2.923308009909017
13,433,4.0,3.6870245942308055
693,520,2.0,3.622120547890021
593,274,3.0,3.7602073793116855
59,595,3.0,3.206530276599961
254,219,1.0,3.0368233971330145
577,281,3.0,3.6284478106593516
200,1049,3.0,3.1830557262600205
405,418,5.0,1.7710242731268502
504,705,4.0,4.117099449626777
634,595,4.0,3.0160016859741474
328,433,2.0,3.3531565735095414
835,287,4.0,3.8285806710718235
712,42,1.0,3.8115504527042265
524,275,3.0,3.880122703566574
639,286,4.0,3.056446896575428
897,871,3.0,3.264264697725007
311,161,4.0,3.877988662688531
780,515,3.0,4.183974703403018
416,103,3.0,3.335116507390482
82,151,2.0,3.0950079816924396
450,633,5.0,4.084478639708959
419,705,5.0,3.9673320943490764
20,323,4.0,2.8975214031878407
456,1198,4.0,3.453538319238828
378,1221,3.0,3.386503291228968
436,400,3.0,3.0695893860004846
447,1046,3.0,3.2411730104742498
757,426,3.0,3.180266268910892
484,186,4.0,4.455802587928646
174,871,1.0,2.2543116814315423
249,191,4.0,4.558325192680683
315,12,5.0,4.595268077578237
1,88,4.0,3.266337838533032
676,962,4.0,2.98943655395761
56,405,4.0,3.8274839411685435
437,11,1.0,3.7003104521584835
271,506,4.0,3.8760901268126338
908,185,4.0,3.9225338017065736
936,1023,2.0,3.1662586216235318
618,723,3.0,2.731586403488079
650,1039,3.0,3.351593434198199
579,111,4.0,3.4866554703151373
223,173,5.0,3.7141961773625285
535,566,3.0,3.5934931093351583
334,1073,4.0,3.665926141055056
860,4,4.0,3.153839866828921
838,143,5.0,3.9360977140947884
889,250,4.0,3.3800858045114723
107,259,2.0,2.5110755440291603
222,186,5.0,3.812820921612773
399,127,2.0,3.422139899009318
85,70,4.0,3.483454397203724
437,955,4.0,2.93262442348282
299,606,4.0,3.6062778985615793
416,734,3.0,3.0286306204740474
332,284,5.0,4.151973967421707
372,441,4.0,3.704193610915713
393,805,2.0,3.4736810074017677
313,183,5.0,4.106501363203818
275,169,3.0,3.899628411443447
543,147,4.0,3.185131287954024
257,113,4.0,4.252759498923327
275,825,2.0,2.673479757666218
37,161,5.0,3.4751528699533805
501,124,4.0,4.386496635332495
480,249,1.0,3.2103286938800673
766,436,4.0,3.3853888009475
130,305,4.0,4.724435628433364
830,424,1.0,2.023251204818338
896,128,4.0,2.7992813588750427
708,405,4.0,3.7143736749920575
241,270,3.0,3.4200419459744076
303,50,5.0,4.8123792534304055
889,39,2.0,3.3696496350398357
130,472,4.0,3.703732515571159
663,7,4.0,3.9409682086532074
795,655,3.0,3.430827206269177
515,687,3.0,1.747875215154859
484,1016,4.0,3.8496099802615036
526,243,1.0,1.9569186460559043
518,696,5.0,3.2230784842950864
334,1172,3.0,3.4712036066750294
389,8,4.0,4.004688660762422
167,83,5.0,4.026212681985932
801,343,4.0,4.300687756474367
666,182,4.0,4.191495025447868
747,3,2.0,3.337342755175726
451,288,5.0,2.7746324545337613
878,111,4.0,3.3733339848390207
807,94,2.0,3.938981424110054
49,413,1.0,2.058045226319057
828,381,3.0,3.1232337046678382
546,313,2.0,4.914400002413832
704,607,4.0,3.9903260483061476
468,117,2.0,4.063287144902886
306,756,3.0,3.0638293801904797
588,1091,4.0,2.698264222917445
393,73,4.0,3.600416607264115
328,157,5.0,3.303510633721156
475,316,5.0,3.9175727105061355
145,761,4.0,2.537930917112032
763,83,3.0,4.112908404384583
631,323,2.0,3.002619234809347
299,26,4.0,3.4666219318746365
778,204,4.0,2.9734283325328703
840,185,5.0,4.522079110669004
480,603,4.0,4.050362347847669
489,898,3.0,3.5828048693485184
716,64,5.0,4.862191340491266
838,70,4.0,3.808781504342366
409,965,2.0,3.384617545829838
738,496,4.0,4.129965278682593
271,242,4.0,3.8010852444773997
601,483,4.0,4.228292367668245
61,690,2.0,3.131351546887259
101,282,3.0,3.846973883984653
172,177,4.0,3.2512705735157037
161,174,2.0,2.8024677849083948
435,254,3.0,2.313258062161829
471,172,4.0,3.9170172926703493
870,124,4.0,3.902373297561764
890,121,2.0,2.428805437229204
32,222,3.0,3.446691007667548
374,7,1.0,3.6252530274351553
862,831,3.0,3.342117882705628
201,1153,2.0,3.1115204497425224
60,405,4.0,3.6467831511810878
344,251,5.0,4.319858415684603
574,310,4.0,3.3794126340040593
582,932,2.0,3.0048617567176765
338,479,5.0,4.053949174495287
731,378,1.0,3.7879590946316783
804,1222,3.0,3.084083347972861
561,675,3.0,3.0464114852349304
795,201,4.0,3.129217563323351
913,203,4.0,3.3152311388651188
90,300,3.0,3.9222423832887703
42,88,5.0,3.9835645120762293
666,646,3.0,4.16447787554038
642,585,5.0,3.0972758086561405
667,1101,3.0,4.084051993414451
458,21,2.0,2.7670862930885023
682,708,3.0,3.2648618315397675
13,463,5.0,3.93325919319375
181,458,3.0,1.7701548140791177
347,240,5.0,2.816952143823297
62,232,3.0,2.9936450885324395
113,246,5.0,4.174266828092589
586,470,4.0,3.3183854424483763
937,515,5.0,4.275981419128127
398,414,3.0,3.4560320058709157
41,209,4.0,4.014939152050908
889,514,1.0,3.806134561818688
279,1411,3.0,3.105650659325378
423,299,3.0,3.0928163897134686
532,335,3.0,3.4145936341804655
932,576,2.0,3.062182678467466
907,685,5.0,4.698611075656889
242,111,4.0,4.211211268693888
441,683,2.0,2.860274143926333
640,204,5.0,4.221298717649266
15,283,4.0,3.026721843768987
655,1445,3.0,2.891539109421935
660,826,3.0,1.879959143285114
251,248,4.0,4.054023293845108
66,877,1.0,2.587894053328867
699,1010,3.0,3.4208633293714725
145,281,4.0,2.90170009155992
640,47,4.0,4.140609647926172
445,221,1.0,2.3166633473179354
29,332,4.0,3.486292577207872
554,294,3.0,3.1738720264114146
60,433,4.0,3.9226212369185776
717,271,2.0,3.43561406234123
562,231,1.0,2.8083219615345043
711,660,5.0,4.238189346434023
5,1,4.0,3.6032747061771224
842,886,4.0,3.3361593008302086
504,258,5.0,4.15030484453844
564,597,4.0,3.2784968762134548
308,1169,5.0,3.88285690666023
79,100,5.0,4.537589056421801
883,856,5.0,4.118912953234802
305,257,2.0,3.1380876795930535
215,234,4.0,3.941984443715578
363,68,2.0,2.969110959458069
629,4,3.0,4.191166559851943
57,240,2.0,2.7257181661968137
484,202,5.0,4.150328606093985
237,357,4.0,4.3244699503601005
828,170,3.0,3.508228487596787
579,83,5.0,4.000681441639062
259,294,3.0,3.7470304837736257
330,419,5.0,4.450810189047286
318,105,1.0,2.83458608281894
315,93,5.0,3.913816933821299
843,217,4.0,2.631839352861922
896,562,2.0,2.8338485393125454
500,1135,3.0,2.776247044819952
922,174,5.0,4.041869040256523
222,1041,3.0,3.0822257825235018
82,482,4.0,3.656050654113094
782,752,4.0,2.836210047508136
238,151,2.0,3.98953362987726
767,478,4.0,4.856361439527973
42,210,5.0,4.675130344109144
429,218,3.0,3.4611013184648742
20,405,3.0,3.032875845362233
337,106,2.0,3.0794436271370276
666,248,3.0,3.5417349574817587
478,975,4.0,2.8182132024650635
868,405,1.0,2.1263988892821093
189,255,2.0,3.303831651037392
499,207,5.0,3.9239622852945812
885,418,4.0,3.329753365772519
95,176,3.0,3.789145065503934
535,435,5.0,4.169635512541039
222,231,2.0,2.529889671604562
292,855,5.0,4.2656561386791605
655,1644,1.0,2.6695437422866384
69,475,3.0,4.258341348089983
385,661,4.0,3.6656517371678823
618,433,2.0,3.3861831502551074
490,987,3.0,2.6090263157583538
792,24,3.0,3.5260521357302332
68,237,5.0,2.811187473353457
690,294,3.0,3.025033547131868
846,673,4.0,4.042616426821549
90,223,4.0,4.774345229834921
922,249,3.0,3.1924364750241323
642,49,4.0,3.7864846516523385
244,232,4.0,3.55526617985222
528,213,4.0,3.884055635400519
16,204,5.0,4.660865253488011
788,670,3.0,3.027139766515806
650,232,3.0,2.879463685226114
62,174,4.0,4.368460213035657
334,640,4.0,3.2156268046583647
269,642,3.0,3.0242703465742595
837,717,1.0,2.6219531801139495
295,67,4.0,3.9492711427687235
638,121,4.0,3.3986317029548676
588,8,5.0,4.533077259060416
311,436,3.0,4.019796045240501
407,388,2.0,2.334763881196488
296,281,2.0,3.4602237418931563
290,588,4.0,3.597184749479325
5,433,5.0,3.8006754050462583
592,324,4.0,4.173615170662915
707,902,5.0,3.5376029884702342
453,401,3.0,2.472259694222857
653,153,2.0,2.8333665963092978
711,710,4.0,3.469789655861727
796,77,5.0,3.850829378964309
387,408,4.0,4.331863205683471
459,300,4.0,3.9254419703543313
917,471,4.0,3.625238671002715
7,502,5.0,4.352956886792254
406,451,2.0,2.7791456458532133
141,118,5.0,3.7336808828908046
385,455,4.0,2.649119030958535
445,1598,1.0,2.0122752268671626
87,514,4.0,4.429355578814985
140,880,4.0,3.4497287476276806
804,632,3.0,3.9390981192261028
192,1160,4.0,3.392748429850045
38,252,5.0,3.6876998014086992
178,288,5.0,3.8339176104814032
311,443,3.0,3.6402503551095573
749,755,4.0,3.4974358558685266
43,699,4.0,4.088699806450675
654,181,3.0,4.442652512368885
201,57,4.0,3.6046886683949158
716,141,4.0,3.8419338041640074
943,526,4.0,4.2795903503480694
181,1368,1.0,2.1771025304660685
718,282,5.0,3.7614850517018263
216,93,4.0,4.061474654436965
378,323,3.0,2.6733090225833385
178,117,4.0,4.586592104082897
661,573,3.0,3.580614043442858
293,657,4.0,3.983609087857183
94,572,3.0,3.1128174722260797
359,313,5.0,4.424979932624161
880,755,3.0,3.297100980728417
819,862,2.0,3.115692765547887
87,273,3.0,3.6838527883104897
6,514,5.0,3.6408647345677925
480,298,2.0,3.2925488441334725
347,943,4.0,3.343442976748608
618,210,3.0,4.01910644233352
940,151,3.0,3.473601462657847
682,1305,3.0,3.18726183050888
399,235,4.0,1.7300115935381084
493,59,5.0,4.0683487033784616
402,100,5.0,4.614900776738449
559,233,3.0,3.247011981158589
757,53,3.0,2.976426414207801
313,479,5.0,4.1126696496235216
194,540,1.0,2.2064571603637053
378,756,3.0,2.734397227659273
342,320,5.0,3.4282293201576364
7,404,5.0,4.610799199666854
7,640,3.0,4.044241719629375
782,879,3.0,2.6490481639179775
924,1400,4.0,3.294204488886325
56,181,5.0,4.560572833943757
710,134,5.0,3.857725400483664
393,250,4.0,3.0366291890942043
301,384,5.0,3.0783775123569757
9,286,5.0,3.760087677213133
887,655,1.0,4.512133537827847
490,224,2.0,3.26055161130296
881,216,4.0,3.9881115995772976
812,261,1.0,2.6896453558049096
804,972,3.0,3.4720143542382758
7,446,2.0,3.323415102165238
239,483,5.0,5.0
627,649,4.0,3.1189761308944934
279,652,4.0,3.6517020033625163
43,283,2.0,3.6470994525755596
52,1085,4.0,3.6758625536371174
534,276,5.0,4.559664989012573
749,100,3.0,4.792010783233803
293,156,4.0,4.14110664486876
659,647,3.0,3.929398227947483
236,79,4.0,3.9756701084262245
312,588,5.0,4.047210522341412
844,294,2.0,3.1151983556782166
192,277,3.0,3.287697080554888
592,236,3.0,4.2577608181598325
360,405,3.0,3.304443178526809
393,342,5.0,2.7663896532618946
498,9,2.0,3.6243660867407024
184,161,2.0,3.197833604663308
201,137,4.0,3.3036504948252152
683,346,4.0,3.2884497110598008
374,1049,1.0,2.266505883279926
49,462,2.0,3.723321990126493
867,286,5.0,3.716077224546331
342,974,2.0,2.8102975782945574
343,88,4.0,3.366310156703323
358,59,4.0,3.8525084121054416
450,650,4.0,3.8783203001951345
100,892,2.0,2.2989277088193427
305,183,4.0,3.905535689765522
405,174,5.0,4.375332000514117
631,877,2.0,2.4674019887734175
660,196,4.0,2.897413327205099
158,684,3.0,3.9038532556771
620,225,3.0,3.2716220442031148
267,62,3.0,3.2557058275565045
207,205,4.0,3.746318085023283
806,504,4.0,3.6454538849488385
923,248,4.0,4.405906063888366
208,194,5.0,4.332687099664997
931,111,3.0,3.717543976124818
181,1026,1.0,1.5511819431447016
815,496,5.0,4.294369399276415
454,144,4.0,3.34883749005367
879,111,4.0,3.293125758047979
577,237,4.0,4.182253675396869
567,168,5.0,4.164134196790934
234,268,2.0,3.11453428508935
456,72,1.0,3.010050774364834
843,95,2.0,3.2824085853966314
796,775,2.0,2.9883488410899153
276,541,3.0,2.8054281480296743
345,289,3.0,3.0205726989218746
244,471,1.0,3.3766360146675396
56,183,5.0,4.090810273603743
119,1086,4.0,4.118675453778239
655,111,2.0,3.1316560788051606
13,875,1.0,2.490806205718858
889,482,4.0,3.8031992738973255
868,1076,1.0,2.362995321423175
313,63,4.0,2.965014236465138
621,2,3.0,3.7104955285491115
128,966,4.0,3.8597312917964555
943,97,2.0,3.8022205662305533
160,59,4.0,4.370372502597055
642,82,5.0,4.065657532540389
303,748,2.0,2.177144198744089
125,709,3.0,3.8496081260151094
116,872,3.0,2.8032972122780375
537,79,3.0,2.717541588127605
788,1478,3.0,2.7257513322067255
686,28,4.0,4.586196722871843
244,31,4.0,3.5786213195974055
807,265,5.0,4.34695011947576
256,276,3.0,3.466612265902289
181,926,1.0,1.3442908117126793
8,457,1.0,2.6817140856442325
417,255,3.0,3.658611683463809
601,98,3.0,4.252049640633454
454,118,4.0,2.741906388255845
327,182,4.0,3.8743647052215207
532,1162,2.0,3.9300758018346644
867,651,5.0,4.388400193407754
13,893,3.0,2.194851979472753
378,1439,3.0,3.423943001372789
486,595,2.0,2.766924166167877
416,150,5.0,4.440098108646685
83,1165,2.0,3.0253012630443603
540,1016,4.0,3.710988832239488
533,480,4.0,4.118825568985099
334,502,3.0,3.726068951040608
1,131,1.0,3.937282343112664
382,1534,4.0,2.534596527295931
815,28,4.0,3.993303899414878
303,328,3.0,3.042549776605857
102,396,2.0,2.0508603256646127
305,56,1.0,3.110330878366837
580,250,5.0,3.4402814292331008
152,255,5.0,4.533095489851145
23,512,5.0,4.372296095909371
210,88,4.0,4.185971300019614
207,273,4.0,2.905024236031494
436,1468,5.0,3.901294855055716
559,527,4.0,3.8144901797030695
870,288,4.0,3.056657912711185
472,27,4.0,4.50341722710915
650,160,3.0,2.950071755628026
629,271,4.0,3.5596085961410506
140,334,2.0,3.6385303477332327
642,1039,5.0,4.353092743819198
95,31,4.0,3.830254671210931
705,28,4.0,3.9178742797045056
671,583,3.0,3.262495787865519
524,22,3.0,4.044878797602471
782,515,3.0,3.7151153042908978
877,98,5.0,4.314686509188038
77,833,1.0,2.8844324598338518
911,1203,4.0,3.734246909629515
547,340,4.0,3.898435632313247
456,188,4.0,3.6637682305392785
275,1066,3.0,2.913210198236429
115,22,3.0,4.2289047396536095
167,288,3.0,3.235658275962127
303,183,5.0,4.454810331750102
709,747,2.0,3.4002655059169933
551,1314,2.0,2.8076975782423212
24,662,5.0,4.1550202503649
468,742,3.0,3.706846361794314
868,651,5.0,3.5538881828935707
334,678,3.0,2.5832271437715457
793,597,3.0,3.150940035883965
178,176,4.0,4.039872612315541
7,670,5.0,3.699080829974323
459,255,4.0,3.3814410995368274
378,68,2.0,3.279945309114365
316,435,2.0,3.3982281488751105
298,132,5.0,4.412479264136846
882,199,5.0,4.6055957290781295
576,259,2.0,2.7988103884065305
940,56,5.0,3.7998839188347735
854,9,5.0,3.569722707221032
621,128,4.0,3.860763370630475
160,276,5.0,4.247416630098305
496,1060,1.0,2.2939715675707073
889,95,4.0,3.567757635335358
660,67,1.0,1.9439500853568958
33,292,4.0,3.656553660951548
389,474,5.0,4.87214905543054
207,316,5.0,3.8696759845637767
560,197,4.0,4.131952107224963
234,601,3.0,3.678465249472672
13,14,4.0,3.88386077084274
130,798,1.0,3.468613965333805
421,183,5.0,4.080088202777498
659,616,4.0,3.619560908370251
606,647,3.0,4.637824176953823
7,569,4.0,3.036853024839248
807,271,3.0,3.4702073309092305
595,411,3.0,2.7815939968611056
900,871,1.0,1.5754970317349857
834,762,4.0,3.704536704614314
840,504,3.0,4.349583043920576
796,794,4.0,3.631559141991191
536,435,3.0,4.3579258129764264
305,275,2.0,3.2006095312863043
450,70,4.0,4.058492610820791
303,825,3.0,3.1869568634716496
405,1560,1.0,1.8807849892992898
698,707,2.0,3.03981558392292
837,763,1.0,3.314467295840601
230,8,5.0,4.1855811539801415
301,403,4.0,3.3043725498575927
477,369,4.0,3.54931605887977
674,1,4.0,3.7451504145498484
410,289,1.0,2.888950693629869
83,566,4.0,4.0373698382487
308,675,4.0,4.015648948960167
327,682,3.0,2.431774181295171
569,276,4.0,3.622507054059377
896,1267,2.0,2.390713030295919
570,340,3.0,3.46071576439917
364,990,4.0,3.7311370098467425
313,449,3.0,3.4023863514165296
49,80,1.0,2.0286568137187158
151,836,4.0,3.8722578117803956
141,407,2.0,3.1503317678296336
880,930,2.0,2.9231831360843477
934,199,4.0,3.900995484640738
42,234,4.0,3.9524728560046296
416,1264,4.0,3.7059822365643997
868,1035,1.0,2.573692255600121
675,900,4.0,3.7288185405933523
637,93,3.0,2.874101208499577
922,95,3.0,3.589516547061722
452,479,5.0,3.6220761672126573
426,848,4.0,3.326498365436012
59,1048,4.0,3.446048769257521
187,134,3.0,4.5154097223002
295,965,4.0,4.266636971767336
168,259,2.0,2.9366036515749525
407,179,3.0,4.092300376303367
109,227,5.0,3.767156615508953
354,20,5.0,3.18652631482023
823,134,5.0,4.659344027650266
244,153,4.0,4.137215182339965
873,292,5.0,3.0077062057772697
842,288,3.0,3.6347407932577376
7,470,3.0,4.243005772510718
276,33,4.0,3.4637008842830133
378,577,2.0,2.321828847494412
620,151,4.0,4.167765882362423
683,354,3.0,3.180124128825317
749,77,3.0,3.6751928324289853
106,77,4.0,3.4131171657469257
345,268,4.0,4.194757508816941
269,192,4.0,3.648059387596631
194,712,3.0,2.774943661297802
916,198,4.0,3.9791859972197594
704,514,4.0,3.826697108937996
178,546,3.0,3.4805265302527566
868,1188,1.0,2.1371228279352845
450,56,4.0,4.059946921982498
186,299,3.0,3.0608368381324356
339,402,3.0,3.318914507364694
381,514,5.0,4.57000328886317
472,940,4.0,3.333779615631685
279,33,4.0,3.7131885745951516
463,473,4.0,2.5283018687427323
379,28,4.0,4.068487321423785
38,71,5.0,4.6005012972094175
342,216,5.0,3.151879960178087
465,475,3.0,3.328012648883981
795,118,2.0,2.638401264252388
642,1033,3.0,3.019274798511147
587,886,2.0,2.8765425505097983
280,452,2.0,3.0814934794359954
561,2,3.0,2.2540385697956618
887,419,2.0,4.8554566641090275
450,865,4.0,3.9088280339164134
694,663,4.0,4.060411487680707
666,7,4.0,3.8217629652192837
930,106,4.0,2.5892880116272714
303,568,4.0,3.734884361777578
373,633,4.0,4.1187544845292265
676,483,4.0,4.021174211595564
389,520,3.0,4.300925394980674
894,591,4.0,3.7192653490995307
199,9,5.0,3.8201064683680137
653,54,3.0,2.391910959262899
16,661,4.0,4.51312973061231
663,180,4.0,3.943316360727292
308,148,3.0,3.1071448301787647
653,686,2.0,2.934088061150413
882,409,4.0,3.2637263781179615
468,143,5.0,4.026442630982945
44,591,4.0,3.660937265497761
95,392,3.0,3.8559426700253643
168,845,4.0,3.2323882844075142
433,273,3.0,3.248766206912584
932,494,4.0,4.339502719172247
327,1170,4.0,2.5404187229140165
497,176,4.0,4.033350916497731
89,283,4.0,3.894724284112378
586,249,2.0,3.178308698874706
757,423,3.0,3.6990728907093193
458,144,4.0,3.499230724950193
374,823,1.0,3.145853781431196
669,183,3.0,3.295061052137066
429,227,2.0,2.841206149872649
588,716,5.0,3.3210008191988685
758,238,5.0,4.465318052346955
268,228,4.0,3.922406774613223
235,213,4.0,4.025278252765313
655,1426,2.0,2.6182369952073685
796,1217,3.0,2.973796845955664
579,523,3.0,3.8367888691680148
666,518,4.0,3.600953328361315
766,234,4.0,3.347087232948803
399,564,3.0,1.8822044553673014
790,268,4.0,3.6607007773099367
360,100,5.0,4.488380415739394
663,956,4.0,3.6720033930100073
456,12,3.0,3.9809149306138316
327,222,2.0,2.9688976753716005
8,177,4.0,4.079351174466468
591,709,4.0,4.285603510237878
201,269,3.0,3.948528846470853
747,288,4.0,3.340029781012386
159,742,2.0,3.6116085341226416
504,245,4.0,3.487118246060832
417,402,4.0,3.6425505080981484
940,629,3.0,3.030066991402575
449,251,3.0,3.9386257720036237
311,318,5.0,4.801196433659547
435,924,3.0,3.0777350416359353
130,1215,2.0,2.6082533643040002
53,250,2.0,3.513480038492652
13,360,4.0,3.1204065212048424
532,407,2.0,3.512153664972019
393,685,3.0,3.5657557890983167
650,200,4.0,3.1686640503424788
399,176,3.0,3.0281430436819834
648,323,5.0,2.614359874873637
295,735,5.0,4.491576271379728
487,399,5.0,3.3994961143536004
692,249,3.0,3.210519899669048
197,347,4.0,3.7714666499490663
246,576,1.0,2.5515992382627353
848,433,3.0,4.0278841638885465
8,651,5.0,4.407527997954087
537,663,3.0,3.622683507107066
773,924,1.0,2.5495319647950856
34,242,5.0,4.525401400842861
297,474,4.0,4.13234079932184
186,742,3.0,3.7754119692721977
305,971,4.0,3.285731523125958
626,330,3.0,1.936639514018286
934,13,5.0,3.3179623397977975
389,395,2.0,2.4237323381240428
417,382,2.0,3.5203233276652552
279,762,3.0,2.425291750100416
850,173,5.0,4.649807695317564
708,289,4.0,2.7952456049295322
932,1184,3.0,3.3780235401132925
327,865,5.0,3.1993630903762194
472,254,4.0,3.7340331331634973
867,431,4.0,3.86942647476338
565,86,5.0,4.629947677986155
282,325,1.0,3.0635554751623717
385,528,4.0,3.699643447618906
537,212,3.0,3.079060772376419
694,378,3.0,4.1308587043745355
894,121,3.0,3.500726696794576
906,117,4.0,4.038079110191303
936,108,4.0,3.834846014909815
880,421,2.0,3.5254932429414483
195,1413,2.0,3.1760880924781025
474,549,5.0,3.6567519247150986
842,1105,2.0,3.0497692479736846
328,162,4.0,3.6154498034408724
524,304,4.0,3.2137796341196956
401,276,4.0,2.3244182646733833
58,950,1.0,3.1623131723829894
21,619,2.0,3.030083190100889
727,50,4.0,4.220157082698864
416,938,3.0,3.0011109766524093
919,293,4.0,3.8196153616678337
178,591,5.0,3.6041862207542454
110,294,3.0,3.104945615809867
597,15,5.0,3.94706235040284
106,582,4.0,3.7077800546988318
21,981,2.0,2.402910070980367
758,125,2.0,3.57150719308949
625,265,3.0,3.078151689625153
271,356,4.0,3.2883392667002997
125,520,5.0,4.038101484618654
417,395,4.0,2.5459688871746096
292,194,4.0,4.607908282489615
708,934,4.0,2.87837625728699
400,259,3.0,3.1760685850904613
458,619,2.0,3.2110985492602238
42,281,3.0,3.7233045407731535
251,100,4.0,4.305175738396215
28,258,5.0,3.636881422568281
327,11,4.0,3.108764417614922
290,229,3.0,2.993845381951619
535,181,4.0,3.9104032111364475
84,245,4.0,3.574171045125593
286,186,5.0,4.328330969555408
416,1051,3.0,3.497067369726276
791,331,1.0,3.9216896117229543
373,81,2.0,3.6663466624354726
517,222,4.0,3.2964636876942803
493,404,4.0,3.399808774705186
670,611,5.0,3.848950641131282
825,9,3.0,3.083629403756209
854,274,3.0,2.964858301357922
653,232,2.0,2.8219369072712173
44,419,4.0,3.8020536083598246
223,929,3.0,2.494519340666096
370,514,4.0,3.5733680441267603
271,15,3.0,3.692771274454917
533,196,4.0,4.016292661190568
527,169,4.0,4.3376087608928495
795,640,4.0,2.8459395329396324
57,411,4.0,3.3900988709244
393,1440,3.0,3.5735406465930017
13,855,4.0,3.4836042076026126
424,990,5.0,3.0311669497495117
41,276,2.0,3.7579529452216356
763,955,2.0,3.6055226905833804
246,567,5.0,2.428916130443933
339,516,4.0,4.281801681787231
15,285,4.0,3.98971919836308
207,576,3.0,2.6874466299242736
825,515,4.0,4.4262658702586934
180,121,5.0,3.886098244892021
503,427,5.0,4.500697251035608
59,404,3.0,4.192967509773356
823,230,3.0,3.658458654917703
322,150,4.0,3.9292331072267594
312,543,5.0,3.8929244652961317
385,462,2.0,3.927508506225172
893,298,4.0,3.5870919383695195
320,278,3.0,3.809500394145811
489,1025,5.0,3.3424593570164554
291,117,5.0,3.7905603433239614
927,422,4.0,3.102305982228193
253,588,5.0,3.952461259219486
28,96,5.0,4.361932132594644
271,135,4.0,3.912973611681625
397,286,4.0,3.7211993476315883
920,346,4.0,3.161398277192337
476,202,4.0,3.481488832411738
901,161,5.0,4.063658590427839
764,356,4.0,3.617036111965079
396,597,4.0,3.23228590060279
188,237,3.0,4.003093477387643
6,272,4.0,3.6187314099749734
221,250,5.0,3.4044764547684045
474,475,4.0,4.4074005562063805
523,194,5.0,4.676565296439066
666,179,5.0,4.456686627321489
545,450,2.0,2.423095213492318
659,489,4.0,4.212125087878191
254,112,2.0,2.4830964156911683
871,1345,3.0,3.1605509816533837
222,246,4.0,3.219207494046077
642,392,4.0,3.758606445712896
407,455,3.0,3.139128735618077
297,265,3.0,3.80333886849933
922,159,3.0,3.322372055340594
763,196,4.0,4.038001522520338
22,208,5.0,3.7662291036875426
908,423,4.0,3.4523418462615503
184,522,3.0,4.093202484440454
881,524,4.0,3.604839423163302
514,25,4.0,3.632447242049272
207,286,2.0,3.0436312991603156
489,321,3.0,3.2020642296000656
164,689,5.0,4.039543108367579
903,147,3.0,3.4241425887540555
30,69,5.0,3.9772948753993855
51,655,3.0,3.703530524729801
194,570,3.0,2.6712825772572684
90,650,5.0,3.919885070426772
454,435,2.0,3.287648283712065
335,347,5.0,3.481930554387459
805,9,3.0,4.606244755639033
318,712,4.0,3.2357117336213026
327,184,3.0,3.0966300168582177
441,313,4.0,4.463197007632953
875,772,5.0,3.6348649302307576
804,226,4.0,3.5960445486003683
706,628,4.0,3.407446664019559
313,770,4.0,3.1430473097504077
417,185,3.0,3.9182025424407314
601,185,4.0,3.661090684493078
875,496,4.0,4.198259370330169
416,864,3.0,3.177051697651177
308,147,3.0,3.455781641359842
527,208,4.0,3.4719797082500508
458,844,4.0,3.2521395118075604
82,140,3.0,2.7636640790602622
850,480,5.0,4.579934470983879
452,73,3.0,3.203830743493022
844,95,4.0,3.752204362647553
896,67,2.0,2.7819829227950366
455,52,3.0,3.696639492504901
266,285,4.0,4.05796727419608
292,193,4.0,4.24900017420035
328,483,5.0,4.6106232901174975
295,461,5.0,4.19668521397867
313,164,3.0,3.2053929380769586
332,833,5.0,4.031563412879807
292,276,5.0,4.370078791649184
353,328,2.0,3.1107238982558933
808,325,1.0,3.1650654823729645
826,91,4.0,4.001904622423818
747,320,5.0,3.852592120916102
627,92,4.0,3.9025835714365207
474,238,4.0,4.423385980989669
194,1044,2.0,2.7322600257422436
127,62,5.0,3.8413957670914756
587,301,3.0,3.4133334664367214
391,168,4.0,4.128133380297531
674,678,3.0,2.8343482919093907
136,9,5.0,4.360792193704481
615,192,5.0,4.228300176034648
830,231,2.0,2.746373721482646
234,589,3.0,3.5333283856039057
194,1028,2.0,2.6061417396495257
436,200,3.0,4.1806977780354675
15,289,3.0,2.1945027831631774
407,508,4.0,3.4734703574443975
439,14,5.0,4.17187233797782
303,226,4.0,3.382467036130446
299,286,4.0,3.5388297299694944
643,202,3.0,3.835765719316998
537,60,3.0,3.9834207108106967
443,269,3.0,4.331514811967518
849,15,5.0,4.705283673622669
687,300,4.0,3.7565324828604085
26,597,2.0,2.772190414945369
782,271,2.0,3.04119478548989
672,815,4.0,2.99866139540897
234,552,2.0,2.3479020578206398
363,82,3.0,2.594863026906098
286,257,3.0,3.9722581768934546
539,170,5.0,4.194456162865411
92,1214,2.0,3.153210065023174
280,742,4.0,3.6273759224928983
592,258,5.0,4.123160211838587
183,216,4.0,3.6179796132606907
450,401,3.0,3.107835970505993
690,238,5.0,3.101596467492847
383,660,4.0,3.8753142260959526
585,60,4.0,3.718892989787204
389,1204,4.0,3.700548598587039
82,25,2.0,3.2347968332392645
943,570,1.0,3.211527943323115
648,679,3.0,2.7347189671520473
313,414,3.0,3.643708325067487
416,151,3.0,3.7054087288337736
521,156,4.0,3.81560372570811
273,900,3.0,3.941374716709841
854,96,3.0,3.343866382119767
197,431,3.0,3.456313278040425
540,1014,4.0,3.638657263644495
26,150,3.0,3.525258654512924
301,252,3.0,2.597242907025787
698,199,2.0,3.332389125516495
453,125,3.0,3.0089809825782527
303,276,4.0,4.314291616264109
467,24,4.0,3.7050571183181265
382,56,5.0,3.6350167069285892
249,273,4.0,4.01859817608273
377,168,5.0,4.492170092198638
84,523,4.0,4.50721312151379
72,204,4.0,3.4725807774993083
92,231,3.0,2.7746815316523894
846,651,3.0,4.14445208404473
561,473,3.0,3.161824053299602
895,742,4.0,3.8056633140553804
544,327,2.0,2.887950339270148
399,727,4.0,2.883968894550174
303,302,4.0,4.5892168085101375
191,269,3.0,3.9395899296533323
270,566,5.0,4.280646137810595
566,153,2.0,3.563245362943574
802,260,4.0,2.780498842764522
27,742,3.0,3.2972985357158198
338,427,4.0,4.171247801159101
374,741,3.0,3.1618039064124344
295,357,4.0,4.748152675821325
494,845,4.0,3.6615089542617723
773,170,5.0,3.8687670335209567
896,1045,3.0,2.7803622773590293
48,183,5.0,3.917502739355467
115,673,3.0,3.764466428509953
130,254,2.0,3.2111198155500955
373,70,4.0,3.865956566845468
130,144,5.0,4.321568768486518
393,186,3.0,3.746752348867707
605,245,3.0,3.122802571302157
887,1029,5.0,2.8367025088162325
933,229,1.0,2.135918382158053
60,423,4.0,4.461740096718349
543,187,4.0,3.9810400376048447
43,26,5.0,3.7203409462887973
234,521,3.0,3.5968656748462657
712,215,3.0,4.5236158892412694
332,235,3.0,3.4053587603523447
450,1222,3.0,3.537389677851659
308,633,4.0,4.027157592109285
202,318,1.0,3.941152987756343
542,864,3.0,2.9457707335467003
128,282,3.0,3.7385473242707485
18,425,3.0,4.056209414710421
316,98,5.0,3.5762426474063647
378,930,2.0,2.53540441892509
712,63,4.0,3.872869950363883
924,300,2.0,3.500922340251451
417,228,3.0,3.722172510717301
417,95,5.0,3.683248599832108
943,24,4.0,3.5076823213100004
655,249,3.0,2.762575488052468
788,132,5.0,3.809253735049733
650,158,2.0,2.1020971526979837
293,748,2.0,1.7435191803779717
291,706,3.0,3.67510327346245
417,176,5.0,3.6505469359232112
62,294,1.0,2.5892525550946677
288,180,5.0,3.8352548116885408
99,258,5.0,4.091216304495202
851,11,5.0,4.371683149139567
640,66,4.0,3.9770372128232077
921,257,3.0,3.4144502254662434
495,1110,4.0,3.4048841580154066
268,101,2.0,2.75173396101614
25,968,4.0,3.837044376610696
638,265,5.0,3.8042064996406904
435,33,3.0,3.1245140704270993
498,228,2.0,3.2854485017404027
413,333,2.0,3.5666523219732476
379,219,3.0,3.7588084113663425
90,836,5.0,3.719260238159079
894,14,4.0,3.9170422855728644
634,117,4.0,3.7039381457812897
240,343,3.0,3.664099872332402
267,515,5.0,4.851631534119647
292,408,4.0,4.9734918972256335
892,210,4.0,4.33917644222312
343,367,4.0,3.810195412131393
87,181,5.0,4.778832839575683
716,241,3.0,3.7154850349419495
647,490,4.0,4.107898374414994
768,235,2.0,2.513407029993689
374,581,4.0,3.1106872517957775
2,301,4.0,3.3712835785441846
320,56,5.0,4.506859923089658
380,845,4.0,2.7455514961852305
393,399,4.0,3.3581764217125443
625,584,3.0,3.3036461694217176
708,352,1.0,1.955887783686693
894,26,4.0,3.477089185108505
471,878,4.0,2.576253779388166
666,294,3.0,2.5047635787192775
270,335,3.0,3.523483932226021
886,42,5.0,3.1304439495174075
601,8,3.0,3.969162833865577
251,258,3.0,4.038758915386864
6,506,4.0,3.626793865501838
216,64,5.0,4.640745375489498
913,530,2.0,3.788775947633522
342,236,3.0,3.8285302224442
316,678,1.0,2.4316219070972593
889,762,3.0,3.2398135340997056
368,320,5.0,3.3868562496315375
844,90,3.0,3.1974060841856455
847,8,4.0,3.3258247889042556
380,168,4.0,3.522906228201323
922,411,1.0,2.647416284353171
841,288,3.0,3.557389634323487
435,520,4.0,3.8236842064569876
267,114,5.0,4.803365726328641
495,431,5.0,4.262389938648519
533,191,4.0,3.8168547921727893
343,334,5.0,3.8125542101317045
782,260,2.0,1.9523272670662766
545,77,3.0,3.781189539568666
449,1005,5.0,3.7358111873321027
88,1191,5.0,3.3396642784072506
453,318,4.0,4.224252862462705
435,1401,4.0,2.9988191523838132
484,293,5.0,4.269357250069606
684,158,3.0,2.721306021806823
472,68,5.0,4.410158562443641
663,597,3.0,3.287010470708107
406,124,4.0,3.799666231101638
13,515,2.0,3.628906319974846
582,235,3.0,2.9389612811360926
429,82,4.0,3.6381341446662767
417,32,2.0,3.772120216838099
710,269,3.0,3.931179407919159
276,50,5.0,5.0
704,528,3.0,4.2226554077412075
875,173,5.0,4.432003666034831
234,273,3.0,2.8659266937752013
429,502,3.0,3.8153352038702644
399,568,2.0,3.2544990319994005
913,466,3.0,3.1031080394313304
639,198,2.0,3.4653426387989406
878,154,3.0,3.3542035758763467
646,678,3.0,2.2683167416441536
422,248,3.0,3.7319304424127187
751,56,4.0,4.1526688193677685
301,43,5.0,3.292224357818747
423,304,4.0,3.8014396782309205
128,79,4.0,4.086661456905282
659,521,5.0,4.341905186558997
449,1142,4.0,4.33931788324152
447,175,3.0,4.275998701089911
888,69,4.0,4.466619278992989
389,579,1.0,3.1380043585923887
708,21,1.0,2.7817402281865644
417,449,3.0,2.6375348223528627
200,132,5.0,4.8238567743804746
193,25,4.0,3.2642085314127924
500,780,3.0,2.8357578156958523
25,131,4.0,3.753349277472205
137,266,5.0,3.42197066297467
600,511,5.0,4.56340918450728
378,326,3.0,3.228136017680183
731,1087,1.0,2.848121057930663
503,79,5.0,4.070737623638888
454,182,3.0,2.8143690029154773
437,658,4.0,3.831530335438483
541,423,3.0,3.9161541588338245
90,692,4.0,4.107148709583086
899,66,4.0,3.3402261789151835
152,794,5.0,4.424573117224391
305,168,4.0,4.003846215224777
589,336,1.0,3.2105357183157444
653,739,3.0,2.5682927461693668
916,511,5.0,4.34715550825272
892,239,4.0,3.979867053314328
887,368,5.0,2.4244783377474772
363,802,2.0,2.2718810876942523
83,575,4.0,2.754547037266652
346,186,3.0,3.8640914342010495
18,382,3.0,3.9098136375789574
346,300,5.0,3.5783343348762378
700,73,3.0,3.2761149625208823
874,289,4.0,2.8701208246679872
332,452,4.0,3.7706127146041832
606,1039,4.0,4.611249615875158
500,358,4.0,2.561060317643633
693,483,3.0,3.956898532567732
548,1025,4.0,2.881794776943389
350,483,5.0,4.923959604805541
524,212,5.0,3.435566322131181
916,229,3.0,2.9839725046415313
758,33,4.0,3.662298683940723
815,732,5.0,3.9779741984007115
312,648,5.0,4.260662726420825
727,68,4.0,3.418251925335028
158,665,2.0,3.0324088131446394
429,77,3.0,3.0753845023872364
268,452,1.0,2.130633310158423
279,490,3.0,4.012006872592019
918,1099,4.0,3.1364873071447943
892,526,4.0,4.389149011908848
911,638,4.0,3.7918639631769153
177,1218,4.0,3.532792921016511
921,323,4.0,2.766779308934516
60,59,5.0,4.40257684994165
943,31,4.0,3.9413886878320255
484,135,4.0,3.938789993422123
405,1405,1.0,1.564364554347474
797,781,5.0,3.005972873376386
41,265,3.0,3.5182300602772227
339,150,4.0,4.012325384203852
773,12,3.0,4.039487813842399
347,204,4.0,4.573589684059089
458,25,1.0,3.4212123538657315
13,212,5.0,3.536340125283877
73,179,5.0,4.039252889164712
179,751,1.0,3.2573297285588487
109,12,4.0,3.9005881320826354
235,1,4.0,3.612654475871933
455,161,4.0,3.5398050749389633
315,168,4.0,4.0003442213865235
99,121,3.0,3.6422692589312575
57,264,2.0,2.838752910055776
531,300,4.0,3.598757643109506
391,646,4.0,4.115935118698162
677,740,1.0,3.67797324405221
527,285,5.0,4.279484413391327
297,154,5.0,3.7605507607188216
263,520,3.0,4.465924180681985
883,956,4.0,4.134948342472953
582,547,4.0,3.3641089303594702
561,65,3.0,3.438957831300581
616,355,4.0,3.0665228378177583
480,165,5.0,4.071569078896267
178,566,4.0,3.9235204917212783
94,1222,3.0,3.114997035628665
655,282,3.0,2.7452400138393824
90,177,5.0,4.302715675348987
59,425,4.0,4.401461298249886
354,171,4.0,3.763701794829007
532,7,5.0,4.532044443029439
385,100,4.0,3.8763304186461105
332,763,5.0,3.8231576266119878
44,95,4.0,3.64184717932553
374,280,3.0,3.746392706802226
459,651,3.0,3.9315559526650286
201,1267,3.0,2.915915660270236
281,331,3.0,3.54317477403121
795,123,4.0,2.6264045344359443
474,378,4.0,3.9009671113172955
85,281,3.0,2.8715323250599303
453,117,4.0,3.186244854786697
887,240,5.0,3.3550121331241503
170,876,3.0,3.248535068174041
838,96,4.0,4.372030745548118
301,51,4.0,3.7062316237370134
854,98,4.0,4.016755925181143
338,170,5.0,3.7997449509975345
806,1018,4.0,3.341196185524963
537,697,2.0,3.0374385850972634
908,479,4.0,3.7972439504571036
454,686,2.0,3.1739040322307024
749,204,4.0,4.090771045431989
13,179,2.0,3.9374596904525982
650,4,3.0,3.1033805304813837
887,1279,3.0,3.4052593791466035
763,190,4.0,4.372636006317226
487,686,4.0,3.844646045043093
423,620,4.0,3.1662762055913074
766,672,3.0,2.084690490082418
330,559,3.0,4.179693522887251
902,754,3.0,3.240479620822782
654,313,5.0,4.3835029802903
474,77,5.0,3.701266734179695
618,203,3.0,3.4629694330325647
43,8,4.0,3.869307928762695
646,880,3.0,2.6291624217267113
100,289,3.0,3.0329904168045423
592,508,5.0,4.190202850268081
168,288,1.0,3.566171011337442
602,118,3.0,3.7594311925226536
303,1258,2.0,2.0160242797886605
782,873,4.0,2.5564078039870335
382,531,4.0,3.5095373978386957
747,1375,4.0,3.817254480803583
934,1449,5.0,3.9825813237536156
763,132,3.0,4.073057478240151
550,300,4.0,4.303635731730572
135,603,4.0,4.065227751852614
535,608,4.0,3.6898211891234296
542,509,4.0,3.674984734810844
13,270,4.0,3.5019018745259625
882,294,4.0,3.3081741596383782
655,815,2.0,2.3716964763027177
234,144,3.0,2.83742880087439
493,176,5.0,4.094402271356699
887,180,4.0,3.7689906565764226
699,288,3.0,3.201115048940813
234,77,3.0,2.5640555238184746
760,723,2.0,3.0952851715097056
426,432,3.0,3.7662320323455294
87,578,3.0,3.642001751357204
899,195,4.0,4.0877592686261215
103,471,4.0,3.4584556051139415
207,143,4.0,3.7122953124082962
537,1404,2.0,2.7796827032855655
495,796,4.0,3.8012007722214185
385,346,3.0,3.3243871692202847
312,503,5.0,3.697471607020896
585,1005,4.0,3.4661788744757223
788,1459,2.0,3.2921644008185473
659,89,4.0,3.900258103085374
640,941,5.0,3.7937679830574154
246,585,1.0,2.1465455220871084
511,292,5.0,3.875597889445537
655,88,2.0,2.5233623487189685
634,283,2.0,3.716618584475581
327,9,5.0,3.642098500166771
286,251,5.0,4.347292922499857
843,153,3.0,2.769581989830512
18,516,5.0,3.8771291558639
398,132,5.0,4.034930445682991
699,532,3.0,3.326054960297826
906,1011,4.0,3.3281407807031043
94,144,3.0,4.018758407277329
152,121,5.0,4.845444685349252
308,97,1.0,3.677214478578349
936,818,4.0,3.263398700635301
285,357,5.0,4.162568067676855
919,423,5.0,3.755446384550603
397,12,4.0,4.51715156238489
325,511,4.0,3.7142565737034885
862,252,3.0,3.849006395666751
437,301,3.0,2.7880870495711743
774,986,1.0,1.608555006364985
246,413,4.0,2.3015672101103486
387,1097,3.0,3.132643429591985
145,122,1.0,2.3124305896180317
457,215,4.0,4.456255115447039
56,94,4.0,3.634329152597014
399,31,3.0,3.276634152015063
285,222,4.0,3.4804005099156616
457,94,3.0,3.713787146791595
429,467,4.0,3.7655620715440348
435,12,5.0,3.9550457833111827
661,304,2.0,3.778455870546302
363,426,2.0,2.6238836471848814
390,181,4.0,4.40245253151142
206,683,1.0,1.903419985480721
72,198,5.0,3.862301145092402
588,1053,3.0,3.7929440988920935
812,678,4.0,3.0268871791579963
130,342,3.0,3.345457153461396
276,1220,4.0,3.2586194742148415
145,202,4.0,3.9540508650148127
378,98,5.0,4.326870313383059
72,237,3.0,3.6420374673634153
669,310,4.0,3.055004016898318
540,270,4.0,3.700916038374358
43,102,4.0,3.505467248206753
542,585,2.0,2.686817948465232
788,521,4.0,3.695985497127162
871,271,5.0,2.5267960553031132
109,183,5.0,3.6797855872748553
43,54,3.0,3.665182576441969
57,473,3.0,3.052333851892485
749,125,5.0,3.580480592435614
749,951,4.0,2.608240620055355
184,410,3.0,3.165868611814368
7,616,4.0,3.8864216273871754
773,13,4.0,3.6666422374057963
854,482,3.0,3.769755574802575
378,531,4.0,3.8663403304365955
234,500,3.0,3.2898979155924817
14,492,4.0,3.8849641555274186
214,346,3.0,3.670949578010531
566,235,3.0,2.7302235005368622
401,429,3.0,3.226242927161992
606,194,4.0,4.332004293855025
141,288,3.0,3.269993085745372
780,300,3.0,4.160619222937266
846,142,3.0,2.931855154312093
97,192,1.0,4.388348568280343
758,1001,5.0,3.0310536741891565
653,265,4.0,3.1749736949518077
747,479,5.0,4.575004971575626
234,132,4.0,3.8943645803555125
1,15,5.0,3.2419426264938274
186,38,5.0,3.035566556396387
500,325,3.0,2.1896700391019053
586,76,5.0,3.3499720691896764
881,663,5.0,3.6346086842314347
692,100,4.0,4.277463214367824
747,664,2.0,4.002181815254777
454,58,4.0,2.657741384910141
316,50,1.0,2.7323770333367463
622,135,4.0,4.0084887814488805
873,879,2.0,2.9075218626475827
840,606,4.0,4.541478057285437
790,202,3.0,3.8976132769788827
843,127,2.0,3.127548113163176
125,66,5.0,3.906105357789592
716,498,5.0,4.53075910280894
886,388,1.0,2.8552880705701855
472,385,5.0,4.240756874597112
275,118,3.0,2.812701304677889
778,246,2.0,3.3641708790218154
64,447,4.0,3.443020494361596
876,523,5.0,4.112437095675456
387,98,4.0,4.207538311301063
230,140,3.0,3.8515225666575494
890,185,5.0,4.243496060930092
339,286,5.0,4.189783870903763
587,937,4.0,3.090576937197204
46,286,5.0,4.691500132770948
417,871,2.0,2.4798726129399724
494,199,4.0,4.439348921033225
18,213,5.0,4.426156861924214
606,591,3.0,3.9224470374998863
429,631,4.0,3.198349823672219
92,386,3.0,2.8449699166787785
930,763,3.0,2.6765387691563665
385,79,3.0,2.647421106313293
908,963,4.0,3.741362799677528
537,670,2.0,1.9685987634400677
268,449,2.0,2.919870145346229
180,423,4.0,4.221859315994032
766,382,3.0,3.144844909744242
892,465,4.0,3.7928008854462085
280,934,2.0,3.2546926300020877
309,1025,5.0,2.8685738483353513
141,823,3.0,2.7943937463530153
148,474,5.0,4.0583203824278895
144,281,3.0,3.2909327376046127
122,1045,4.0,3.7146540795196543
387,588,3.0,3.430183844884067
629,467,5.0,4.411574347067108
59,479,5.0,4.548269178629666
498,64,4.0,3.825449627533926
28,11,4.0,3.827091265139211
655,27,3.0,2.8074352037762016
864,577,3.0,2.8682450041499203
233,89,3.0,4.948454087897939
279,805,3.0,3.182069223235232
682,111,3.0,3.347289745099675
935,181,4.0,4.693398773130388
104,9,2.0,3.239263156259354
768,1061,1.0,2.634234197671844
886,941,2.0,2.5348239544931666
222,475,4.0,2.9491202449885074
472,760,5.0,3.7691428245160576
650,1419,3.0,2.5159323190922236
764,191,3.0,4.454459910770323
461,285,4.0,3.9909038253556934
470,874,3.0,3.24250929325817
106,191,5.0,4.269598596648283
48,185,4.0,4.021641471678786
92,455,2.0,3.425015522208247
11,213,4.0,3.8523198094891296
913,423,3.0,3.5264048656179003
881,441,2.0,2.560993111909561
256,127,4.0,4.163213455628921
148,114,5.0,4.453669477425963
130,800,4.0,3.6823917332720244
201,148,1.0,2.698177117340201
707,212,4.0,3.2466460882922368
559,261,3.0,2.3137714253197057
416,625,5.0,3.8450225391014707
480,183,4.0,4.132948004174038
269,959,5.0,3.125836038517513
259,271,3.0,3.504467663421382
474,671,3.0,3.9631687936552704
71,248,3.0,3.838304601765757
291,50,5.0,4.8010335562814035
141,7,5.0,3.60759517611047
474,481,4.0,4.229431276760889
21,563,2.0,2.3978187054035915
665,496,3.0,3.622344209358634
472,78,1.0,3.294947643608642
13,315,5.0,4.20310644835779
215,99,4.0,3.984941401963436
682,300,2.0,2.9851250878139313
396,678,3.0,3.3104656865441817
256,487,5.0,4.1999522483867855
234,921,4.0,3.455383719905829
566,219,1.0,3.10167217411135
303,325,1.0,2.9684711662673826
405,1101,3.0,2.341814788333684
606,841,3.0,3.033555985210558
389,161,2.0,3.077555625062083
76,385,2.0,3.441267164781099
593,501,2.0,3.2956680437835404
593,393,4.0,3.3621381707417983
391,648,5.0,4.048272538494173
833,24,4.0,2.878362504762546
727,831,3.0,2.113285452043501
301,232,4.0,3.3437090477673266
769,831,1.0,2.210231776815548
463,302,5.0,3.822193077038233
882,203,4.0,4.260469689086466
639,990,1.0,2.915174019615867
339,504,5.0,4.206488373250676
13,341,2.0,2.8512358769213533
332,1016,5.0,4.009254813194165
405,712,1.0,1.91893584311169
64,154,4.0,3.7013794492141208
807,543,2.0,3.8954182749138235
718,284,4.0,3.6100610155440376
22,161,4.0,4.146422648243652
303,1021,4.0,4.027234537975938
757,27,4.0,3.328709500035024
342,297,3.0,4.034975028947874
877,176,5.0,4.395067921209353
193,412,3.0,2.452996292394958
647,73,5.0,3.7052725648388036
727,810,2.0,2.6270839901526912
1,239,4.0,3.2255161759275888
14,628,5.0,3.804058513759536
537,1025,1.0,2.2463208652011173
239,45,5.0,4.4493580691916
642,56,4.0,2.7790670633581422
246,50,5.0,3.947447537048093
198,191,4.0,4.008646404211903
690,763,4.0,3.4248508728007496
846,748,3.0,3.900751743006095
222,810,2.0,2.759094995341635
458,178,4.0,4.512948151113546
357,687,3.0,3.1528699869687737
365,894,1.0,2.3879073203601493
276,200,5.0,3.891359292375027
880,327,3.0,3.5061811333580963
492,86,3.0,3.6221833130202827
665,535,4.0,3.442328085366977
94,347,5.0,3.487214865144202
592,333,5.0,3.6263421732496126
537,966,2.0,3.0669713055003482
504,163,4.0,3.905818107883927
846,357,4.0,4.537409169951116
617,519,3.0,3.422342506759889
864,184,4.0,3.624972994684953
911,199,3.0,4.121626174925899
444,245,4.0,3.286897206026293
622,184,5.0,3.6804524565232914
240,358,2.0,2.812240318477612
288,269,5.0,4.064167758125472
711,222,3.0,2.8401784672079895
779,195,5.0,4.138915533853404
366,413,4.0,3.6259879112900935
69,12,5.0,4.702591064070692
94,823,3.0,2.996579432283233
129,307,2.0,2.903863774145563
193,689,2.0,3.10944414596227
620,740,5.0,3.934978681631972
498,522,3.0,3.3877188019466287
537,378,2.0,2.578369618552943
528,484,3.0,4.3049634836609165
573,836,3.0,3.4789293916825565
756,473,3.0,2.82437713572434
425,690,1.0,2.5937809332406174
393,365,3.0,3.7840461018527463
657,327,1.0,3.260417521089576
394,250,4.0,4.015107201618072
180,367,1.0,4.1088990245853925
749,986,3.0,2.676978908820837
711,48,4.0,4.471927173905089
145,216,5.0,4.314790383218648
334,945,4.0,3.780400798488341
339,663,5.0,4.324810408420383
588,12,5.0,4.181148579088163
699,1187,4.0,3.375070066862222
343,660,3.0,3.94485537521247
311,170,5.0,4.127153513792128
389,82,4.0,3.9449153694520267
497,810,3.0,2.878828087477456
586,69,4.0,3.925228207580073
268,1228,1.0,2.076663644575017
758,889,3.0,3.7405669364226823
896,133,2.0,3.181838540692804
215,144,4.0,3.977425975847652
125,508,1.0,3.362351564245373
66,248,4.0,3.611345604880314
181,1085,1.0,1.3464938877963872
21,184,4.0,2.8320205204737867
815,79,4.0,4.072902737823603
42,679,2.0,2.5865556229833193
940,474,3.0,3.580926543865014
338,708,5.0,3.804650413679491
543,568,3.0,3.4024916426784273
307,403,3.0,3.5595585594371575
409,1070,4.0,3.343148675584988
42,423,5.0,4.095980822777132
421,164,4.0,3.568688023291489
153,265,4.0,3.394298724029937
541,732,3.0,3.58292172273383
373,735,5.0,4.006571260931261
535,185,4.0,3.8479651405030486
71,98,4.0,4.247570666316228
790,153,3.0,3.5930331720689765
13,872,3.0,3.3417361754481623
244,763,4.0,3.6626978312431886
452,526,4.0,4.001986827011843
59,527,5.0,4.451543075211666
253,82,3.0,4.2032196945640985
430,42,3.0,3.624654329901402
726,832,5.0,2.3620155212762954
44,240,4.0,3.1541634760723074
618,724,3.0,2.9661278239397904
654,588,4.0,3.931005659264895
788,317,4.0,3.7699309753527417
871,289,3.0,2.8855619706189137
270,703,4.0,4.546599020122637
73,202,2.0,3.5347598403080474
693,568,4.0,2.9472153229236593
117,475,5.0,4.385884203649521
57,405,4.0,3.729967615702879
508,238,4.0,4.170522495369704
695,307,4.0,3.285332062031106
412,427,4.0,4.334281034988139
807,1483,4.0,3.8749262240618783
42,559,2.0,3.25060883695324
921,252,4.0,3.040082464666674
916,219,3.0,2.7878796329874764
934,664,4.0,3.795964851775555
144,4,4.0,3.6428306934644628
862,177,4.0,4.431506592719781
244,13,4.0,3.9771993355209028
392,127,5.0,4.952658805903934
436,411,4.0,3.236692248416869
624,831,3.0,2.564540768901776
169,705,5.0,3.7660973502660897
181,236,1.0,2.1328499334724076
184,238,4.0,3.7324752358048308
823,187,5.0,4.379268394993139
15,9,4.0,3.055400813075422
824,304,3.0,3.592385668672499
325,82,3.0,3.209028836467012
872,237,4.0,3.6304867067738993
867,655,4.0,4.353781647864272
458,742,4.0,3.181671313062983
276,88,3.0,3.7703013691314
442,2,3.0,2.7512314884183287
683,187,5.0,4.108903702083865
627,549,3.0,3.4429293807017753
894,324,3.0,3.3280206880851124
889,204,4.0,3.6458985655908935
700,144,4.0,3.8507625582424785
374,164,4.0,3.6576825644047397
751,269,5.0,3.922506857807782
330,432,4.0,4.439686707303589
398,144,5.0,3.9923383958216183
932,86,4.0,3.965387575892199
271,224,4.0,3.6937869992334877
711,905,3.0,3.8553349970438364
452,501,3.0,3.0213734278797846
291,773,3.0,3.582414002591413
747,357,5.0,4.88852874383942
280,392,5.0,3.6649124764871517
301,451,4.0,2.5524303125568792
117,405,5.0,3.6797158955176057
271,482,5.0,4.022955484510213
409,205,3.0,4.373314001145207
457,356,4.0,3.7842861703538926
293,152,4.0,3.1646114102375686
234,747,3.0,2.8792049322328572
346,237,4.0,3.505951721517611
463,283,5.0,3.016003117443967
699,3,3.0,3.1701136830326844
13,91,2.0,2.7591679318262208
295,420,4.0,4.332496078086374
351,1024,4.0,4.312048087044394
882,265,5.0,4.416175716135366
94,190,5.0,4.507595743204591
354,882,4.0,3.538422219287074
660,90,2.0,2.1331923954462386
514,97,5.0,4.111303861927449
375,566,4.0,3.6036727785906266
255,1034,1.0,2.1250559294398155
414,300,4.0,4.175981732960127
752,539,4.0,2.4291261515298737
813,892,1.0,2.4276138876280777
592,427,5.0,4.767485711499284
575,531,1.0,3.315463210600628
532,26,3.0,4.058548242090665
454,528,4.0,2.937824353653542
38,257,1.0,4.354848356673758
417,1215,2.0,2.2013316714135978
807,1050,5.0,3.976324932827922
320,202,4.0,4.038598779355682
327,589,3.0,3.5678137128904006
634,248,4.0,3.4381035393687074
98,47,4.0,3.2971658416989955
121,174,3.0,3.9325275358897755
102,363,2.0,2.064424107757775
271,602,3.0,3.3969257136558677
510,876,2.0,2.5311234351228724
360,423,4.0,4.079635821498724
774,64,3.0,3.132802258161688
92,40,3.0,2.740474226454477
583,655,5.0,4.285214782182734
458,194,2.0,3.9546249916165253
726,255,2.0,2.7323243838198237
917,50,3.0,4.421923150267903
378,97,5.0,3.8071788451164372
733,1115,3.0,3.182037600172957
62,72,3.0,2.9952198993652144
57,477,4.0,2.91524336158791
524,52,4.0,3.414027538002583
113,273,4.0,3.98753703562986
177,238,3.0,4.223196543622681
452,615,3.0,3.6762831329971855
524,818,3.0,2.76224517400577
313,193,4.0,4.009995077071837
28,441,2.0,3.0454589447487836
537,457,1.0,1.2334513317210836
119,616,2.0,3.6948336936453052
326,230,3.0,3.83476523687844
868,156,3.0,4.066112636119248
381,1115,4.0,3.8286253719135295
334,179,4.0,4.115168707568829
774,101,2.0,2.313574483788643
168,1278,3.0,3.382674043912525
892,484,5.0,4.633888023698614
676,265,5.0,3.900280711147779
863,900,3.0,3.449952191348322
442,26,3.0,2.8782731839163946
919,58,5.0,3.695062204630641
71,52,4.0,3.9290630240287396
911,216,4.0,3.954366970858414
226,513,3.0,4.535371943474795
774,117,2.0,2.1052867188798836
236,216,5.0,3.3952361026707885
425,751,2.0,2.7359445703195586
880,379,4.0,3.2508734151993255
593,723,4.0,3.562322017733302
801,245,3.0,3.7448203995754263
125,813,1.0,3.5522468838148273
13,271,1.0,2.986900812236527
303,655,5.0,4.2280613546121595
332,122,5.0,3.063254842980047
201,15,3.0,2.6088037735016267
932,617,4.0,3.953744422494005
200,103,2.0,3.60245380343004
863,242,4.0,3.8178334336884894
450,1303,4.0,3.004899554979626
897,528,3.0,4.330621664822548
378,411,3.0,2.6321537142571554
37,930,3.0,2.8688305144801984
497,1047,3.0,2.4074837575396324
262,11,4.0,3.4883145849903094
712,724,3.0,3.4423813019983225
601,840,2.0,2.0434047036498324
768,16,3.0,3.052829447245263
133,243,3.0,2.3283424334865606
592,95,4.0,4.011066992789368
618,1058,3.0,2.8917003641104557
634,269,4.0,3.8625577338215376
939,326,5.0,4.397548672103903
14,313,2.0,4.3398927911292144
141,120,4.0,2.334556733937376
896,546,2.0,2.703632904914375
92,401,3.0,2.765438064071996
659,483,4.0,4.649339025273004
276,384,3.0,2.875058636514786
704,381,3.0,3.5943755609220744
399,975,2.0,2.4469964401779896
922,834,1.0,2.09383863102867
883,421,5.0,3.8806933344212164
234,358,1.0,2.523491242287
592,246,5.0,4.352415811028376
665,248,4.0,3.755638166848404
562,194,5.0,3.9453499461748045
95,648,3.0,3.972540940865348
87,382,3.0,3.5889010059732493
834,288,5.0,3.578115089672203
435,84,2.0,3.0280413839756126
498,212,3.0,2.8324364401476965
775,344,5.0,3.711763091138829
884,179,5.0,3.9718873123867535
574,288,4.0,2.6324844954063
330,554,3.0,3.999471452613307
910,117,4.0,2.9709217891002946
235,346,4.0,3.6760370646099716
318,289,3.0,2.991841668052839
92,476,2.0,2.6383580491564103
275,418,3.0,3.1210447688455596
370,172,4.0,3.7242017019888762
660,755,2.0,2.326913693380191
321,224,3.0,3.376805148871304
224,678,3.0,2.4906615238065113
757,574,3.0,2.798154416868854
342,531,3.0,3.5172266782157897
399,265,3.0,3.4424527578751962
451,989,1.0,2.3424934939622917
557,1244,2.0,3.2481286972215733
144,223,4.0,4.258485224608669
222,403,3.0,3.4205959467900424
465,511,4.0,3.665455843181946
924,285,4.0,4.236854031083513
457,98,5.0,5.0
527,153,5.0,3.44505773743144
122,11,1.0,4.182281233584764
537,337,3.0,2.5921774797773627
499,181,3.0,3.7469369061439313
378,450,3.0,2.602703555492199
311,431,4.0,3.7747093865710504
367,288,5.0,4.443092233390059
342,220,1.0,3.3425567925415614
20,176,2.0,3.4554912230394943
270,265,4.0,4.421365291748112
416,795,2.0,2.6768980671810025
201,230,3.0,3.0497755188423348
634,477,3.0,3.3086216601215384
198,241,3.0,3.1654107984495314
595,293,4.0,3.6205663802447487
910,182,4.0,3.448978721769433
894,166,4.0,4.057975805065161
406,99,5.0,3.5331177281156707
464,176,4.0,4.6380264812420835
790,583,2.0,2.950905872605543
412,150,4.0,3.754677638937334
699,222,3.0,3.593046796030113
702,230,4.0,3.0168188095376536
344,322,2.0,2.9508682917950435
5,427,3.0,3.8188206943117424
13,813,1.0,3.6231318996425266
67,1093,5.0,3.9965118887512623
489,259,2.0,3.4086931193200876
811,895,5.0,3.953486870582466
276,734,1.0,3.1361326636950952
370,425,3.0,3.504627165180747
543,586,3.0,2.4901936074564666
711,217,4.0,3.4943747270232883
548,696,4.0,3.431925196598382
271,1411,2.0,2.6582680954597016
840,1214,1.0,3.4321553076912394
165,15,5.0,4.016505805536255
761,289,2.0,2.533705247975513
454,70,4.0,2.3941454951915757
693,572,2.0,2.676873560117253
654,109,3.0,3.7008475604717654
654,196,5.0,4.025285004034277
429,999,2.0,3.151204739617151
374,1014,1.0,3.3217419620383604
360,744,4.0,3.8346532482396296
882,176,4.0,4.490786004432979
378,22,5.0,4.305981198259136
5,404,2.0,3.1947769430217705
370,100,4.0,4.185671579336017
443,271,4.0,3.1028945438770523
174,823,4.0,3.359815646302891
94,154,5.0,4.506762634360808
308,226,3.0,3.3205273112704794
622,217,4.0,2.831786186602907
280,215,3.0,3.7149133810814883
184,527,4.0,4.195028261828186
600,174,4.0,4.726589929643317
415,322,4.0,3.4050758137248116
792,591,2.0,3.6026643217923695
239,530,5.0,4.610219142496705
472,1034,3.0,3.327183047186623
216,416,3.0,3.2703869432479986
931,286,5.0,3.493028448623265
751,172,5.0,4.226370925519298
60,272,4.0,4.453136982380464
189,526,4.0,4.417631314724293
888,792,5.0,4.049912489588234
296,242,4.0,4.441049427086142
397,474,5.0,4.525042859873425
503,546,4.0,3.3299573591649483
239,133,3.0,4.072424564237891
613,478,5.0,4.631741176369596
326,493,5.0,3.6351495412948376
833,654,5.0,4.136440208400287
198,474,5.0,4.099140479820101
158,116,5.0,4.046619721356244
303,200,4.0,3.4320542268626335
1,99,3.0,3.966646109653101
13,786,3.0,3.0227901888781403
315,466,1.0,3.856879111538367
782,288,4.0,3.1350915300409903
151,224,5.0,4.1165466917272155
528,239,5.0,3.832776948988215
738,423,4.0,3.9918982519276054
710,1101,4.0,3.658595281838755
264,856,3.0,4.466693888619402
92,778,4.0,3.303455981869526
627,58,5.0,3.009055225607383
373,24,4.0,3.6559590589014705
293,206,4.0,3.1386424988658654
783,260,4.0,3.3661424647225693
394,179,5.0,4.391834520073743
831,479,4.0,3.9786889236653202
846,423,4.0,4.250276879137145
342,746,4.0,3.982406487240049
615,179,4.0,3.8653466418565308
293,845,2.0,2.9072742956576514
648,559,2.0,3.185424971386862
105,286,4.0,4.031103147732103
593,685,3.0,3.4681910963628737
939,1023,4.0,3.6691158377930027
881,21,3.0,2.966752807447771
344,22,3.0,4.029951785185134
269,65,4.0,3.2290779197688146
887,496,4.0,4.614172885574747
82,191,4.0,3.369530062503795
490,993,1.0,2.726581577476655
897,521,5.0,3.640100263585016
456,655,3.0,3.5310183859168323
280,233,4.0,3.1817534832820487
541,755,5.0,3.429438629280166
129,311,3.0,3.3125060440320166
884,463,5.0,3.4936490946340797
58,923,5.0,4.321607371551654
870,549,2.0,3.1974197220848883
159,1132,5.0,3.0838128160100493
502,680,3.0,2.8752438900687847
92,15,3.0,3.2789510963657236
104,302,5.0,3.702676193121091
385,1154,5.0,2.624040138481913
399,291,3.0,2.695180324683609
875,135,4.0,4.288805089133735
210,301,4.0,3.7337226361046483
629,322,3.0,3.3295891085334883
587,315,4.0,3.6411516098606653
798,845,5.0,3.6068521758338843
303,1157,2.0,2.88462872488878
771,408,5.0,4.781710423042553
786,404,4.0,3.6613698309907923
627,76,3.0,3.0044689279730012
804,159,4.0,3.4935914599870768
405,1549,1.0,2.192489958937621
835,673,4.0,3.81353053156761
402,32,3.0,3.825005016184301
346,470,3.0,3.429255503955326
495,218,4.0,3.990884767169882
456,568,2.0,3.078443268440799
331,653,3.0,3.8071161749630495
66,21,1.0,3.144342959382573
262,125,3.0,3.1367041437078127
715,685,3.0,2.9190759523788983
409,499,3.0,3.881930704384944
6,538,2.0,3.5606383622658195
708,294,3.0,3.599949034484966
409,518,1.0,3.2446405347394447
665,186,4.0,3.6569378075830876
413,14,5.0,3.8682863855404768
401,316,5.0,3.270461667915678
455,343,4.0,2.815867625587599
23,597,3.0,3.0827087775867565
591,285,5.0,4.359054198692463
545,395,4.0,2.4951206339589644
378,441,3.0,2.545072928437299
594,222,4.0,3.397507634709201
66,237,4.0,3.7732146297241878
442,188,3.0,3.41343233255294
489,908,5.0,3.1781922406645706
387,477,1.0,3.1066674256538853
913,169,4.0,3.8017362409417403
532,168,5.0,4.653126482066902
714,1014,3.0,3.5492794026544567
495,392,5.0,4.226733272547266
7,593,5.0,3.3248629287676983
210,98,5.0,5.0
246,250,4.0,3.303164113073299
935,300,4.0,4.052835109979128
222,1438,4.0,2.5607443482422028
345,660,5.0,3.9794833682014588
499,347,4.0,3.3372998703642303
393,419,4.0,3.6435327076802113
665,293,4.0,3.766228680318976
65,77,5.0,3.730845598514546
896,422,3.0,2.144054238049089
382,168,4.0,3.754226475467443
648,1092,1.0,2.8567038232229716
262,1013,2.0,2.3256775790635165
775,269,4.0,3.8104552702013628
522,200,4.0,4.239725396996406
94,159,3.0,3.446553685560274
62,171,4.0,3.6197164998078875
756,99,3.0,3.5000274635864015
881,742,4.0,3.806252849143734
451,328,5.0,3.53151209906651
320,95,3.0,4.315128208122229
916,451,3.0,3.069509578446909
535,338,3.0,3.10339827613392
425,174,3.0,3.9111600592862525
49,50,1.0,2.905769236275364
237,83,4.0,4.120867034636453
643,410,4.0,3.4575187119167694
59,951,3.0,3.0985455730251625
780,423,5.0,4.028631580665685
412,634,5.0,3.5614318709340855
790,208,3.0,3.796638376863668
91,338,4.0,2.81079625808037
648,231,2.0,2.061727222646403
601,928,1.0,2.591765451780513
405,735,5.0,2.462345333595256
880,4,4.0,3.951606936848619
442,150,4.0,3.728643255241213
504,240,1.0,2.754974460757801
561,98,4.0,3.9332951501125097
435,627,3.0,2.741040638099919
826,385,5.0,4.065745153827153
682,211,4.0,3.590570247023205
880,217,4.0,3.253601591974085
268,384,3.0,2.2908936055819056
664,631,4.0,3.9170541557645175
274,71,4.0,4.433324259938856
567,96,4.0,3.638252529718524
279,1321,4.0,3.163971837208894
269,723,1.0,1.946890199510691
840,196,4.0,4.047406180213033
85,647,4.0,4.136534515717776
883,224,4.0,3.857265713539311
222,96,5.0,4.428150391119529
434,815,4.0,3.8282991764383625
826,11,4.0,4.45525916734628
569,405,3.0,3.579145407639135
114,56,3.0,3.558931247432855
435,1103,4.0,3.2558828447796166
299,1103,4.0,3.7234695288505146
733,1129,4.0,3.4395187074814775
736,253,5.0,3.5245495711561188
52,463,5.0,4.456249634754539
911,435,5.0,4.1656728420136
363,47,5.0,3.24051438183845
494,528,3.0,4.374841968834772
889,96,4.0,4.077599801104727
146,262,4.0,3.9468510356092845
637,150,1.0,2.7196853239718592
835,281,4.0,3.425053348442729
829,276,4.0,3.4737019418057904
810,342,5.0,3.7945913863813434
919,596,3.0,3.4974304757986587
768,288,4.0,2.9338444463979734
409,136,4.0,3.8978858922726136
199,1354,1.0,2.716765807606481
429,628,3.0,3.4194934162593147
303,294,4.0,2.7621466444544884
622,1207,2.0,2.2313892656179095
690,223,4.0,3.8210530005308803
770,15,5.0,4.424126034148645
170,328,3.0,3.873889082230588
158,511,5.0,4.674528879866719
664,431,2.0,3.4800032874682247
87,228,5.0,4.626166562964523
537,506,3.0,3.5475460011021833
148,529,5.0,4.137738204972135
112,325,1.0,2.84937145949455
303,559,4.0,3.2368777689532755
373,727,4.0,3.205588354469211
101,284,4.0,3.003761697018197
693,130,1.0,2.1705734032395614
707,719,3.0,2.0336618804545203
523,168,4.0,4.441337581806143
13,86,1.0,2.71942604015814
536,679,4.0,3.0325883923174657
59,559,5.0,3.6540540316987498
804,208,5.0,4.1921392305255685
276,100,5.0,4.5438725103000115
254,629,2.0,3.0774240440366216
543,1073,3.0,3.566050639068659
94,1011,4.0,3.6630914080258177
22,167,3.0,2.8433541446151
573,134,4.0,3.9252075209946935
655,1045,3.0,2.6178009521333134
136,15,4.0,4.169303103623938
293,122,3.0,2.672306759559765
561,1210,1.0,2.0689172879390663
757,17,3.0,3.0444594780133394
429,1016,4.0,3.252894846704208
887,288,4.0,5.0
721,872,3.0,3.2997893314778834
212,427,4.0,4.110547261159049
189,294,5.0,3.189796418884133
45,276,5.0,4.175886412573994
59,243,1.0,2.3651215723242522
102,993,2.0,2.8030539468571973
450,611,5.0,4.515252205978869
185,181,4.0,4.020857408628267
187,792,5.0,3.6166541377505674
865,763,1.0,2.4972538981917296
699,283,4.0,3.4059896701351664
174,384,1.0,3.0886148000659945
83,127,4.0,3.960259266424139
716,260,1.0,2.8096848037593753
517,823,2.0,2.924748494412308
308,520,4.0,3.8298634281635264
263,99,3.0,4.315595469618882
563,220,4.0,3.6848170182219167
672,25,5.0,3.369789396008354
308,141,3.0,3.7923310944231527
286,142,4.0,3.364930664682164
466,679,3.0,3.148529988055812
351,258,5.0,4.2680935953440455
239,382,3.0,4.265655569730755
509,294,2.0,2.444722681833031
640,1016,3.0,4.068612501973886
187,651,5.0,4.41535896239143
184,1014,2.0,3.223124849305918
699,16,3.0,3.283997974267781
815,485,4.0,4.0935879288732675
665,1,4.0,3.5887981843087995
937,508,1.0,3.6877175002786347
290,625,4.0,3.124223619384121
315,211,4.0,4.108219713813491
797,300,2.0,3.1886023495569185
368,11,4.0,3.4484999271507903
159,756,4.0,2.6777933468417916
536,432,4.0,3.5686682688428557
887,443,4.0,4.3717691264024365
60,673,4.0,3.925108116369031
232,357,4.0,4.301856225978699
871,50,5.0,4.585370389140511
5,457,1.0,1.714099914709714
363,571,1.0,2.2848197818588445
360,187,4.0,4.1881556397450606
636,118,5.0,3.898662229838932
823,87,5.0,4.225772805109893
757,333,4.0,3.7654549735066936
600,181,4.0,4.579098429195183
366,853,5.0,4.036999347735652
405,8,4.0,2.6738057567985987
118,79,5.0,5.0
880,38,3.0,3.0057560957958396
781,232,3.0,3.4868025775132705
234,506,4.0,3.577583959895666
293,183,4.0,3.8438014322731493
806,82,4.0,3.623989131822023
87,182,4.0,4.078129288027216
639,153,3.0,2.9958258835791187
234,99,5.0,3.2790649918372714
290,22,5.0,3.948160038002796
928,173,4.0,4.54747861793761
632,168,4.0,3.7750322210254836
654,408,5.0,4.586635726541376
328,182,2.0,3.5421131294946724
593,159,4.0,3.270933134613956
922,431,4.0,3.0031652117527465
561,1024,3.0,2.9264281163659787
624,126,4.0,4.0281079715851265
752,322,1.0,2.9769259203768934
682,1178,1.0,2.567414569292805
398,173,4.0,4.330046469442652
198,237,2.0,3.053212605155907
293,15,3.0,2.908950604645919
738,357,4.0,4.032413002943626
354,473,3.0,3.2234873884918676
74,121,4.0,3.2411432552813966
345,238,5.0,3.7644472780375318
889,385,3.0,3.3154926660331725
543,188,4.0,3.5269740432049272
253,895,4.0,3.0331677117367324
727,33,3.0,3.157033426981033
456,845,3.0,3.107751965126729
574,258,5.0,3.840781630343292
249,271,4.0,3.5118469789173536
416,431,4.0,4.30306878083648
378,11,3.0,3.9509873652996053
381,1407,3.0,3.1854800305450106
330,393,4.0,4.472508091323558
329,512,4.0,3.9741318212120613
274,69,5.0,4.398599811400904
711,345,4.0,3.8560687536657365
339,343,3.0,3.1719504215216365
87,651,4.0,4.583617368561882
145,559,2.0,3.1656106203595997
881,15,3.0,4.085531515064158
125,98,5.0,3.9895024793959752
704,134,5.0,4.262074496168708
364,269,4.0,4.1689769801122685
790,405,3.0,3.0378618874481846
234,284,3.0,2.4572843599816903
405,1193,1.0,2.3190472805887756
478,710,5.0,3.092221334095484
693,281,3.0,2.4775521268887615
339,139,3.0,3.148116898756885
755,259,3.0,2.5736771771981557
747,429,4.0,4.154259388915146
470,824,4.0,2.6926155212178555
21,322,3.0,2.1760968048281226
620,7,4.0,3.9799132938764608
412,211,4.0,3.8177006025064957
562,190,4.0,4.179365660253037
269,497,3.0,3.647166648406773
715,50,5.0,4.365370295853698
303,250,4.0,3.986883166853064
398,1020,3.0,3.780138595128629
896,481,4.0,3.5194378626156353
490,1386,4.0,2.6955688919930263
44,257,4.0,3.443328931416489
838,313,5.0,4.551765062905627
17,245,2.0,2.276447042527839
210,300,4.0,4.389975502075455
301,105,3.0,2.3264009513474635
903,127,5.0,4.394021559391882
153,325,2.0,2.4702759783918875
92,159,4.0,2.7747547727517317
637,282,3.0,2.790913034590314
376,357,4.0,4.297548406259683
779,235,4.0,3.2685172243480825
880,720,2.0,3.039183340658613
393,1179,4.0,3.0867300855818964
229,313,2.0,3.6510860274863135
87,433,3.0,3.898786666974857
224,555,3.0,2.4056725979207125
942,95,5.0,4.533297257123475
280,699,4.0,4.137575947211895
716,549,4.0,3.8591135052106558
468,647,5.0,4.4515963822969855
889,615,3.0,3.806438434794552
537,1009,2.0,2.816515918745877
283,71,4.0,4.141162694515121
191,343,3.0,3.514447991145558
669,511,5.0,3.8028553503841462
437,842,4.0,3.354528185136165
239,589,3.0,4.784245097180101
705,286,3.0,3.407601339469225
458,189,4.0,4.314125086135967
200,82,5.0,4.423380457627346
387,559,3.0,3.143170184690627
809,299,4.0,2.927138639438026
537,323,1.0,1.8716484903817656
308,495,3.0,3.7409574964862915
66,742,5.0,3.4753822335493316
7,385,5.0,3.8306018778954556
99,79,4.0,4.475823469158721
255,984,1.0,2.2800925775773653
535,162,3.0,3.651373561168437
464,709,5.0,4.489038528020074
393,81,2.0,3.1194920269987474
524,133,5.0,3.4384146685611516
295,1050,5.0,4.333014126180738
339,88,4.0,3.5744763705544544
168,222,5.0,3.416289738487299
72,566,4.0,3.7881280795944634
42,73,4.0,3.4445403972141975
82,518,4.0,3.2600128357167693
276,586,3.0,2.6920750438465717
889,1069,1.0,3.3381807850054073
896,705,5.0,3.8358881872008648
458,64,4.0,4.134599303561347
577,727,5.0,3.6154500882059994
886,55,4.0,3.314053112191899
932,399,4.0,3.325713533304673
786,588,5.0,4.1499316812707265
489,895,4.0,3.491578916524238
448,1022,5.0,3.266058884827782
486,689,2.0,2.864099625344272
833,22,3.0,3.36375864305178
416,272,5.0,4.422144041807027
75,820,3.0,2.922694922578981
30,688,3.0,2.451592118356565
423,282,4.0,3.594855417764515
682,217,4.0,3.0079899783563717
494,121,4.0,3.9405906702085702
572,1171,3.0,3.2512438477800063
87,321,2.0,3.4609989431312322
524,135,3.0,3.5593826832481255
435,760,1.0,2.2631356774406175
313,195,5.0,4.290952146742657
291,175,2.0,4.032314769943111
346,38,3.0,2.948433225763648
291,89,3.0,4.771983066939131
847,144,4.0,3.184988061413907
30,135,5.0,4.162732994723191
308,452,2.0,2.7372365444833755
295,227,4.0,4.079697601999972
486,475,4.0,3.7917653385042054
388,569,5.0,3.447534997383335
642,1287,2.0,3.2723756724559205
276,373,2.0,2.6991011085839194
881,27,3.0,3.253394779093536
11,652,4.0,3.786009928491833
413,326,3.0,3.027624489534103
542,168,4.0,4.272552309015879
628,305,5.0,4.828909096014075
105,268,4.0,3.856384796348651
145,265,5.0,3.7130334522718904
454,707,3.0,2.818563981949428
58,45,5.0,4.173271508623993
195,508,3.0,3.6006677953081465
585,863,5.0,3.8115157759899017
174,31,4.0,3.6642616835710515
587,272,5.0,3.745435388129756
301,233,4.0,3.472960278439352
586,117,4.0,3.933875783515667
818,286,4.0,3.0798233932217878
405,1230,1.0,1.0
870,188,5.0,3.3817607125991214
660,298,2.0,3.2389142349348052
535,179,4.0,3.4400871274455556
94,88,3.0,3.004894564423278
943,1011,2.0,2.997627492285879
892,403,3.0,3.9365592273975647
844,690,3.0,3.4810668533997324
886,819,4.0,2.6824014840409878
160,282,4.0,3.669503897618416
496,1133,3.0,2.8147965984735266
449,15,4.0,4.079317170743883
916,713,3.0,3.4163078962181794
783,331,3.0,4.0457494480643
144,91,2.0,3.291190979323846
642,1311,3.0,2.926217861160762
23,28,3.0,3.792371302656996
478,12,5.0,3.6465855156268265
606,161,4.0,3.87049991288478
178,173,5.0,4.568654828408704
117,109,4.0,3.890685670272839
698,28,2.0,3.3481335696298564
84,529,5.0,4.416219921471934
699,322,3.0,2.805248493608102
303,430,4.0,3.81892463151764
621,176,3.0,4.150036893862437
316,530,2.0,3.4932845067921554
394,72,4.0,3.69051847215613
456,216,4.0,4.150069140189262
22,405,1.0,3.2916589381954204
595,763,3.0,3.1308649059098315
74,126,3.0,3.884579851155073
301,393,3.0,3.4907081599174634
469,286,5.0,4.087631888812467
782,887,4.0,2.9274233003551076
566,82,4.0,3.462502965310999
137,257,5.0,4.814529898551903
843,271,5.0,2.4910715970207815
932,238,3.0,4.217031608701891
907,278,5.0,4.018713055819147
118,433,5.0,4.88276376821972
525,237,4.0,3.555075249336095
553,487,5.0,4.30858513380198
638,174,5.0,3.8250380622559046
244,278,3.0,2.8181178393364017
504,186,3.0,3.8439464832034482
427,258,4.0,5.0
474,523,5.0,4.1503209441551485
92,780,3.0,2.7182577956183103
397,492,4.0,3.8694164821382477
442,90,3.0,2.6115621845331987
677,322,4.0,3.4886858760401225
76,1158,4.0,3.3598396432814264
733,471,3.0,2.8593226960433924
880,179,4.0,4.652578397494138
537,271,2.0,2.152986349326301
739,22,5.0,4.261293059492029
832,873,2.0,3.043037806300725
599,111,5.0,4.052524005026537
894,343,2.0,3.1957614454130643
561,1009,4.0,2.907743471635147
379,637,2.0,3.3769477689637615
500,471,4.0,3.0737484905515466
422,129,4.0,3.834931739444349
374,443,5.0,3.7098297947461343
841,748,4.0,3.8508416460295103
102,29,1.0,2.210381615103519
94,471,4.0,3.4184363056179152
297,471,3.0,3.336693020241941
655,448,4.0,2.845804200048032
416,143,5.0,4.789894541141894
293,297,4.0,3.6865544352987296
405,795,2.0,1.0466358559180808
533,190,2.0,4.0424317325554675
8,187,4.0,4.5281473106844015
764,151,4.0,3.6240698089862695
487,572,1.0,3.3090810313102903
344,288,4.0,3.204364322772848
626,748,2.0,2.3718699696974688
476,343,4.0,2.8291556301764844
174,9,5.0,4.134680729506966
472,365,4.0,4.416077750187447
932,528,5.0,4.344416805202627
536,80,2.0,3.3497378256495223
506,77,3.0,3.5927140173869168
721,938,3.0,2.8524741018742166
796,761,3.0,2.8911037111368745
815,95,3.0,3.484968389978126
535,707,4.0,3.8138893729755194
733,922,3.0,3.452955787517468
254,449,5.0,2.7840148286134307
244,1209,3.0,3.212630477801294
64,748,1.0,3.5626854791778517
489,322,5.0,3.5449785220841643
916,82,4.0,3.2491174904284015
297,271,2.0,2.8741356164674805
637,985,2.0,2.2748531113637798
203,294,2.0,3.2980729887712448
788,879,4.0,3.2094973535882736
872,892,3.0,2.9363460647754334
566,100,5.0,3.978801213407281
334,521,4.0,4.187101953047719
659,490,4.0,4.116251159726937
407,402,2.0,3.2343222083883907
920,313,5.0,3.9886557859956344
823,474,5.0,4.525472418631985
222,739,4.0,3.3184608251793883
682,294,3.0,3.0091466831062323
344,9,5.0,4.1732309080089705
229,269,4.0,3.9063779196689454
658,724,3.0,3.546996536163829
827,358,2.0,2.5108564365547172
110,64,4.0,4.116732284956952
5,446,4.0,3.101202563753091
251,210,4.0,4.147331453925847
650,747,3.0,2.8683809016799495
398,708,3.0,3.3318075553281457
570,286,4.0,2.9437352003760813
848,215,5.0,3.832879651240125
326,564,3.0,1.5789302528261446
229,311,5.0,3.1942391930107705
425,83,2.0,3.2687265497359284
18,194,3.0,4.072483215241126
216,3,4.0,3.5055915370594493
500,662,2.0,3.1281084889195307
320,895,4.0,3.7705662598760155
717,343,4.0,3.505482584387275
604,670,5.0,2.8742543952044817
727,260,1.0,2.9498767191462703
12,15,5.0,4.226480219022754
537,588,1.0,3.308997024853521
493,546,5.0,3.5680794617667018
301,82,5.0,4.035428856173098
246,294,2.0,2.841247432585972
609,259,1.0,2.4600845269061877
181,1028,2.0,1.7105008999934161
544,332,3.0,3.022963864363131
201,654,3.0,3.560190342916442
145,1210,1.0,2.754198103174465
883,896,5.0,4.060737597662604
796,1163,3.0,3.0477530748905255
453,85,3.0,3.0930085990208966
442,184,2.0,3.437023751014316
303,1230,1.0,2.3041133455308125
10,194,4.0,4.550998833703393
620,112,4.0,3.47285502687092
687,678,4.0,2.648306914573566
379,93,3.0,3.9693999669509132
361,517,5.0,3.8205256902578935
93,235,4.0,2.9407811253078804
303,215,5.0,3.9965309144706187
807,1039,4.0,4.061212184385132
175,12,4.0,3.9835821829841533
318,404,3.0,3.5949003518896796
682,393,4.0,3.1112848837046725
788,445,4.0,3.467378420732897
392,347,4.0,3.968640247869879
580,249,5.0,3.2159957605474916
902,87,4.0,3.5205576503231266
553,1200,3.0,3.673729005961414
116,180,5.0,4.0639515329193
894,255,3.0,3.2708374400208498
406,130,3.0,2.2577878300274086
102,235,3.0,2.3007425315657315
361,197,5.0,4.140421209686739
85,14,4.0,3.8095004539453012
387,176,3.0,4.59188786755816
553,648,4.0,4.205008337754444
94,182,5.0,4.493208809773154
307,472,3.0,2.8276578231280602
682,802,2.0,2.360102012617707
303,948,2.0,1.8685661885871858
405,698,1.0,1.997819074926594
87,202,5.0,4.352058282185081
328,665,2.0,3.1024842332242
265,125,4.0,3.7282820389697684
145,257,5.0,3.7810429648112778
918,606,4.0,3.7911838437616474
543,1014,4.0,3.0462534403749797
85,237,3.0,3.2661241786755344
13,657,4.0,4.244828598548633
254,624,2.0,3.08181117095308
521,268,5.0,3.2104201423570893
233,499,3.0,4.474074867962066
42,96,5.0,4.8019071385185
782,1283,2.0,2.1307715802821194
848,478,5.0,4.536799678922303
453,578,3.0,2.950947180333364
842,752,4.0,3.6569591896099456
543,324,3.0,2.893028823172214
232,194,4.0,4.13162027427099
58,175,5.0,4.005764400896332
851,331,3.0,3.631051402163097
941,124,5.0,4.519878328360012
84,31,4.0,4.1784096524759695
474,923,4.0,4.334845129119947
544,258,3.0,3.2849618985037035
450,722,5.0,3.351289058944189
907,1016,5.0,4.456716529672103
518,276,5.0,3.598825171561966
731,66,4.0,3.2307696126064784
21,995,2.0,2.601178561176848
536,378,5.0,4.231887062873203
37,82,1.0,3.8262849231772904
160,455,4.0,3.317417882951751
748,451,1.0,2.970640026001659
595,298,4.0,3.720649909742197
293,121,3.0,2.0605270497335684
308,502,5.0,3.527597970053942
191,313,5.0,4.239521549799518
675,86,4.0,3.6879880135395062
179,691,3.0,3.0992176819592423
881,7,4.0,3.44092320508309
533,109,2.0,2.950100056525674
129,313,3.0,3.552475866347132
638,410,4.0,3.1328950227551533
450,663,4.0,4.502410829926297
450,521,4.0,4.189773258025047
292,249,3.0,3.473819719483132
698,283,2.0,2.8272992376481647
276,204,5.0,4.097243172307898
862,180,5.0,4.554588751826021
622,94,2.0,2.961130836988211
642,1,5.0,4.22495565225722
49,301,3.0,2.3437451947339887
892,385,3.0,4.318481908352751
828,1646,4.0,2.97473299749314
504,559,5.0,3.649153684884609
222,144,5.0,3.553499851645744
524,661,3.0,4.208838689215286
236,88,2.0,2.8347981199473646
406,596,3.0,3.1364968800904496
200,409,2.0,3.7779331130266485
804,259,4.0,3.3099946339109922
506,490,3.0,3.8548459895778424
416,161,4.0,4.1839329492557855
840,659,5.0,4.338155592177675
519,264,2.0,3.6394439170180175
416,405,5.0,4.110048791761385
627,28,3.0,3.547375359755985
486,282,2.0,3.355042268612253
214,56,5.0,4.081579137864824
94,61,5.0,4.1922739663395285
97,135,5.0,4.0997194339356025
724,1176,1.0,2.5006112716872564
13,441,1.0,2.702804512259153
653,136,1.0,3.2405089449666
261,342,3.0,3.745292917065528
796,418,4.0,3.9683711289701056
881,186,3.0,3.853055240018428
94,1223,4.0,3.3806463536682987
459,926,4.0,2.9380666795552353
8,511,5.0,4.660898122480302
715,125,3.0,3.08623170490287
194,471,3.0,2.7926965899303164
920,682,3.0,2.6963900363537747
829,190,4.0,3.97276992810149
264,559,5.0,3.8808616608860804
556,127,5.0,4.390509477452164
276,1245,3.0,3.5475441152209686
521,99,3.0,2.983389204930485
273,272,4.0,4.235604273566785
782,1670,3.0,2.92559824150873
464,289,4.0,3.5354320216292874
316,318,5.0,3.7870584879902918
39,294,4.0,3.447124050068618
13,833,2.0,2.5802409949916725
878,286,4.0,3.2846760564976973
857,325,1.0,2.834851084022101
786,357,5.0,4.33318603582796
442,29,3.0,2.365268186846761
123,275,4.0,4.15418267668706
780,275,4.0,3.91677204305401
94,183,5.0,4.583973061258423
345,291,3.0,3.5264359181437728
826,550,3.0,3.9286826543087514
195,809,3.0,3.0402250393713306
289,254,1.0,2.080988594585564
42,720,4.0,3.2293338668709435
624,628,4.0,3.7418212220387606
707,533,5.0,3.4233528020273503
370,181,4.0,3.8140261621059417
472,234,4.0,4.422268670496528
299,1073,4.0,3.692555010214296
608,262,3.0,3.6712797978130274
145,943,3.0,3.5590591587308302
363,174,4.0,3.439754918683695
23,463,4.0,3.782209999248647
774,453,2.0,1.0
119,405,4.0,3.72245764136538
633,5,3.0,3.1435914222338495
627,227,3.0,3.255134612421949
579,216,5.0,3.585909303144726
95,328,5.0,3.3842215663785105
942,300,5.0,4.27265205273642
875,358,3.0,3.2757889587011473
293,47,3.0,3.440528349822247
776,1219,3.0,2.4590763178942936
299,208,4.0,3.7151402395061477
924,174,5.0,4.175827941157357
716,662,3.0,3.3290555434297073
457,385,4.0,3.9614900700950404
883,239,3.0,3.6120403091471593
290,28,5.0,3.831718017479912
429,265,4.0,3.784328397610576
270,282,3.0,4.816332572452222
195,234,5.0,3.742753682245773
867,7,5.0,4.230406410972366
145,275,2.0,4.505766077225832
15,13,1.0,2.7775354069107885
586,356,4.0,3.194173684689322
6,174,4.0,3.822201797474932
357,748,5.0,4.377560434598888
327,33,3.0,3.2567937159428215
518,742,5.0,4.207501060085607
524,492,3.0,3.766133575186635
407,559,3.0,3.178701691494315
171,313,4.0,3.9691756847036466
121,740,3.0,3.3248312419839205
42,367,2.0,3.576506131192947
582,328,3.0,3.266553333652701
533,443,3.0,3.3641641578133283
298,946,3.0,3.3819287276787326
551,156,5.0,3.883327665033155
226,23,3.0,4.045744819242117
716,1269,4.0,3.5830832140428033
875,50,5.0,4.4930856663459116
870,55,3.0,3.238656623629161
393,84,3.0,2.6477781669648475
857,328,3.0,3.87093112456011
648,576,4.0,2.736205044510756
288,528,4.0,3.9646632807681956
200,393,4.0,3.9130058108113257
542,871,2.0,2.2486183366611323
617,674,3.0,2.4501945882284506
621,257,5.0,3.8904793006560534
297,277,3.0,3.331421059823271
144,1285,3.0,3.1940912329029394
650,243,2.0,1.8035792203248362
802,259,2.0,3.1957589629697076
323,475,3.0,4.212699255475843
205,300,3.0,3.4151899217338704
634,919,2.0,3.6908667898157326
130,272,5.0,5.0
664,89,5.0,4.065033649423057
671,56,1.0,3.9862005495692965
835,179,5.0,4.322187990081731
788,43,3.0,2.677174563349893
533,19,3.0,3.6718310530981033
331,132,3.0,3.9545820359646076
74,302,4.0,4.193762184427932
621,250,4.0,3.839650068909675
92,322,3.0,2.4251144127654434
59,28,5.0,3.963281109157985
871,97,3.0,3.896636753312271
401,196,5.0,3.1259597300618824
250,270,4.0,3.762428186613484
453,628,3.0,3.3510360766284983
546,322,4.0,3.749699882829678
236,191,4.0,3.9768341775177696
387,81,3.0,3.6441978740134457
116,297,3.0,3.2549628380207984
514,116,4.0,3.806953179510526
49,1074,2.0,1.8170547142464342
927,227,2.0,3.8235107276707656
405,178,3.0,2.6955906547569914
143,325,5.0,3.023288369365205
627,182,4.0,3.315978735536217
64,100,4.0,3.6860586558387007
295,174,4.0,4.636008077719356
551,176,4.0,4.433880564380057
43,950,3.0,3.031752635599638
866,344,2.0,3.037612107956695
251,748,2.0,2.9366689027247315
860,315,3.0,3.696539152283742
895,885,2.0,3.2358761845984696
305,664,2.0,3.398732185468769
579,238,3.0,3.6722238771865046
326,205,4.0,3.6440891494899104
365,309,1.0,2.943856826330724
426,527,3.0,3.928150782442095
450,724,5.0,3.8668944263252616
588,131,5.0,4.269647400263726
393,290,3.0,3.17479282931349
848,509,4.0,4.004071754993978
405,1247,1.0,1.7902424039798317
246,1039,4.0,3.6833061674541114
405,202,4.0,2.2502785797439584
435,174,5.0,4.07553862347765
506,168,5.0,4.250857385559338
863,990,1.0,3.0284376334182403
276,128,4.0,3.6977535342312535
901,430,3.0,4.406801663276266
887,432,5.0,3.7298483969302128
280,9,5.0,4.57675923924267
373,435,4.0,4.078805063078656
303,546,2.0,2.601206450820508
588,1061,5.0,3.7045792408933274
345,988,2.0,2.412360274759045
95,378,4.0,3.7843935415118537
630,240,3.0,2.6564177793112105
654,302,5.0,3.8483184360292744
894,311,4.0,3.8764441103197442
311,258,4.0,4.236913846868344
939,591,5.0,4.661550286333723
216,234,4.0,3.7548986973142635
815,313,5.0,4.374358476722148
387,581,4.0,3.0989980704345417
181,111,3.0,1.6015918173067514
188,1213,2.0,3.2788350060019327
194,692,2.0,2.897242067883266
253,966,5.0,4.216287470191851
104,508,2.0,3.126173123675725
532,235,3.0,3.0790846909354
851,930,3.0,2.9348922523678165
916,569,2.0,2.6764423981579193
716,385,1.0,3.6754774921524542
445,433,2.0,2.2586262143982845
622,276,4.0,3.663076939585896
864,969,4.0,3.9351915516737814
75,322,1.0,3.1700514140201745
214,131,3.0,4.04186046442734
327,333,2.0,2.871279572502953
450,38,4.0,3.3374733164439316
279,1435,3.0,2.762041448955922
764,15,4.0,3.825344762224645
256,11,5.0,4.3504217290100184
15,308,5.0,2.908040192265777
179,353,1.0,2.3617450678200766
257,381,5.0,3.7080501100242387
911,151,5.0,3.5074228961411027
458,529,3.0,4.282245578127579
355,882,4.0,4.119567202825544
249,135,5.0,4.8484889860608815
249,317,5.0,4.324074786548019
271,692,4.0,3.291724641632065
94,157,5.0,4.1832625380198465
774,585,1.0,1.7060608621503712
474,485,4.0,4.167643560251665
497,720,2.0,2.895439973304737
506,148,3.0,3.4171117633209027
227,411,4.0,2.5070225516057585
527,201,3.0,2.9774850393675023
216,763,4.0,3.2889256569163647
373,195,4.0,3.746569533556953
778,197,4.0,3.3143275300293387
807,1066,5.0,3.4851858320457647
314,66,5.0,4.085122344902672
151,405,3.0,3.5997522328835214
276,223,5.0,4.480913836395182
100,905,3.0,3.0607839565203223
536,546,2.0,3.6896727673106167
592,409,1.0,3.3727555874200497
312,8,5.0,4.1736987395070235
416,794,5.0,4.2673617969390305
630,237,5.0,3.622691099054809
410,312,2.0,2.9217150855181373
648,477,3.0,2.5339211436165527
13,191,3.0,4.326001870378164
632,275,3.0,3.888098389676281
799,479,5.0,4.413813111230961
608,79,5.0,4.1095446550149966
618,8,3.0,3.6380490452000798
880,476,3.0,2.984615132850684
788,754,4.0,3.13037261554696
718,742,5.0,3.987765169991677
335,340,5.0,3.0235922742318846
378,91,3.0,3.7129281948531743
184,170,5.0,4.26074158657
894,1005,5.0,3.6416007267077473
933,934,1.0,2.208175156439317
721,125,3.0,4.140562041160122
500,97,4.0,3.208981330796153
618,12,4.0,3.928009848507599
495,191,3.0,4.555338694896598
626,294,3.0,2.5092255470434934
670,482,5.0,3.955754851194776
758,514,5.0,4.493395259584867
314,1016,4.0,3.573139056444068
835,180,5.0,4.380527797249764
101,118,3.0,3.5714851922239372
416,246,4.0,4.233149837883362
125,94,5.0,3.765743103116766
927,560,2.0,3.418540684651699
818,271,4.0,3.1205440728829674
236,282,5.0,3.542906765400924
181,1245,1.0,1.5453642023307212
551,286,4.0,4.388788236021155
399,746,5.0,3.446160977625532
708,1023,3.0,2.6538487921090694
385,673,2.0,3.137156854031659
213,2,4.0,3.6488018787239933
452,187,3.0,4.152479854541213
192,813,4.0,4.200562977071568
141,300,5.0,3.8260883001366643
919,321,2.0,3.2135422341255566
659,603,5.0,4.283035523726715
293,94,2.0,2.316496074857101
906,475,3.0,4.134859493765015
22,175,4.0,3.995639765034933
854,56,5.0,3.514827807976539
459,291,4.0,3.49445133142137
246,94,2.0,2.6851114131694565
804,625,3.0,3.5542007235472157
682,235,1.0,2.7112373204085616
78,1160,5.0,3.39471855839702
880,1277,4.0,3.693066866115681
235,303,4.0,3.9770911060040803
769,824,2.0,2.6742799230376253
321,48,4.0,3.9791729903445963
654,250,1.0,3.734037042683547
452,462,4.0,3.579583914062597
715,64,5.0,4.204910822580696
773,238,4.0,3.900077604525207
123,22,4.0,4.1032658066566015
221,259,4.0,2.801391954187859
90,208,3.0,4.53880126538634
784,271,3.0,3.8072500997281766
100,689,3.0,2.7332850873301364
498,14,4.0,3.307757690475447
934,172,5.0,4.221547648479483
344,715,4.0,3.6994457436903714
135,77,4.0,2.9508664879370667
836,496,4.0,4.2094495354143735
445,689,1.0,1.5790514755380283
503,736,4.0,3.9805967185329156
435,393,2.0,2.541961052423138
896,739,2.0,2.9526671555136907
326,183,5.0,3.6819787419382695
592,60,4.0,4.008694143042499
541,1412,1.0,3.1055121544609845
883,752,4.0,3.710618298205918
11,90,2.0,3.1225279813797804
201,1163,1.0,2.4574945308510228
318,66,4.0,3.853552110995541
503,127,5.0,4.309123836080529
75,108,4.0,3.1897736329911015
109,239,4.0,3.512294715371426
222,162,2.0,2.880162895938507
313,420,5.0,3.6597846960535847
846,50,5.0,4.573051796123332
488,207,3.0,3.361957516148068
279,1059,4.0,2.6165700696683807
401,1011,3.0,2.7341223758832447
177,307,4.0,3.430799261720335
537,855,3.0,3.0456076610876726
223,1014,4.0,2.981863781156515
234,610,4.0,3.291535536035286
741,94,3.0,3.0750396696046125
456,218,4.0,2.914115330567272
805,319,2.0,3.3774211747401908
181,104,1.0,1.1011311058853575
458,307,4.0,3.1985193790250754
707,723,3.0,3.0411023393446235
13,241,3.0,3.2070509610408546
474,380,4.0,3.5185404453413165
299,1132,1.0,2.5840883384964513
422,257,4.0,3.593301704227655
934,492,4.0,3.518579265265406
474,414,4.0,3.977996967856862
641,198,5.0,4.40366050325654
804,550,4.0,3.6961877291186735
150,181,5.0,3.9579204485003365
807,968,4.0,3.785132413631006
308,614,3.0,4.055382541843302
292,491,4.0,4.275935942990841
710,268,4.0,3.3803232260271208
650,447,3.0,3.1481647244211803
383,205,4.0,4.332121858353517
201,385,2.0,2.8571164003462135
272,238,5.0,4.3919121364926665
806,655,3.0,3.982568872355264
301,100,5.0,3.575653562417857
382,481,5.0,3.6058719718187624
721,284,4.0,3.5720519242405593
378,143,4.0,3.7398102203077097
296,1142,5.0,4.617294710013298
481,66,3.0,3.601798006257016
807,199,5.0,4.258179177973579
588,566,2.0,4.030763148374931
64,347,3.0,3.446651170348767
708,118,5.0,3.298736542034513
933,476,2.0,2.0511288722987233
643,419,4.0,3.9091465021817475
665,255,4.0,3.1845198442021427
233,216,5.0,4.712194844469032
263,416,5.0,4.080434437743097
587,261,3.0,2.44881667793251
379,300,3.0,3.9382515923405577
346,932,2.0,2.721861691431062
346,89,4.0,4.13780153857841
790,209,1.0,3.887702843975402
848,1063,5.0,3.9362992151064655
453,1145,2.0,2.9793642027459684
605,237,3.0,3.7323879578800465
532,510,5.0,4.486644417988648
231,255,3.0,3.6772458234879584
699,685,3.0,2.8065956675138106
738,151,4.0,3.4317576273176464
921,202,4.0,3.114432843458033
848,520,5.0,4.611588400058352
74,333,4.0,3.766127121490425
160,461,5.0,3.7725279963557736
332,975,3.0,3.8806140180770705
653,1620,2.0,2.4571664225165386
246,932,1.0,2.689561342406602
301,173,4.0,3.7226488020526824
709,781,3.0,3.3583810574087574
450,1435,4.0,3.7032441160928213
291,563,3.0,3.185315272195531
396,406,2.0,2.851563131894315
327,659,4.0,3.7574051078127324
357,274,4.0,4.493911119892504
130,100,3.0,4.753232588389012
650,1215,3.0,1.9660199961061142
655,12,3.0,3.45293562204746
911,659,3.0,4.08006651782565
194,371,3.0,3.115631026065568
625,732,3.0,3.469207939811228
432,313,4.0,4.420017481483653
758,656,5.0,4.254643969001776
846,789,4.0,3.8313280009621598
663,546,3.0,3.1012675050317786
351,286,5.0,4.586752812347293
667,223,5.0,4.317171042209834
309,879,4.0,3.3108774711762963
276,1028,3.0,2.915838029632872
331,414,4.0,3.4549511505962034
453,272,5.0,4.327582160006531
401,203,4.0,3.3805913787548634
796,815,4.0,3.1984752610392766
843,515,3.0,3.2853026649705876
314,996,4.0,3.0039311136449682
896,458,1.0,2.2211950073892774
85,702,2.0,2.8031041925575995
40,268,4.0,2.928862305934823
342,57,3.0,3.6673143905336305
109,520,5.0,4.278522909760435
538,168,3.0,3.9884532331270597
410,303,3.0,3.225865847879117
884,116,4.0,3.605617019125232
774,185,2.0,3.1169880673772705
525,125,3.0,3.78751979804793
165,332,4.0,3.8535685946491847
1,255,2.0,3.2011370909531465
305,83,3.0,3.6436284427462224
943,227,1.0,3.6390492335244677
560,476,2.0,2.803622552172725
46,333,5.0,3.8471515099497675
244,54,2.0,3.2793427479348707
327,24,2.0,3.270912188399656
379,345,3.0,3.883481083723988
495,54,5.0,3.611360398528997
897,409,4.0,3.43854378426072
401,188,1.0,2.9114485663879504
896,132,3.0,3.791379189208625
177,47,3.0,3.540772413670207
690,705,1.0,3.503840479998295
119,392,4.0,3.837313101303653
59,622,4.0,3.4525990495378904
595,108,2.0,3.126527269107509
177,1,3.0,3.731235602978979
537,486,3.0,2.93997001741987
635,886,4.0,3.2403203470892143
899,121,5.0,3.3030526323972977
170,881,3.0,3.5961058749619417
538,568,3.0,3.271291246669194
863,876,2.0,2.168306922774652
263,183,4.0,4.241425606722651
917,282,4.0,3.849278339260224
763,87,2.0,4.116719896468096
92,39,3.0,3.1222059039489105
677,1240,5.0,3.7895383998431287
72,644,4.0,3.794139643931961
145,405,3.0,3.312366216991859
615,736,5.0,3.7811706456942216
358,1159,5.0,3.268361999424127
660,675,3.0,2.748769745447598
312,528,5.0,4.525914108667026
707,345,5.0,3.0610419064875516
334,153,4.0,3.618765061708552
498,527,3.0,3.591052462880467
698,144,2.0,3.194450878751499
48,423,4.0,3.8037119227412357
716,163,4.0,3.778665754038657
168,280,4.0,3.123432521113698
796,500,4.0,3.7229207354930995
595,815,3.0,2.753685857725151
267,222,4.0,3.738076519554879
566,170,5.0,3.863304832970006
272,32,4.0,4.09503048113576
40,286,2.0,3.158347053699858
144,68,2.0,3.613094719363042
409,6,4.0,3.237693476583754
81,42,4.0,3.5918696483184718
265,1197,2.0,3.6449998347265264
37,176,4.0,4.087193497869483
648,218,3.0,3.5143585033487392
198,455,3.0,2.8555451865198616
77,176,4.0,3.9853396064255757
314,132,4.0,4.5302863639041915
487,470,5.0,4.1492161244744
349,126,2.0,3.7343204111447506
412,939,4.0,3.4413585378633273
417,943,3.0,3.635111712772477
151,260,1.0,3.2800573950821845
105,258,5.0,3.893209688235733
887,1012,1.0,4.033017546874969
676,902,4.0,3.7872159672825947
919,183,3.0,3.9921164779771554
268,286,5.0,3.1536650325552267
883,228,4.0,3.734383189806924
463,284,3.0,2.7129092880834262
750,300,3.0,3.617358978222821
450,506,5.0,4.1143402079588665
699,477,3.0,2.8438026230977766
201,581,3.0,2.646361676340699
550,252,1.0,3.7279713867245916
880,316,5.0,4.102315672914025
95,855,3.0,3.6746465139413425
542,399,2.0,3.0906730320676625
360,248,4.0,3.623898611369506
655,1529,2.0,2.911647630434253
435,91,4.0,3.7144231199970736
605,276,4.0,4.329370652616315
648,222,5.0,4.674567895263838
727,385,3.0,3.441298516085477
541,625,4.0,3.5500016879915015
374,274,4.0,3.5481576049391577
270,943,5.0,4.522247056773887
908,216,3.0,3.398014932590743
332,118,5.0,4.090863249354089
943,419,2.0,4.247970255371392
318,187,4.0,4.189829847037919
515,1399,4.0,2.674910019695578
123,182,4.0,3.955094913069483
354,508,3.0,3.6870018675787772
892,435,4.0,4.42761454431368
598,312,5.0,3.4334363687442653
201,596,4.0,2.3336645487755896
669,749,3.0,3.0015783105482647
679,111,3.0,3.415792830613367
138,137,5.0,3.935632976370359
943,485,5.0,3.827595186427692
749,385,3.0,3.856107958431374
315,209,5.0,3.981928359452878
766,77,2.0,2.992558479353719
588,25,4.0,4.321006605259597
606,178,5.0,4.449623189180464
56,98,4.0,4.177115561826087
94,944,1.0,2.862936625863406
837,276,1.0,3.570555007316952
447,153,4.0,3.62340833283448
903,281,4.0,3.0671260459181466
283,291,2.0,3.7687200092127204
727,258,2.0,3.839781526985859
889,1589,5.0,3.2179298023902647
234,451,3.0,2.9719993151248363
870,1090,2.0,2.6488324943145147
293,455,2.0,2.2538805510052167
399,228,2.0,3.3382716077100008
854,475,4.0,3.7878293907437626
268,121,2.0,2.3405833207529945
807,969,4.0,4.218278591214224
145,53,2.0,3.3494947146371254
207,1046,4.0,3.0463254940980806
788,531,4.0,3.9865890787847675
554,678,3.0,2.923846394893029
249,333,4.0,3.656476898698963
643,732,3.0,3.727168928003455
514,631,4.0,3.7207760193721646
919,237,4.0,3.179376893245548
262,790,3.0,2.603516361211319
267,50,5.0,4.882389310468264
42,173,5.0,3.7112064733420125
288,345,5.0,3.4210354195086965
484,879,4.0,3.7558372141348504
508,52,4.0,3.904809580429254
795,120,3.0,1.7157240134789764
845,311,4.0,3.22342989938179
199,408,5.0,4.116830248029589
713,310,4.0,3.1035419163527154
639,179,1.0,2.8547763756745943
57,56,3.0,4.015672990109557
201,737,2.0,2.6775818203649253
782,254,2.0,2.048897144601216
452,971,4.0,3.035467868783376
402,10,2.0,4.250227321074683
274,276,4.0,4.426663388648251
890,1039,4.0,4.0692226489344945
577,452,3.0,2.905783562584534
116,1244,2.0,2.478622298729572
391,479,4.0,4.125489011889597
782,1243,3.0,3.0610133048874255
184,676,4.0,3.4038671342034728
276,474,5.0,4.589132416142248
83,235,1.0,2.5042647054621283
459,455,2.0,3.321863114201614
361,319,5.0,3.9218929025307747
82,1078,3.0,2.749324182327639
374,231,2.0,3.188176294902335
401,604,4.0,3.4414657415063585
707,900,4.0,4.054809251016825
457,168,5.0,4.811961500692961
71,429,4.0,3.8782728728836235
904,709,3.0,4.249679685166766
454,1003,2.0,1.7882105516407671
796,230,5.0,4.347319982177488
805,108,3.0,3.4277177710837172
635,262,5.0,3.4607554671141245
795,386,3.0,2.5135017462001836
653,135,5.0,3.142359244213584
664,449,2.0,2.89808059972671
815,559,3.0,3.4754653739128245
625,588,4.0,3.4786936174081
646,294,2.0,2.6956709614967536
468,1168,2.0,3.5007462610318343
541,826,3.0,2.5145964630550277
646,272,4.0,3.8013937440722914
334,887,5.0,3.7537471163793494
587,691,4.0,3.1427017881593295
639,580,2.0,2.637989468333222
148,50,5.0,4.38568112230801
694,489,4.0,4.1332412291411975
878,22,2.0,3.59656426903043
934,550,4.0,3.4252415275440846
268,1035,2.0,2.518029688493836
261,1025,5.0,3.28291334089867
189,209,1.0,3.7833810326795856
642,220,4.0,3.808866872831158
202,258,4.0,3.2151294164001696
758,414,4.0,4.191493364813318
807,63,5.0,3.7627948000567284
119,655,5.0,3.966068641451706
885,420,4.0,3.205674609159505
328,405,4.0,3.246640490546962
545,95,4.0,4.062692218802486
593,117,4.0,3.886257852139508
618,496,4.0,4.040343467306858
435,1,5.0,3.457871113617358
459,22,5.0,4.35344053427853
267,202,5.0,4.1328453211628124
486,476,3.0,2.2654203611606487
913,346,3.0,3.0415105258786506
64,381,4.0,3.3276046265158565
43,411,3.0,3.175583599470881
276,1131,3.0,3.9073982670742593
618,697,3.0,2.987894158646604
356,286,3.0,3.7942771921361333
416,1041,3.0,3.7983018462187816
49,542,2.0,1.7839380796385862
514,87,5.0,3.9468950233897786
280,550,2.0,3.6874836099580794
881,575,2.0,2.1709548104121827
210,435,4.0,4.418412269008028
622,403,4.0,3.4572804943166426
642,1152,5.0,3.8747548092321953
109,367,3.0,3.396714513518501
452,135,3.0,3.7580930222063103
488,705,4.0,3.385394332153338
497,382,4.0,3.5771581392782226
707,527,5.0,3.967083391124215
59,132,5.0,4.336062452023308
233,261,5.0,3.3051570398256067
861,14,4.0,3.905996642661408
633,252,3.0,2.8114297852019647
797,298,3.0,3.4308709924931473
758,554,3.0,2.743228682942651
151,1113,4.0,3.7455141228270112
421,12,5.0,3.9987981141685545
889,12,5.0,4.338234625542166
595,928,3.0,3.064234710354849
843,205,4.0,2.9232133537501075
682,339,2.0,2.8934155108629986
270,123,5.0,3.7825955119900514
334,419,3.0,2.929346342769121
387,1538,3.0,3.3228559132368822
511,271,5.0,3.3999406954493194
405,586,4.0,1.2277763684928864
329,655,4.0,3.4623695368760994
305,14,4.0,3.8378905356348127
144,1286,4.0,3.4758314545452396
271,1117,3.0,3.0687320057323206
131,286,5.0,3.828702708098324
484,449,4.0,3.523046641442714
64,218,1.0,3.2510903868683236
537,633,3.0,3.461699489779784
692,411,4.0,2.65976857544974
280,161,4.0,3.5330782630274067
69,42,5.0,3.932103071453018
395,210,5.0,4.475159506623029
363,531,4.0,3.1201271534403987
533,48,4.0,3.435344215976464
643,432,5.0,4.1888081340669405
42,265,3.0,4.180005435158462
62,96,4.0,3.98904841507037
215,239,3.0,3.7164353004850144
724,338,3.0,1.865999755833011
92,947,4.0,3.5195546162412144
585,736,4.0,3.9649951741339007
393,456,3.0,2.553007148387515
654,14,2.0,3.6323126578518563
365,151,4.0,3.91126937554274
239,47,2.0,4.575476779902942
23,202,3.0,3.6052769503460675
84,1,2.0,4.067437572181039
145,134,4.0,4.139411328814828
928,134,5.0,4.899744685177086
370,923,4.0,4.0703418424420015
234,505,4.0,3.2999766766965073
301,871,4.0,3.028224182809267
239,605,4.0,3.929464113515326
327,285,4.0,4.02192395650427
276,746,4.0,4.02691865527797
524,284,3.0,3.5234214110711233
893,24,4.0,3.4242616916441317
592,273,5.0,4.416654619803518
551,1267,4.0,3.6717485686543916
405,233,1.0,1.6921055353312853
671,257,5.0,4.014602204872569
606,713,4.0,4.438844210387251
18,111,3.0,3.818524237158721
398,183,4.0,3.756634534925079
193,1258,3.0,2.5133090423694964
387,33,3.0,3.3894838601302433
67,1095,4.0,2.854632120194302
919,93,5.0,3.469229237844038
145,933,1.0,2.9318477351783634
85,476,3.0,3.004191922989995
867,276,1.0,3.968526028305246
303,25,4.0,2.8417645365372515
327,186,2.0,3.6128200218850193
865,456,1.0,1.578628464076164
457,401,3.0,3.1832530820938905
367,258,4.0,4.652251431748541
659,507,5.0,3.8388550147850387
514,344,3.0,3.8130992169715405
503,463,1.0,3.743527624608583
833,806,4.0,3.2592319933452214
747,517,5.0,4.1161499910483315
660,207,4.0,3.009300331810844
320,188,4.0,4.157645041049177
492,291,4.0,2.989286152786349
639,83,4.0,3.165341923774677
109,317,2.0,3.7943826721112197
587,875,1.0,2.8175669326628756
162,230,2.0,3.501004369131517
409,538,3.0,3.25685535927084
151,529,5.0,4.186698091330169
634,744,5.0,3.415442562794644
838,455,4.0,3.7978331044644906
663,330,4.0,2.963677660744243
43,1,5.0,3.858978626143881
880,1014,4.0,3.078715898883882
184,855,4.0,3.839685654087164
648,181,5.0,4.788203060909937
436,21,3.0,3.093190449458157
805,216,2.0,3.1471881067292546
96,187,5.0,4.3824177291677575
865,222,2.0,2.3272264007081023
98,88,3.0,3.28308828475716
249,174,4.0,4.335952890650247
815,871,1.0,2.506753580932571
676,288,1.0,2.9331282630289524
381,525,5.0,4.1955611563050095
921,419,5.0,3.4304509529024
576,471,4.0,3.476676318079828
870,813,4.0,3.6502238899371195
799,307,3.0,3.542460942091164
299,175,5.0,4.123381222286842
117,96,5.0,4.354779127306155
322,197,5.0,4.119898006058991
831,749,2.0,3.437645794695217
222,1239,2.0,2.824562790490123
656,312,1.0,2.213844550796505
316,97,5.0,2.814872401955132
894,107,3.0,3.797122402275878
77,246,5.0,4.033982625560494
369,919,5.0,3.707517286182297
828,1462,3.0,3.0665951904705144
500,301,2.0,3.116634647785633
806,522,3.0,4.043987490738093
293,195,3.0,3.3321326678076195
429,134,5.0,4.087747031789269
653,7,2.0,2.5566923230424665
65,178,5.0,4.296490008078206
895,748,3.0,3.3346841087377763
207,458,3.0,2.6986991427792124
354,733,3.0,3.4800636143222694
835,591,4.0,4.098605833353992
907,1157,5.0,4.344728342638626
763,629,5.0,3.443045612994858
56,636,4.0,3.5518818039658133
18,60,4.0,4.291269139712031
830,661,4.0,4.100366189982601
690,4,3.0,3.098855034534901
659,448,4.0,3.3857082958940885
669,902,2.0,3.3182831572451943
370,22,4.0,4.1432901440287395
189,405,2.0,3.49671875073713
527,87,3.0,4.085403909593557
314,405,4.0,4.152059684294908
537,770,3.0,2.8039754665846375
795,797,3.0,2.823054723044385
327,428,4.0,3.311241434048117
542,15,2.0,3.1369721936382566
234,950,2.0,2.5090249296509133
110,1250,3.0,2.366298276633619
13,810,5.0,2.590341538787178
234,1400,3.0,2.762333673185922
882,82,5.0,4.148627625407746
551,343,4.0,3.8791880972525146
349,847,4.0,3.7558260833690205
385,156,4.0,3.17312627901631
354,50,4.0,3.820668151514851
534,240,5.0,3.393858999113616
332,156,4.0,4.5819073939499555
942,258,4.0,4.504523795979424
642,364,5.0,3.4355505261435213
883,750,3.0,4.105151815238124
336,845,1.0,3.4947022917894905
385,4,2.0,3.3280221711131546
402,510,5.0,4.312306297954705
322,489,3.0,4.1750034386473045
616,316,4.0,4.210613624655348
195,753,3.0,3.6908401370146287
265,100,5.0,3.8966838553149095
93,15,5.0,3.725399438008329
378,277,4.0,3.1648234382219704
360,124,5.0,4.1887142528592305
888,137,4.0,4.05810788971655
295,99,4.0,4.45889415708101
711,463,5.0,3.9159345351938097
807,496,5.0,4.40489908387053
342,223,4.0,4.079772143881744
621,769,3.0,2.8615227296151504
504,122,1.0,2.4313696887362526
897,646,5.0,4.280859263657126
768,742,3.0,3.3352951550395233
592,854,5.0,3.679798282326408
711,1119,4.0,3.6951698536996638
87,1072,3.0,3.5110449474862433
222,72,4.0,2.922174470987637
838,235,2.0,2.8473154135187833
250,969,5.0,4.24062348125165
625,393,4.0,3.125627729408537
920,328,2.0,3.135695763548987
334,462,4.0,3.66977338161325
450,239,5.0,4.008697024141345
524,895,4.0,3.2567441642319817
897,826,4.0,2.9568405557188457
452,404,4.0,3.3496031005871956
807,239,4.0,3.973609243246173
588,31,3.0,3.914797584991934
6,504,3.0,3.757451136379779
576,100,4.0,4.2145716126006425
479,471,4.0,3.278830110959307
788,1518,3.0,2.9197133500059564
569,19,5.0,3.9012745141603715
890,205,5.0,3.8774165569405867
472,682,4.0,3.7815377783620696
109,1157,4.0,2.7100338976864085
308,367,4.0,3.9559543519102793
524,435,4.0,4.005890578166913
435,31,5.0,3.6992765433687205
851,544,4.0,3.0002464363885686
207,8,3.0,3.454648528537281
346,571,3.0,2.5007758606601813
833,346,5.0,2.877755689614509
207,1242,5.0,2.827077792395632
874,357,5.0,4.126189206619288
629,144,5.0,4.319555650808495
90,197,5.0,4.681821134082957
806,419,5.0,3.5980851213075007
248,64,5.0,3.896084591716871
458,143,4.0,3.5769625326215237
409,289,1.0,2.526810224422656
301,550,3.0,3.557463491867963
778,42,5.0,3.2359505398914186
537,676,4.0,2.4582813339707106
727,783,3.0,2.7797295741948407
82,174,5.0,3.647719084155366
200,660,3.0,4.200519311381373
766,22,3.0,3.9096109925861984
141,244,5.0,3.735181328187227
567,847,4.0,3.857400794772761
499,511,5.0,4.230286451706195
854,979,4.0,2.802314632587651
199,117,3.0,2.8781700837821753
865,472,1.0,1.5138566103276467
271,511,5.0,4.352784492118297
256,117,5.0,4.759785959658073
495,444,3.0,3.42329426285479
447,5,3.0,3.3186018812259186
916,118,2.0,2.487256777515033
916,58,5.0,3.7914927381049903
398,735,4.0,3.782372427273612
357,118,5.0,4.278484755178804
822,408,5.0,4.054843503233309
249,237,5.0,3.903204497825056
845,286,5.0,2.8561993601052444
747,183,5.0,4.2748625420963124
896,203,5.0,3.224471067032435
12,28,5.0,4.250276037533515
291,928,2.0,3.535259414579783
380,428,3.0,3.1398264224219843
618,651,5.0,4.039677925321957
806,421,4.0,3.689840134323451
843,191,3.0,3.143980233425785
104,181,5.0,3.148939895221678
57,318,5.0,4.701623380156902
409,321,2.0,2.6723934212885894
648,2,4.0,2.793049811796999
233,193,4.0,4.440183831317173
223,216,5.0,3.9675055709745997
42,781,4.0,3.640847100293637
450,597,4.0,3.726817280013872
497,172,5.0,3.80295355495697
698,25,2.0,2.652579011753194
95,22,4.0,4.626432792848466
544,302,5.0,3.778367910955334
795,226,3.0,2.9225914156119615
568,59,1.0,3.3415099059863396
220,995,3.0,3.4168041104658577
181,874,1.0,1.4020923697964367
636,15,5.0,4.497052842129958
868,1031,1.0,2.724576616523148
542,433,3.0,3.623439227905372
162,181,4.0,3.905003443509394
779,71,4.0,4.2180160557773405
892,125,4.0,3.959084108461547
453,56,5.0,4.268694281527565
399,426,3.0,2.541272821821244
435,825,3.0,3.0506674919345946
244,1017,4.0,3.904410988557439
50,475,5.0,3.8096876393477594
124,172,3.0,3.6703111849040377
928,878,5.0,3.220778120941324
481,153,5.0,3.7970505850531424
342,433,5.0,3.7584349701117357
898,242,4.0,4.113730365064057
48,71,3.0,3.816610068786254
497,545,3.0,2.795573148176438
303,801,1.0,2.7904085885260073
249,1039,5.0,4.444054316775137
906,740,4.0,3.719965518621284
648,50,5.0,5.0
569,291,4.0,3.4504212502408262
659,496,5.0,3.98241539055193
58,652,5.0,4.048739327600636
307,509,3.0,4.046284384794994
243,713,3.0,3.514118010705063
201,37,2.0,2.5627827214004606
1,134,4.0,4.753528915616746
622,542,2.0,2.4886942233392304
416,468,5.0,3.6152335675770413
117,1095,3.0,2.9195965684217735
551,1253,2.0,3.6785531490029393
606,209,4.0,4.43212546857356
126,310,2.0,3.6745184770535833
499,527,5.0,3.8913153187007556
790,83,3.0,3.579315343268881
354,724,2.0,3.33756028702679
562,56,1.0,3.686799532273847
207,18,2.0,2.9692808510866673
839,100,3.0,4.104610128061887
911,134,4.0,3.8971076018756774
8,510,4.0,4.15353305686768
416,1053,4.0,3.763825148290035
235,69,4.0,4.066850423218532
763,11,4.0,4.054857837752124
184,86,5.0,4.1925796203495755
434,147,3.0,4.07071387812624
305,474,5.0,4.109461039005712
92,758,1.0,1.866442808009547
301,693,5.0,3.3410091389415624
804,402,3.0,3.9181838604822317
395,172,5.0,4.54661479105615
679,100,3.0,4.18183914355889
313,161,4.0,3.07719029918223
802,670,4.0,3.517844691910418
243,813,4.0,3.898586723036632
374,467,4.0,4.032488165128539
85,502,4.0,3.695851861298124
605,357,5.0,4.704143862244152
568,462,4.0,3.179619714589326
702,289,2.0,2.350384304314748
919,937,4.0,3.718827713532143
363,1157,2.0,2.4605908035378916
881,420,3.0,3.0754425134733117
758,471,3.0,3.32453992871656
737,89,4.0,4.402297194957447
927,738,3.0,3.306565060555282
536,405,2.0,3.7623156828583166
617,242,3.0,2.7457305750747545
748,528,3.0,3.9705735734078162
321,704,3.0,2.819215405457808
195,921,3.0,3.610169626658842
207,367,3.0,2.9945810572783023
682,304,1.0,2.7749479490403477
524,1204,3.0,3.566725781351615
851,405,5.0,3.4213856302193317
488,732,4.0,3.3054635551195215
378,703,4.0,3.3294845327372413
758,447,4.0,3.6612925598799495
868,447,2.0,3.0275641176831547
296,61,3.0,4.221560483476245
144,1016,3.0,3.423614041930263
825,685,4.0,3.9326009743460295
405,519,2.0,2.329400509376316
384,989,4.0,3.548533773396
787,300,4.0,3.7271053630340782
720,304,4.0,4.0851456987230526
232,474,5.0,4.496328828855426
886,96,3.0,3.688197811642413
447,252,3.0,2.9296587304827555
56,196,2.0,4.041712163739058
234,193,4.0,3.408874307219925
286,640,5.0,3.1266375478476562
128,506,4.0,4.282093178917127
378,1,4.0,3.690362033980741
181,1356,1.0,2.007558968849093
682,423,5.0,4.166547292470275
327,190,4.0,3.7214432326508673
24,367,2.0,4.032671467952512
581,1097,4.0,3.8135677480682046
818,887,4.0,3.228363679789114
773,780,4.0,2.5067784213232445
394,89,5.0,4.2222009217010985
320,300,4.0,3.724315261051312
773,258,5.0,3.3612629631737825
222,1087,1.0,2.4510696227232094
271,241,3.0,3.2225732981715955
924,429,4.0,3.8641965993456884
258,300,5.0,3.7870727030091307
295,210,4.0,4.65736178085594
274,1060,4.0,3.3971964183928307
788,748,3.0,3.1456033190125052
633,183,4.0,3.7747941648764485
660,235,3.0,2.486688400295132
624,302,4.0,4.358491238066242
405,530,1.0,2.617274285525041
275,50,4.0,3.849526280686248
83,254,2.0,2.676343352095492
868,1,4.0,3.4009508932578627
625,202,3.0,3.565135691310326
716,468,3.0,3.820128523666761
717,322,5.0,3.500533061669181
459,79,3.0,4.2275486898504715
496,1074,2.0,2.4777487100701987
207,302,4.0,3.289295013597826
144,20,4.0,3.157942988406624
43,486,4.0,3.956660287116634
241,307,4.0,3.2686744099178933
483,318,3.0,3.905496169320097
922,739,3.0,3.4603116436533896
599,245,3.0,3.8218856488065147
144,823,3.0,2.999886372274359
553,481,3.0,4.319533194939763
551,268,4.0,4.0906078905252246
339,218,3.0,3.6495622088993356
842,340,5.0,3.8653990807753518
95,573,1.0,3.0345575432767737
617,136,3.0,3.272380741079747
916,475,4.0,4.0160938708903045
788,755,3.0,2.979222677956687
731,494,3.0,3.79450015505407
401,520,3.0,3.697778316007696
177,358,2.0,2.324977686507186
501,1081,3.0,3.9316603003969472
83,35,1.0,2.905574856348042
770,288,4.0,4.4525964376396745
790,186,3.0,3.5412795346786496
181,1165,1.0,1.2134358377350254
62,436,3.0,3.5540949683966265
757,248,4.0,3.4580727386410874
709,860,3.0,2.986875822823227
843,265,3.0,2.95227584340088
438,866,5.0,3.838079923426339
456,179,5.0,3.908076679234297
248,257,3.0,3.4777729130494754
429,207,4.0,3.5943017033730835
194,227,1.0,2.658188912958534
468,91,5.0,3.9668129421335068
843,162,2.0,2.666599021595026
214,195,4.0,4.086532224809161
253,328,4.0,3.574398199852499
851,353,3.0,3.162329418528001
268,546,4.0,2.586818645677697
500,479,5.0,3.9755319017648487
373,82,1.0,3.531971781545776
727,184,3.0,3.5598599587311046
106,12,4.0,4.309326250838729
484,143,4.0,3.9228911069589754
655,607,4.0,3.2489455388806903
645,239,3.0,3.6690420018132532
524,23,5.0,4.135152356989849
591,202,3.0,3.761692908594279
553,603,5.0,4.671336823223459
303,1286,4.0,3.158647315620237
43,289,4.0,3.383651916435224
1,210,4.0,4.173640019989742
412,208,4.0,3.940393527261475
564,245,4.0,3.4007787089710875
881,204,4.0,4.436691135349669
578,325,1.0,2.3623160922072746
205,333,4.0,3.441150348672736
205,304,3.0,3.2510756702993184
854,1134,3.0,2.940692629411449
133,245,3.0,2.990786404345325
456,710,3.0,3.3935894603291583
764,321,1.0,3.135566529012534
817,405,3.0,3.5382370129962415
31,498,4.0,4.351350711708515
655,867,4.0,2.7208336393647845
130,1039,4.0,4.419002015230523
401,143,4.0,3.591424881923251
314,423,4.0,4.1994473120379165
795,402,2.0,2.7949325622215824
484,692,5.0,4.271105359395199
130,95,5.0,4.659333249713474
434,1,4.0,4.3044381295177985
144,747,5.0,3.439796697019679
259,772,4.0,3.276390089568549
311,781,2.0,3.6066361527264763
613,1157,2.0,3.6686611577668686
351,678,4.0,3.922900738123556
188,742,5.0,3.867445085850013
408,300,3.0,3.79872296492196
618,1212,2.0,2.863938355059468
602,257,4.0,4.147629117426401
81,282,5.0,3.4534087911512854
233,191,4.0,4.533140758754147
211,890,2.0,1.6278829069843141
859,1315,4.0,3.9036869823681375
385,221,5.0,3.2191590879248584
862,416,3.0,3.839102645993344
776,496,3.0,3.8198246038854577
90,136,5.0,4.453467656577576
713,347,4.0,2.8914460278476373
377,272,5.0,4.674022600766742
615,319,4.0,3.9679153366202353
12,174,5.0,4.7251436922759815
327,72,2.0,2.7316344647067488
942,607,5.0,4.158181769679283
455,504,4.0,3.5670869946062917
52,333,4.0,4.208617632083333
447,209,4.0,3.9235980171087337
454,651,4.0,3.4810016421175414
276,751,4.0,3.6145944982089353
777,273,4.0,3.596371454441675
145,219,5.0,3.2846316683563077
655,574,2.0,2.007728986843702
805,559,3.0,3.025381921088153
515,344,2.0,3.349711632335884
283,194,4.0,4.631508594305054
236,443,4.0,3.826901464324701
385,58,4.0,3.2917352097148385
110,38,3.0,2.9690683013543304
766,265,3.0,3.3532072879305774
200,43,3.0,3.6557630721899312
339,515,5.0,4.630027676479305
557,198,5.0,4.1663837081949895
221,32,4.0,4.042303221574533
566,134,5.0,4.279932362923474
234,238,3.0,3.0978336729155433
417,708,2.0,3.1854547796613977
201,436,3.0,3.380496058724497
383,19,4.0,4.0461867469744925
396,117,4.0,4.193068941727187
198,98,4.0,3.8509951488589684
10,703,5.0,4.005811308548205
551,720,2.0,3.4408855495484736
892,216,5.0,4.316271489120034
795,367,3.0,3.5752957026589782
405,1207,1.0,1.7227072758678923
487,56,4.0,3.725388727486049
790,449,2.0,3.023780511740231
796,403,4.0,3.112424765798492
503,286,3.0,3.439119944445108
417,78,2.0,2.583299713974758
478,42,5.0,2.7942814717638567
386,50,4.0,4.670558178271566
844,1039,4.0,3.646565478256142
157,410,4.0,3.5910163487886573
709,540,3.0,2.589592186403887
536,582,2.0,3.875420215516895
327,411,3.0,2.8099278969408723
363,652,4.0,3.3104424475169565
621,890,1.0,2.3550433248181633
294,678,2.0,2.7779178780485134
782,1608,3.0,2.4291245281161675
124,166,5.0,3.562991627591992
468,662,4.0,3.6225771637978306
938,105,1.0,2.610754803188506
267,403,4.0,3.6776559578319916
495,674,3.0,3.69753993766117
334,183,4.0,4.283218090613002
852,930,3.0,3.1740246675988892
916,523,3.0,3.9034277356406597
840,1018,3.0,3.7762735037764563
226,25,4.0,3.468387350732324
883,1404,3.0,3.9046874364354265
154,475,4.0,4.210548888160274
417,461,3.0,3.4352155844700794
151,318,5.0,4.7907020231212725
284,332,3.0,3.568155618284749
219,4,4.0,3.813764165281679
595,109,2.0,3.3474612347298174
932,230,4.0,3.306430173142578
934,1065,2.0,3.0728097659725258
151,663,4.0,4.231379092227167
38,95,5.0,4.582312475150279
319,259,2.0,3.0828694804772363
568,638,3.0,3.2883325695681
262,736,3.0,3.442562081067661
299,433,5.0,3.5961874923515507
916,234,4.0,3.4753826450328984
805,346,4.0,3.6668071019873287
506,715,2.0,2.6412984220685454
301,772,3.0,3.0945343116676645
503,205,4.0,4.619362149285536
308,109,3.0,3.7928413718547436
771,173,4.0,4.077381614437013
210,692,4.0,3.999304457486344
896,274,2.0,2.9666497977818
907,813,5.0,4.749976347069494
921,422,3.0,2.569278122969198
486,332,3.0,3.1508183984550957
853,877,2.0,2.470039984711552
646,682,3.0,2.3080447829783566
458,330,3.0,3.143028941589239
487,419,3.0,3.805339096584011
385,794,2.0,2.516785725796071
474,259,1.0,2.940272887462041
373,132,3.0,4.08197917863294
5,369,1.0,2.014327773357506
283,95,5.0,4.006048598159235
907,277,5.0,4.410233762591243
567,1012,3.0,3.5721184590210227
406,393,4.0,3.11165382631795
668,355,2.0,2.911205469624917
837,284,1.0,3.285526589238791
457,931,2.0,2.6559261850205815
551,144,5.0,3.8634376306800924
526,750,4.0,3.769244891604382
181,334,1.0,1.193528502258777
449,212,5.0,3.192042066845187
186,303,3.0,3.419410777829518
87,323,3.0,3.2723694895516307
164,472,5.0,4.003273064778119
268,233,3.0,2.894089350138263
601,154,5.0,3.537890230787806
60,842,4.0,3.338249098864807
738,470,4.0,3.5646934819845995
352,96,4.0,4.029690676257394
148,8,4.0,4.368381687546505
273,304,3.0,3.8426948006279957
18,64,5.0,4.379729856025127
879,304,4.0,3.5041891901753104
468,89,4.0,4.419705495315783
22,546,3.0,3.4741967174290864
276,108,3.0,3.202114390313677
401,97,4.0,3.359245668290413
378,1063,4.0,3.625343255853466
117,307,5.0,3.989974982336815
110,326,4.0,3.1475543183697012
297,301,4.0,3.0777832914659866
234,176,3.0,3.0006333408256745
650,630,5.0,2.7875991037558268
227,137,5.0,4.326685363956693
763,464,3.0,3.8398615897371173
214,482,4.0,4.398446845555202
552,284,3.0,2.9655101648461057
293,135,5.0,4.271402441129304
808,300,4.0,3.948172087195673
294,405,4.0,3.5472332413851304
504,678,4.0,3.2085805430499708
201,685,3.0,2.5014132568223526
83,118,3.0,3.8046502861613205
655,1082,3.0,2.485028610087508
125,914,1.0,2.7230609008450983
262,955,2.0,3.2762625692132046
653,187,4.0,3.745275470975735
870,641,4.0,3.8599016155348407
833,443,3.0,3.367471684824117
308,665,4.0,2.980462030352199
276,159,3.0,3.114338098643808
864,531,5.0,4.16954183694544
603,748,5.0,3.3229594167084597
756,230,3.0,3.1305452046466233
7,677,3.0,3.8007781746502043
292,659,5.0,4.339391417404238
906,276,5.0,3.725096076657386
13,448,1.0,3.507375342831757
230,951,5.0,3.2488084988500816
747,94,4.0,3.415160435792529
363,100,5.0,4.303995494290645
311,79,4.0,4.453993512380341
690,218,5.0,3.5155414441639232
621,1228,3.0,2.750608124211615
288,900,5.0,3.6770843692772144
747,508,5.0,4.274737342134471
429,63,2.0,2.862690461050526
241,887,4.0,3.534240304026731
410,316,4.0,3.8879651403314446
159,72,3.0,3.153477943696538
332,472,3.0,3.800391407000145
761,245,5.0,2.9303518293268898
458,527,2.0,4.133257542981835
841,322,4.0,3.447870034884072
892,1454,3.0,3.7511951186990125
405,1570,1.0,1.9394328711988769
262,755,3.0,2.7499985425700184
653,967,2.0,2.4881433379440776
575,181,2.0,3.3608705166436867
380,750,4.0,3.6871923297867206
101,756,3.0,2.5441921187816923
465,286,4.0,3.1505548435351773
603,747,3.0,3.556239909835419
840,216,4.0,3.999115693159796
160,32,5.0,4.239349681089638
301,514,3.0,4.228659938549468
551,780,5.0,3.9865812449960156
847,98,4.0,3.869282127411188
870,949,3.0,3.2471355543927594
294,334,4.0,3.67470324805507
805,476,1.0,3.529369366630358
655,210,3.0,3.162500575163944
551,226,5.0,3.78977006762735
466,27,3.0,3.039598347707063
130,125,5.0,4.344543680928118
738,603,5.0,4.086565362648287
752,332,4.0,3.1000558975373957
60,82,3.0,3.9737228168861742
336,367,3.0,3.5507949331194615
735,813,4.0,3.7500398118944314
280,975,4.0,3.280233368768339
738,230,4.0,3.307074872377514
85,250,3.0,3.150154300843217
337,471,5.0,4.1516520276166196
555,762,4.0,3.761125752345352
570,327,4.0,2.9743992129619916
685,269,3.0,3.0601504150870973
447,290,4.0,3.2997866742093493
23,219,1.0,3.033321005462891
334,93,4.0,3.477550474418272
155,331,3.0,3.0446171572551375
493,357,5.0,4.281030441182044
820,315,3.0,3.8666233370522125
698,478,4.0,3.280705467375571
618,507,4.0,3.182899699970245
435,185,4.0,3.9258505411799205
821,435,4.0,4.834384069032315
634,933,3.0,2.8898014849834377
49,657,5.0,3.8179542178116335
476,173,5.0,4.162227106462178
86,328,2.0,3.636552113362777
429,587,3.0,3.503338357477518
452,153,4.0,3.7473944401846957
712,501,3.0,3.5011251480656043
290,323,3.0,1.990875494460652
378,1181,2.0,3.1491199946580863
693,176,2.0,3.3925325970133167
17,151,4.0,3.4199805884737113
354,953,3.0,3.0730146812015953
10,340,4.0,3.958880365071695
181,13,2.0,1.3094546962155145
177,7,4.0,3.929998370609473
293,11,3.0,3.206175944339268
5,385,4.0,3.0935800423916273
712,1040,4.0,3.5055990640804393
326,554,3.0,2.7143177840747894
474,1063,5.0,4.037251910293453
14,302,5.0,4.568749999372328
198,200,4.0,3.4346411084379107
787,906,1.0,3.4094118931078556
49,625,3.0,2.067367018941953
766,209,3.0,3.9237287485675236
642,622,4.0,3.4881793268130368
152,354,3.0,4.361326147946403
880,70,4.0,3.8257305385856335
487,689,1.0,3.4021422470121805
787,258,5.0,3.641850599314061
144,58,3.0,3.3944966654507787
530,319,3.0,3.4292889837684455
696,285,4.0,4.700883406908858
523,533,4.0,4.334267133942986
301,203,4.0,3.7204014081861705
890,167,2.0,3.190179795275421
808,262,5.0,4.056564316564241
943,226,4.0,3.4950177404146054
44,274,4.0,3.205750382956486
193,690,4.0,3.1249283548977074
516,474,5.0,4.599534773473755
332,928,5.0,4.084410433063202
286,747,4.0,3.712912499904323
249,69,5.0,4.010423341505821
13,430,5.0,4.149910496491473
654,3,3.0,3.2686581063269378
293,65,3.0,3.4507621198196783
892,88,4.0,4.056651472694763
486,280,2.0,3.1438074751766227
890,496,5.0,4.258998719861656
109,322,2.0,3.237346532785236
780,705,5.0,3.7452436853727997
846,768,4.0,2.9868919850093225
145,894,1.0,2.2229345353825813
437,393,3.0,3.426215679045404
267,550,4.0,3.630162726506013
880,310,3.0,3.4845891746170126
405,1487,1.0,2.2200797847206157
280,409,3.0,3.3367279155443406
641,528,4.0,4.350811893921553
281,288,4.0,4.035636615770178
207,38,3.0,3.0288585612411376
899,69,3.0,3.643198371832204
123,480,3.0,4.472677121193286
208,88,5.0,3.541940999161341
650,230,4.0,3.3201599598506446
910,50,5.0,3.720314241484629
162,174,4.0,4.563325764455238
323,886,3.0,3.18761320033789
298,474,4.0,4.131435586656494
882,79,5.0,4.619362424240324
128,54,2.0,3.558234301783805
1,264,2.0,2.7046207277017853
840,707,5.0,4.3073950103084115
566,202,4.0,3.260005352689128
500,210,3.0,3.3897766402879683
125,163,5.0,3.3786740137399693
653,719,3.0,1.4445129543177047
141,591,4.0,3.7501368688027625
406,39,4.0,3.4067460536319296
862,484,4.0,4.561735790743126
96,173,3.0,4.25930638344732
361,435,5.0,3.9177786377684876
330,121,4.0,4.454428507032524
303,318,5.0,4.913441931828498
8,336,3.0,3.2040926216071215
334,130,4.0,2.0460329858153417
627,576,3.0,2.619326198951109
24,69,5.0,4.474433184946672
120,9,4.0,4.2541389584869105
887,932,2.0,3.423508323739566
334,38,2.0,2.6684103607358036
908,631,4.0,3.2495192058553046
846,202,5.0,3.6417274486872127
501,922,4.0,4.424681290496768
115,922,3.0,4.187476114770648
94,51,3.0,3.6483314494496457
7,607,3.0,4.120845193112152
548,275,3.0,3.544242001814127
429,651,4.0,3.915755294235809
303,53,3.0,3.4948891428142113
746,168,3.0,3.8017760225630806
62,1134,2.0,3.216982659290269
26,864,2.0,2.826714677051782
498,657,3.0,3.7587571728818046
83,932,4.0,2.895809585582632
255,665,3.0,2.5009657078847716
864,665,3.0,3.539863168503759
87,519,4.0,4.140746356894039
249,302,4.0,4.84415689988176
486,255,3.0,2.2685571411179444
586,735,3.0,3.6517395294963144
922,69,3.0,3.9670334854797527
478,604,3.0,4.042040704452472
216,368,2.0,2.410306531891668
288,211,5.0,3.969121238824744
782,1615,3.0,2.7128978778737753
329,258,3.0,3.3365977921017413
94,381,4.0,3.4862631063199565
627,176,5.0,3.8600968350646925
535,1039,4.0,3.971296353926842
342,26,2.0,3.1220244024195907
91,735,4.0,3.839783514669968
727,358,2.0,2.1387174493479653
316,1039,5.0,3.1724245961345896
862,173,5.0,4.493116597168206
445,504,3.0,2.4344396459672866
277,24,4.0,3.454371172650128
197,288,3.0,3.2894663912499604
757,323,3.0,2.899588095027239
450,488,4.0,4.646907076457671
796,357,4.0,3.986223366322494
303,746,4.0,3.6852777391128866
450,35,2.0,3.225717018747938
436,435,4.0,4.306219919974374
727,109,2.0,3.2378810021435016
332,257,4.0,4.746888089232452
551,470,5.0,3.551435779557636
200,1073,3.0,4.278062488596517
97,526,3.0,3.9946183848603853
231,252,4.0,3.4438250680417157
479,629,3.0,3.005614758237701
205,875,2.0,2.6729586816003477
405,579,1.0,1.648840034245839
788,284,3.0,3.061817084115329
245,717,4.0,2.947540932828191
85,222,2.0,3.0690774436932964
609,294,2.0,2.180123211529497
694,188,5.0,4.016980155777399
1,227,4.0,2.9148418160222525
144,105,2.0,2.631650167973323
144,32,4.0,3.733548435111558
901,1047,3.0,3.3295702592040093
13,514,5.0,4.000126778170408
883,30,4.0,4.341183930337183
847,66,3.0,3.050162516713663
613,303,4.0,4.280468314498586
271,471,3.0,3.3216520448276645
543,936,4.0,3.8291948612145683
938,225,4.0,3.169879346889375
394,77,3.0,3.7091298988645693
823,164,3.0,3.790099490316855
671,250,5.0,3.14813064338434
757,751,3.0,3.233213543574704
426,504,4.0,3.7370556031247513
210,134,5.0,4.570702328796791
700,48,4.0,4.050402773121256
472,313,5.0,5.0
758,887,5.0,3.9944209927869117
716,418,4.0,3.9992958455231227
64,568,4.0,3.3046246313109915
919,253,3.0,3.351713109238472
327,250,2.0,2.60225867632566
201,61,2.0,3.3437137047643297
861,301,4.0,3.6279367207794233
922,250,2.0,3.452853517740916
286,792,3.0,4.187047527504093
574,333,3.0,3.459697643252304
18,59,4.0,4.002985476137391
682,201,4.0,3.040471537233238
668,311,4.0,3.4515304085655107
630,409,3.0,3.383167799694415
374,1277,3.0,2.715124980424548
932,527,4.0,4.36096839310337
588,638,4.0,3.8023296337649515
766,577,3.0,2.2974772439037694
805,322,2.0,3.1684436721947997
798,196,3.0,3.8121420899875935
121,631,4.0,3.7380425439217504
130,949,3.0,4.365879259648466
177,260,2.0,2.7431685911658943
130,1013,4.0,2.9893590463796027
541,1315,1.0,3.589157444007309
145,123,4.0,3.201820425990772
420,14,5.0,4.200669181694087
624,298,4.0,3.9714962728941012
798,734,3.0,2.4322262343772527
640,12,5.0,4.833960754738221
95,186,5.0,4.058814578796075
750,881,2.0,2.767427801756086
532,506,5.0,4.2996893251150725
214,509,4.0,4.130631132552958
727,235,3.0,2.5537086025416182
184,582,4.0,3.7967308638551778
417,260,3.0,2.6506554786915095
308,402,4.0,3.23294135382106
545,1228,3.0,2.6180485110787814
193,1406,4.0,3.2946786711860487
749,434,4.0,3.9605302685372665
630,295,4.0,3.7133973003300595
676,845,5.0,3.3910496739530567
474,650,4.0,3.5801909513677894
552,258,4.0,3.5221063375386716
453,476,3.0,2.323916482526897
897,609,5.0,3.957180858693231
226,182,1.0,3.850393377160868
18,402,3.0,3.696735253810018
306,1251,5.0,3.8001901924056947
499,525,4.0,4.1935985988741775
272,474,5.0,4.7021552384694845
555,118,4.0,3.763261387468364
750,323,3.0,2.8690777315952767
145,343,5.0,2.757335156161477
360,170,5.0,4.330716895942183
528,505,4.0,3.793001839590253
580,123,4.0,3.479199357944808
334,47,4.0,3.368238597070089
348,1028,4.0,3.900638743096419
896,258,5.0,3.2580272138252604
200,172,5.0,5.0
151,660,4.0,4.335956469560847
246,721,4.0,3.328380640959475
582,181,4.0,3.7347157475255077
279,167,3.0,3.1961193219021107
421,89,5.0,4.460207688417033
815,99,4.0,3.8739261565341816
582,50,5.0,4.301317305370218
551,415,4.0,3.02344399560988
231,15,4.0,4.176861254607761
345,285,5.0,4.256302882872635
867,180,5.0,4.49389648620403
677,742,4.0,3.852648320177759
94,176,4.0,3.8740125870070306
879,117,4.0,3.8732336797801628
62,83,5.0,3.849734329462008
218,164,3.0,3.2761395990731113
95,15,4.0,3.8629911484040185
896,658,4.0,3.086900831451159
429,729,2.0,3.242615217827321
174,98,5.0,4.562976477467308
294,257,3.0,4.2874978671149755
61,304,4.0,3.136766039836849
264,202,5.0,4.402144720638717
119,995,4.0,3.6995943956121478
538,210,3.0,3.6183743661814525
11,58,3.0,3.3777936068151484
234,433,2.0,3.038555618038318
332,31,4.0,4.680599430357878
109,223,4.0,4.11142872043892
338,462,4.0,3.6346463738065333
489,359,5.0,3.792316599582275
399,769,3.0,2.348987717581406
426,661,4.0,4.18950477351072
16,100,5.0,4.600589685954224
406,22,3.0,4.249675873607972
305,792,4.0,3.188295449511363
752,751,4.0,3.0576989826925276
425,398,1.0,2.317363272456752
505,172,3.0,3.7302439078063645
85,596,3.0,3.076918266675827
815,176,4.0,3.98787289941649
933,157,4.0,3.165622162771183
393,1215,3.0,2.7286939899410414
568,423,4.0,3.4728457476472396
102,288,2.0,2.8451477906547007
854,235,2.0,2.571961770977426
934,961,4.0,3.826168646520036
216,1101,4.0,3.9127733668582616
7,609,3.0,4.410142059122157
775,333,4.0,3.435295198539653
542,401,3.0,2.741832868046381
493,191,4.0,4.173882541295191
546,569,4.0,3.7604426275461416
920,333,4.0,3.2128310399520337
344,97,3.0,3.452794190428718
222,28,5.0,3.7536924361184756
766,193,3.0,3.6226042289591813
406,32,5.0,3.9638975780269323
16,479,5.0,4.561719128583828
177,223,4.0,3.8661271692842702
118,132,4.0,4.911819068057828
537,1070,3.0,3.2199442847752064
406,240,4.0,2.526022349538704
629,15,5.0,4.636422381261497
262,185,3.0,4.0267753431337585
262,762,2.0,3.3453453190415163
327,180,4.0,3.620993247652822
798,1544,3.0,3.3454925169145544
542,87,3.0,3.777527699530061
7,600,4.0,3.8508280069101177
798,29,4.0,3.211982274921624
323,289,2.0,2.7663217665404454
283,70,4.0,4.302625317519104
110,63,3.0,2.9950166608041062
930,8,3.0,3.2964479542238267
246,919,4.0,3.279947028861397
938,1016,3.0,3.443098185495905
472,831,5.0,3.269475014839678
517,748,4.0,2.582852880047479
127,450,5.0,3.1187342744856994
160,969,1.0,3.8238685096228093
343,1211,4.0,3.8971924146115544
757,69,3.0,3.479656561265481
328,31,4.0,3.7673165069830157
326,226,5.0,2.9943029334321976
527,86,4.0,3.8990206323173617
427,938,5.0,4.099801294886357
208,435,5.0,3.82143808022438
727,159,2.0,3.07207343813791
916,708,4.0,3.3674333984543487
60,50,5.0,4.522877805777414
694,197,5.0,4.36700826854731
382,546,2.0,3.081066848282086
600,566,3.0,3.8430978151397515
83,38,5.0,3.2914739889749063
639,285,1.0,3.7553605582974114
897,478,3.0,4.475046258401053
773,386,3.0,2.412894046771832
296,521,4.0,4.70696126810169
503,237,4.0,3.5860658673210946
170,294,3.0,3.6979388073679123
181,288,4.0,2.1879937018969864
454,81,1.0,2.7086845012056275
545,550,3.0,3.636149093077674
535,156,2.0,4.206125063938781
13,485,1.0,4.3363466787984795
654,282,3.0,3.839573925651661
29,326,2.0,3.3407690749983057
579,748,3.0,3.000032684872168
405,401,1.0,1.498428586202308
184,250,4.0,2.619223650239366
223,225,3.0,2.4889369736395177
26,456,1.0,2.115293521702303
523,163,5.0,4.278518734411966
267,545,2.0,3.1188911604972875
682,24,4.0,3.687991170931796
811,258,5.0,4.391820331834559
524,117,3.0,3.9447200034415557
454,199,3.0,3.134104022038102
727,71,3.0,3.9214462205328493
62,118,2.0,2.5368941599189716
699,225,3.0,2.7554526266036636
59,199,4.0,4.731368167277118
117,288,3.0,3.9954509592028677
417,156,3.0,3.9426731240489636
846,134,4.0,4.404427562201564
385,340,4.0,3.7180095256638976
144,815,1.0,3.0370748012613604
313,683,3.0,2.5715804457365428
342,95,4.0,3.10410008602675
405,435,1.0,3.1044180696241908
291,756,3.0,2.8502438480416443
637,833,1.0,2.1808876669797224
484,597,3.0,3.6616966307137715
63,328,2.0,2.9472587466499327
254,176,3.0,3.6890226299297626
840,50,4.0,4.074557292307961
389,501,5.0,4.1381002878392925
661,204,5.0,4.248245844948745
504,5,4.0,3.700072926969783
363,429,5.0,3.5785618257467084
85,71,4.0,3.3946804815640728
338,792,4.0,3.5385754571629144
628,984,5.0,3.6831623625441305
774,68,3.0,2.3983167618794585
699,308,4.0,3.053759619010808
246,1222,3.0,2.533442390846919
276,1031,2.0,3.3192050183952926
116,603,3.0,3.8488385237092406
401,519,4.0,3.3977520563642294
715,179,4.0,3.7128827353919895
676,546,3.0,3.227275306834428
424,989,2.0,2.790050302451764
276,854,4.0,4.07244950723631
637,257,2.0,3.036294424363396
59,727,2.0,3.700231995801752
279,1498,4.0,3.398853133297395
435,424,1.0,2.0660087161784766
492,153,4.0,3.318138976508244
280,750,5.0,4.0681139386406215
254,50,5.0,4.184036855126771
847,645,3.0,3.2605382925265403
222,56,5.0,3.525410318031139
493,317,3.0,4.223613874944346
690,284,4.0,2.682788629868495
885,588,4.0,3.6833815555830762
189,268,4.0,3.7642529203621655
23,479,5.0,4.123436717580163
67,472,4.0,3.2508302374183975
22,878,1.0,2.282601801136881
484,150,4.0,3.922418711681212
334,58,4.0,3.111868653713233
918,1195,4.0,3.179210494985282
145,635,4.0,2.927546144778639
215,380,3.0,3.4062198235925747
570,358,2.0,2.2041696027867674
56,1057,3.0,2.799610383499567
933,25,2.0,2.545509407585242
272,514,5.0,4.47950884797139
606,151,5.0,4.2436357411940495
276,1044,3.0,3.5390508145787396
566,64,5.0,4.033004574117547
501,741,5.0,3.9575869664364007
453,385,3.0,3.510205874529747
830,925,4.0,3.1616867164647227
217,27,1.0,2.91303144634453
299,144,4.0,3.5470649767992484
308,1286,3.0,3.4394533034781856
448,338,1.0,2.5528229458900418
541,596,4.0,3.4886329875891713
192,515,4.0,3.997864454395506
583,519,5.0,4.440707993719666
290,139,2.0,2.8470832483297004
256,778,4.0,3.9637026815900684
178,124,4.0,3.824491507000393
316,22,4.0,3.1105443401395405
833,428,2.0,3.8394066475321855
660,159,1.0,2.423071305033587
938,328,2.0,3.560871184444627
919,332,4.0,3.499634827899368
682,710,3.0,3.6456328077875755
670,945,4.0,3.800707096881415
335,323,4.0,2.903515187237602
94,738,2.0,3.274303804517646
211,205,5.0,3.2887737526868595
186,177,4.0,3.924981537339272
206,1394,1.0,2.1877129851230235
193,276,4.0,3.6986229037083898
805,742,3.0,3.082549822813093
96,445,4.0,4.097183004579401
158,583,3.0,3.369931087437425
863,350,1.0,2.9589603524778147
524,107,3.0,3.6661749518490345
741,1090,1.0,2.6709419395232863
425,562,1.0,2.649010892873035
354,480,4.0,4.065862517309105
389,77,2.0,3.2477037892272325
314,743,1.0,2.447255441193581
280,286,4.0,4.393654787822834
770,50,3.0,4.935681851092935
379,522,5.0,4.1066755957883165
858,754,4.0,3.36982384342191
799,1545,4.0,3.3505599369046744
378,69,3.0,3.916224373736907
932,447,3.0,3.7928312308622107
128,387,2.0,3.759377692075889
450,1091,4.0,3.111842526322906
505,77,3.0,3.1531699874146364
727,465,2.0,3.4225058840432334
83,828,3.0,2.8957029811667105
922,1035,3.0,3.1336409523902744
301,756,4.0,2.9496492917878236
293,433,3.0,3.2296535980103744
59,764,4.0,3.0090809234043303
360,933,3.0,2.7656652794901584
358,114,5.0,3.9648676386452752
125,926,3.0,2.879225167177859
45,21,3.0,3.1172425355198374
276,248,4.0,4.073080981181418
880,732,4.0,3.8698887802517503
181,285,2.0,2.3186773378648486
744,603,5.0,4.175232187674964
695,682,1.0,3.014829044777931
286,14,4.0,4.27706627053936
815,1299,3.0,3.3655711787229503
863,319,2.0,3.134132615292471
901,174,5.0,4.645442278696559
779,447,4.0,3.5429743200970036
267,1035,4.0,3.540309565100078
49,299,2.0,2.4711459566075726
889,540,2.0,2.471984559321226
564,313,4.0,3.9926463956708282
204,304,3.0,3.337583026846431
682,85,3.0,3.0272778844445787
927,568,5.0,4.35975239899391
621,222,4.0,3.630035178800178
295,158,4.0,3.780847293389055
322,513,4.0,4.528187214214657
312,659,5.0,4.287175309753578
85,357,4.0,4.166338847474878
126,678,3.0,2.9470018327216376
856,678,3.0,2.5688735451956686
934,432,5.0,3.4277171141858824
521,290,3.0,2.592683527569134
163,56,4.0,3.77397466863935
92,737,4.0,2.863658627887875
303,845,4.0,3.2765887319634914
804,328,4.0,3.7264518053954663
130,158,5.0,3.1519038557852856
77,121,2.0,3.071056914703196
338,490,5.0,3.8537783543550432
669,114,5.0,3.604512322990638
234,404,4.0,3.342756601039495
880,546,3.0,3.30341968413489
642,53,2.0,2.5414984752721073
805,433,4.0,4.1185518023370316
578,300,4.0,3.1692501922399776
130,183,5.0,4.338853746859649
521,967,3.0,2.7760120661027483
186,754,2.0,3.419258688156975
38,423,5.0,4.31284441973393
788,289,4.0,2.4300471518096614
251,144,5.0,3.972505080976731
18,775,3.0,2.7933654054704857
308,486,4.0,3.790283089368499
751,734,1.0,2.9303801730988925
402,124,4.0,4.252816459497696
179,750,1.0,3.3561892668511883
492,242,5.0,3.2843650841272423
397,56,5.0,4.309539357826364
807,358,3.0,2.8655238267760623
551,471,5.0,3.813020974707846
322,194,5.0,4.1668140225536865
425,12,5.0,3.986566165023822
250,475,4.0,3.8181585590669416
271,134,3.0,4.152130492277689
58,69,1.0,3.838522795016055
156,11,2.0,3.340816473403613
268,82,3.0,3.085621871713919
3,320,5.0,3.3589168116450883
405,1591,1.0,2.2513959961564254
95,450,2.0,2.277424109144243
872,332,3.0,3.6776402989223453
561,772,4.0,2.755684124358238
151,322,2.0,3.018465248355654
137,243,4.0,3.2713547845676385
184,262,5.0,3.7355188709152625
497,225,3.0,2.899758589252323
121,298,2.0,3.5676088843067317
7,52,4.0,4.065764461403062
472,117,3.0,4.9587378218112645
229,328,1.0,3.123392557501226
791,300,5.0,4.079238368914929
932,198,4.0,4.2750519000913325
65,365,3.0,3.48673426912428
864,951,3.0,3.0107194279377585
877,59,5.0,4.1698483214781605
374,229,5.0,3.5412615297317505
299,785,2.0,3.0855040917447845
931,100,4.0,4.280173155863052
655,205,3.0,3.273116446609247
416,218,3.0,4.484876343162239
325,114,5.0,3.871984536905036
495,441,3.0,3.3562358831689174
327,10,4.0,3.6829527718687016
268,50,5.0,3.9454731834095496
235,647,4.0,4.002132704229054
416,765,4.0,3.1768909992297956
642,441,1.0,2.967550262098617
169,331,5.0,3.3615747877600604
795,1555,3.0,2.927738909905948
805,420,4.0,3.5515689912522053
758,536,2.0,3.706268776778157
256,203,4.0,4.132446335684371
248,210,3.0,3.623412882695722
330,102,4.0,4.504101333532369
625,546,2.0,2.7630839454769904
536,427,5.0,4.498234471426678
735,275,4.0,3.620365251289104
43,501,4.0,3.521528647945593
665,194,3.0,3.8737702710007915
738,210,5.0,3.9468683865330623
894,137,5.0,3.727226471189375
601,91,5.0,2.9373734676034093
181,302,2.0,2.219764283059091
453,356,2.0,2.774622110077956
250,64,5.0,4.895878574545553
588,159,1.0,3.345000351200395
65,1142,4.0,4.001531181348673
413,628,4.0,3.5590041498586955
633,1132,2.0,2.8838233894590424
640,14,4.0,4.490702844906272
62,1074,4.0,2.147532688402377
405,175,1.0,2.274264680920835
880,230,3.0,4.135127744284358
404,1238,3.0,3.3703656314549306
718,756,5.0,2.9709070568883407
796,685,4.0,3.8944923112161023
293,230,2.0,2.6154912589193224
488,9,4.0,2.9518568352752177
70,181,4.0,3.9850397042263457
234,558,4.0,3.2854700270216113
829,198,4.0,3.8631131242592214
765,151,4.0,4.121586558101667
514,172,4.0,4.309224765235585
343,324,5.0,3.465061228339061
733,13,3.0,3.389213120375923
352,228,3.0,3.7679184350094825
60,616,3.0,4.15585543740753
621,301,4.0,3.4593498331741115
839,742,3.0,3.4117942384790885
21,320,3.0,3.0445726919661285
344,45,5.0,3.910261595697248
588,313,5.0,4.140017714421099
766,434,5.0,3.6332893736661482
481,210,4.0,3.9017050116296508
537,83,4.0,3.1075707666317434
715,24,3.0,3.493692737936477
435,45,5.0,3.7812888825416313
922,80,3.0,2.9850508788792136
734,162,3.0,3.4652009367447008
81,1,4.0,3.4211319460357643
7,151,4.0,3.6831778640220603
499,588,4.0,3.7277706484436117
634,276,5.0,3.397435440030902
733,1085,4.0,2.8130806316653283
33,288,4.0,3.7015125792033405
148,228,4.0,3.767199817526716
271,12,4.0,4.041518831185124
214,960,2.0,3.3523056209488153
800,257,4.0,4.0949784067087585
858,292,3.0,3.9443957135147967
456,479,5.0,4.17010748904167
416,1014,3.0,3.586004470283312
588,71,4.0,3.911964627235301
347,1059,3.0,2.7177496709669953
246,158,1.0,2.102663255759444
693,1248,3.0,2.6055046984272225
655,273,4.0,2.798983715300985
881,112,2.0,2.5409373288286963
222,1439,3.0,3.1744531680386907
592,132,5.0,4.290267245125626
798,720,5.0,3.4611955482751835
290,162,3.0,3.4485977200251465
588,660,4.0,3.9944093409284487
406,612,5.0,3.534324096183489
153,322,3.0,2.8150295650807564
456,91,2.0,3.5260432266245374
379,56,5.0,4.523414545138175
798,584,3.0,3.431283896724962
124,157,2.0,3.2198551317584383
189,639,4.0,3.804589319749403
850,969,5.0,4.210993268471351
94,273,4.0,3.525828696921405
635,1025,2.0,2.837595613967281
521,117,4.0,2.9513557290985637
613,1,4.0,4.134029961172074
130,993,5.0,4.234237079219436
551,315,5.0,4.82365327536149
710,504,4.0,3.6505003473582676
727,17,1.0,3.097777447209975
474,136,4.0,4.2510235983772615
479,604,3.0,3.8696641283264857
711,476,4.0,3.5123176341216427
870,469,4.0,3.3930177554557885
707,770,3.0,2.807077630562471
331,269,5.0,3.863068248225022
498,109,3.0,2.679895627569998
254,504,3.0,3.390965834963711
122,660,3.0,4.0091367835122655
279,1017,3.0,3.175863291882687
354,186,4.0,4.050771961051769
381,1018,4.0,3.7764688089740317
209,269,2.0,3.614406975806812
518,934,3.0,3.447385237071799
832,328,3.0,3.414255116947784
711,958,5.0,4.096155100019315
393,922,4.0,4.153197462784106
804,655,4.0,4.197019862074046
606,202,4.0,4.207627522449588
377,288,5.0,3.553747684315109
896,1622,2.0,2.7154217102326363
644,597,4.0,4.043384146365253
773,14,5.0,3.9440385328736203
109,178,3.0,4.296478959267709
181,109,1.0,1.762297244773536
406,942,4.0,3.610757976980142
504,127,5.0,4.02356519708791
299,742,4.0,3.246109713296868
522,128,4.0,3.822163437399565
234,20,4.0,2.6711777490709285
256,657,5.0,4.697968101846112
405,449,1.0,1.2237939492719314
781,327,4.0,3.2109826005636934
269,639,4.0,2.9075015240358857
393,725,2.0,3.123126131454279
308,705,5.0,4.195645370583229
385,37,4.0,2.6597262388231213
378,276,4.0,3.5843308673118823
10,245,4.0,3.398095564936093
787,938,3.0,2.6977490816994214
128,715,4.0,3.425854388208342
903,120,2.0,2.3026832432165802
537,528,3.0,3.3709157917407806
870,1210,1.0,2.577692279060925
109,762,3.0,3.4571906290318006
367,876,3.0,3.2688402154203944
222,849,4.0,2.5126196503233347
60,138,2.0,3.1114886121556515
280,1063,3.0,4.139515284430972
62,204,3.0,3.768702553194978
394,416,5.0,3.683921120496376
454,527,4.0,3.1140657094899202
177,87,4.0,3.85203596312148
151,478,5.0,4.489260632823776
510,259,2.0,2.334867495337791
159,456,3.0,2.670587832201992
313,485,3.0,3.7977514513630393
318,210,4.0,4.312948821791471
659,610,3.0,3.8939761376971873
843,432,2.0,2.8386624834193768
913,419,5.0,3.386612003830993
286,83,5.0,4.3517593449174115
934,190,4.0,3.9386251008828674
16,237,5.0,3.9235648310109696
452,211,2.0,3.5305426503149344
239,171,5.0,4.273161505307066
492,83,4.0,3.456598792041814
815,435,4.0,4.214853682257808
940,285,4.0,3.956506708736212
627,660,4.0,3.742558547244068
254,679,2.0,2.760676574876949
437,566,3.0,3.17418044469581
478,143,5.0,3.7202205167263482
225,245,2.0,3.7514652544591582
727,121,4.0,3.4334260959611607
532,834,4.0,3.169401891397846
299,100,3.0,4.268023423555236
886,512,1.0,3.45687720104752
384,328,4.0,3.8309509095283203
286,20,4.0,3.2379737338562684
246,201,5.0,3.6509221492921613
712,1037,4.0,2.5556288334088983
23,90,2.0,3.089943298081736
313,142,3.0,3.0774161424454722
505,66,4.0,3.5813415675502585
792,840,2.0,2.826985560739676
923,257,5.0,4.481976980651687
691,304,3.0,3.906070215476208
416,281,5.0,3.786999782134373
253,510,5.0,3.9111882117947947
682,719,2.0,2.7593022846233866
70,538,2.0,3.3004556351115912
712,177,2.0,3.398295617330832
347,203,5.0,4.025371809859239
489,325,5.0,3.2126162158369427
558,269,4.0,4.259753813673835
74,237,4.0,3.7304382517012833
509,260,2.0,1.9784856058034206
817,147,3.0,3.3366069270287144
15,476,4.0,2.8808589884982014
843,210,3.0,3.1733535991965054
248,806,3.0,3.0348020869617987
846,490,4.0,4.386708356378199
502,333,4.0,3.867477872286737
586,273,5.0,3.0313825738490894
888,535,4.0,3.6753532495055157
758,746,4.0,3.8888244942438535
114,210,3.0,3.501801983485519
201,774,1.0,2.8218207943853884
244,738,4.0,3.1301902377171613
677,243,3.0,2.9281624152729044
500,402,3.0,3.0111525848270384
347,806,3.0,3.281662547780048
749,472,4.0,3.290426504514786
932,1121,5.0,4.0748393421553155
174,721,2.0,3.4658416614215577
659,345,4.0,3.2240935144218805
889,1073,5.0,3.8808527138164624
18,195,3.0,3.2598086797714836
587,902,2.0,3.39621288629953
648,200,2.0,3.353671471214973
301,265,4.0,4.295404776517413
338,212,4.0,3.5231994241866254
654,114,5.0,4.036784693250425
174,155,4.0,4.220082598542987
606,38,4.0,3.0313890451902514
454,451,4.0,2.6235428322686603
561,163,3.0,2.9494200937091097
402,151,5.0,3.9364015914283113
311,22,4.0,4.476399356500889
650,1135,2.0,2.674532772471343
875,514,5.0,4.129193579494201
1,202,5.0,3.6352491783548837
823,89,5.0,4.76554888281242
13,797,5.0,2.7540409295489576
805,678,4.0,2.5638239180554927
246,652,5.0,3.6552747540592936
466,385,4.0,3.450721885673906
283,845,4.0,4.073612007950694
823,96,4.0,4.175598548737934
151,522,5.0,3.822036409897146
184,368,1.0,1.8203560123348832
326,174,4.0,4.067608665644846
83,468,4.0,3.0211186196884148
854,156,3.0,3.814994609109485
545,648,3.0,3.974285460293228
545,234,3.0,3.731260659939949
671,810,2.0,2.9898875356451082
757,328,3.0,3.2950314334655997
209,351,2.0,2.6085374315890197
815,154,5.0,3.6570470708665317
368,50,4.0,3.890125485637292
417,163,4.0,3.2967368503593004
716,614,4.0,3.731102743088638
188,554,2.0,3.1721918899135044
1,59,5.0,3.9813442861929196
73,28,3.0,3.810527260337596
283,294,4.0,3.3510108281861166
643,200,3.0,3.925100932457815
92,421,4.0,3.835035716753052
666,195,3.0,3.681278709450392
301,7,4.0,3.4276421632507117
195,99,3.0,3.7948554794309795
339,737,3.0,3.250727797253351
923,181,5.0,4.715196120018853
305,289,4.0,2.683033002150326
62,365,2.0,2.9090634942883367
655,698,4.0,2.947981667515111
355,306,4.0,4.775476727059825
496,825,3.0,2.564011222863607
280,364,3.0,3.2448417017062523
1,17,3.0,3.612385423998034
561,515,3.0,3.411191893307408
249,195,4.0,4.171725093001627
64,436,5.0,3.460783056556699
314,628,5.0,3.6348604673676794
543,576,4.0,2.899625916600747
498,558,4.0,3.4665050527989756
349,288,3.0,2.887835613725778
339,182,5.0,4.332582964089929
102,405,2.0,2.5797864744912986
267,393,3.0,3.5556021246013083
325,105,3.0,1.7247451451234252
943,569,2.0,2.8093675125809967
222,58,3.0,3.076349238117254
773,23,5.0,4.089852144032642
880,976,2.0,3.0239162484135353
763,819,2.0,2.892893770838812
274,815,3.0,3.6979228374783637
707,297,3.0,3.7686009442436084
753,653,4.0,3.8100875768116946
128,190,4.0,4.130172597986859
848,485,5.0,4.276639778181454
840,257,3.0,3.778521011265072
632,227,3.0,3.6628559530334326
200,89,5.0,4.603813343169426
432,546,3.0,3.401050696958822
416,652,4.0,4.000017410241111
184,1148,3.0,3.6525128926288217
35,876,2.0,2.7679068717397888
702,895,1.0,2.3263464904203914
334,675,4.0,3.5232826440846314
85,221,2.0,3.749115044216157
92,82,2.0,3.7747503664367836
699,475,4.0,3.55828970898733
254,94,3.0,2.94038540862351
894,847,4.0,3.9835651248965993
301,132,4.0,3.84615139103415
731,140,2.0,3.185423147550835
450,336,3.0,2.9568350987334258
245,597,4.0,3.233871236663036
698,481,3.0,3.099258794752342
58,475,5.0,3.6387649769576447
87,1182,3.0,3.0328990096800177
308,1028,2.0,2.794995209442738
402,529,4.0,4.2859110013105814
308,856,4.0,3.754433863910196
216,1218,3.0,3.7458162097484027
721,8,4.0,4.279710622736426
605,1,4.0,3.8890065569955037
427,292,2.0,4.821390585895751
372,448,4.0,4.400550229248454
72,792,3.0,3.7362282030019083
620,699,5.0,3.9296886854106803
875,654,4.0,4.258786758260306
846,484,5.0,4.190103880804517
357,820,4.0,3.677532172561792
847,200,3.0,3.988126237588186
150,151,4.0,4.0837260373154445
246,410,1.0,3.543885356916321
295,216,5.0,4.336397692430984
201,268,4.0,3.0585455492680134
727,206,3.0,3.334399675408042
892,56,4.0,4.492484420788243
393,815,4.0,3.4055509920483686
308,135,5.0,4.1829673549045445
500,1012,4.0,3.333199074793026
683,607,5.0,3.3464687791533896
864,96,5.0,4.499264403342001
864,642,3.0,3.829095293747918
908,127,4.0,3.6037731872683856
428,268,4.0,3.745228000111109
878,462,4.0,3.824318286204155
389,629,2.0,3.3200734042630233
877,371,5.0,3.66307103624354
833,58,2.0,3.2940641652355693
717,290,3.0,3.5710065224543603
506,449,2.0,3.299969065224807
832,326,4.0,3.0927022281360856
916,12,4.0,4.435534303728411
383,657,5.0,4.699423535830411
70,96,4.0,4.246048266647468
314,283,4.0,4.454499639483847
189,132,5.0,4.521003576579768
846,849,3.0,3.1902169286760076
782,1226,2.0,2.7148130079458404
621,107,4.0,3.8975126135040488
454,742,3.0,3.6219269667471727
838,275,5.0,4.200316834499686
323,172,5.0,4.322293931838627
533,371,3.0,2.956846403492535
407,123,3.0,2.907028145050804
373,286,3.0,3.5643889582121933
715,231,3.0,2.6502595044274377
303,1090,1.0,2.78957373979696
316,286,5.0,3.3827110146804404
933,265,4.0,3.210613627150487
69,151,5.0,4.250371511644424
432,222,4.0,3.6341964289582447
160,302,5.0,4.1738367611739955
416,662,4.0,4.055614176987498
279,1007,4.0,3.727374989899338
590,1017,4.0,3.2780288086949882
459,866,5.0,3.5788663991441494
697,595,4.0,3.5094795245771566
640,56,5.0,4.673263844208388
650,191,4.0,3.6297152820749012
653,4,3.0,2.556861907873203
829,151,4.0,3.301354706904465
780,186,4.0,3.720129082056509
312,481,5.0,4.4785752795982745
354,216,3.0,3.55615562700075
498,176,2.0,3.2710216447697396
695,903,4.0,3.34441179486544
934,419,4.0,3.5136369272428425
286,315,5.0,4.328603059064885
48,654,5.0,4.06787412546133
71,135,4.0,4.215849064936154
277,258,4.0,3.3699113929663413
355,271,3.0,3.914510612004604
402,235,3.0,2.7390799574569855
7,562,5.0,3.5991930799500276
177,197,4.0,4.033858056755421
880,928,2.0,3.3218156412338438
933,433,1.0,3.202689973163018
805,1008,4.0,3.838914638870006
308,671,4.0,3.9963068311033254
116,303,3.0,3.275730365239089
10,488,5.0,4.675182144649459
882,227,4.0,3.8911618502716494
499,357,5.0,4.198314006862275
59,418,2.0,3.5945746561539944
828,246,2.0,3.3216302652794774
456,210,3.0,3.225852401720301
311,754,3.0,3.2755684073917752
747,23,5.0,4.585439412309558
94,390,5.0,3.6785237391847114
357,932,4.0,3.8109193927426803
11,549,4.0,3.5360264957267526
474,479,5.0,4.362388476697168
655,371,3.0,2.5446984764716998
216,184,4.0,3.2956388661737512
452,88,2.0,3.5760793403429703
498,1426,3.0,2.9726708329297087
843,91,3.0,2.89846214724962
790,665,3.0,2.9569712360616927
727,367,3.0,3.2292769681990223
292,28,4.0,4.3278828078134115
457,175,5.0,4.305320415520266
481,4,3.0,3.5331696081832824
62,4,4.0,3.467274741234744
747,279,4.0,3.7001497765010884
284,345,4.0,3.5052687334913277
697,975,1.0,3.620622380589875
144,880,5.0,3.2124428694073996
796,488,2.0,4.3893139875948295
449,1367,4.0,3.9529840308186537
183,144,3.0,3.1193302577371473
621,876,2.0,3.1904539075834473
16,531,5.0,4.29427436191063
390,742,4.0,3.872307542809532
214,327,5.0,3.479361187752236
197,518,1.0,3.8088904834747686
38,70,5.0,3.6714303616997035
894,534,4.0,3.395735154477205
72,100,5.0,3.832604955448679
548,255,4.0,3.64300491154011
293,605,3.0,2.716245633393282
407,565,3.0,2.7414924900267454
197,550,3.0,3.1728370896192
198,824,2.0,2.463740847908326
392,650,5.0,3.9198949091866324
741,215,4.0,3.474999104269557
59,127,5.0,4.768056958764737
398,732,4.0,3.623923724189815
417,419,4.0,3.660973362513932
643,1149,3.0,4.1671005393038225
429,96,4.0,3.9993810072517775
102,597,3.0,2.467455065215833
118,551,5.0,3.451207159176992
334,905,1.0,3.138495459095307
6,259,1.0,2.574071902144362
456,772,4.0,3.154895163868066
741,118,1.0,3.0154757868423467
829,129,4.0,3.3973512244517052
339,45,5.0,4.441874554590722
864,628,4.0,3.7810459792647237
292,125,2.0,3.8326177064402995
424,15,4.0,3.722648934781229
521,659,4.0,3.466975067590896
504,94,4.0,3.401128839626648
49,813,3.0,3.644157736447464
537,265,3.0,2.799103830125641
458,654,5.0,4.485449152807264
397,172,5.0,4.46416068452231
69,50,5.0,4.602606422889419
524,461,3.0,3.321268727928553
87,1187,2.0,4.022247109414534
492,64,4.0,3.961555152563966
120,546,2.0,2.9317940253099426
165,174,4.0,4.363923603149514
784,678,4.0,3.40861373811431
497,1615,3.0,2.873155233487607
642,231,3.0,2.939263996882722
291,760,2.0,3.3953414146942857
886,164,4.0,3.4971298133065662
380,614,3.0,2.9447993547697173
450,936,5.0,4.333061545569047
943,122,1.0,2.2726291275970567
676,117,4.0,3.854975492319379
115,181,4.0,3.796196036176639
405,141,2.0,2.313352498045541
405,580,1.0,1.7944174461216063
895,275,5.0,4.203684275331437
436,159,4.0,3.738435023585878
246,809,2.0,2.6466874827293365
633,28,4.0,3.7446641443930293
568,604,4.0,3.68326200717052
561,99,3.0,2.696005378680691
128,568,4.0,3.9581198849767474
776,483,5.0,4.114095038936375
806,483,4.0,4.367426094852769
150,246,5.0,4.380428699920958
479,324,1.0,2.914867596580602
437,1262,3.0,3.4541770580291207
310,116,5.0,3.936470094451832
210,99,4.0,3.954157304665368
880,188,4.0,3.7205652544043595
398,174,5.0,4.272354600567398
940,508,5.0,3.378584566369387
734,662,3.0,3.3152048895146082
677,101,5.0,3.6908446833135695
2,280,3.0,3.336878073263933
658,235,2.0,3.0433329892955996
846,376,2.0,3.118946080494557
886,1435,3.0,2.9319015380563016
312,480,5.0,4.875283285034514
68,245,3.0,2.2689548062747233
935,546,4.0,3.756069282491515
862,429,5.0,4.540051961683945
653,70,2.0,2.702591235692845
224,326,4.0,3.1900064719084824
795,62,4.0,2.645720021384062
765,222,2.0,3.564591086001234
574,344,5.0,3.788320707860195
565,52,5.0,4.654355134438305
660,167,2.0,2.4658535726867465
880,405,4.0,3.500799591559474
429,662,3.0,3.1507531602509755
406,1194,4.0,3.7387058081246427
115,284,2.0,3.575981000477588
693,488,4.0,3.516234559658132
405,425,2.0,2.469968617420628
436,423,4.0,4.406017201420573
574,1022,2.0,3.5438491260829714
435,54,4.0,2.9503175677783813
905,137,3.0,3.849383244016245
416,980,4.0,3.7428488976783423
766,380,2.0,2.6450576148181444
405,639,1.0,1.942360250983139
100,990,3.0,3.0563090246679594
862,64,5.0,5.0
727,147,3.0,3.2619974987795244
445,1011,1.0,1.851457766185441
870,238,4.0,3.331888960217096
672,874,4.0,3.260741329403429
621,180,4.0,4.122687068851109
852,926,3.0,3.0931519955252926
326,521,2.0,3.218268896855129
494,50,5.0,4.84638825382863
328,232,3.0,3.432642331270479
85,180,4.0,4.009653291337057
622,161,3.0,3.2493123311024243
671,66,5.0,3.899743967735224
374,12,4.0,4.229923085900449
655,462,3.0,3.0012546569664806
416,742,4.0,4.16171155147644
786,174,4.0,4.2535097645296
642,90,4.0,3.238682233415442
264,602,4.0,4.023570069584629
43,49,4.0,3.5443838190611956
368,201,5.0,3.2097149157987372
198,480,4.0,3.9460259623355625
561,474,5.0,4.430040464828492
22,791,1.0,2.9321680423743643
44,245,4.0,3.65323136368436
387,324,4.0,3.5322173207116996
805,357,5.0,4.089622041371075
295,151,4.0,4.295702770049321
524,484,4.0,3.959411266088382
365,137,3.0,3.662648817628615
825,740,2.0,3.6340129582941763
345,303,4.0,3.8632103193513347
158,502,4.0,3.8552221556825295
868,739,2.0,1.9947882546676174
187,710,4.0,3.7094725227616876
393,71,3.0,3.774595474853005
736,515,5.0,3.9260414646527937
428,269,5.0,4.3539683923974195
102,239,3.0,2.7621874088025007
444,906,4.0,3.7381168975375516
796,1032,3.0,3.004050725947969
23,73,3.0,3.3317418042389813
432,411,3.0,3.4543636211643274
654,367,4.0,3.497682724927675
766,443,3.0,3.6277914484055875
757,405,4.0,3.3623258186899236
436,174,3.0,4.3859407185698185
6,165,5.0,3.991152895534587
521,755,3.0,2.8564135326178697
243,708,3.0,3.3831788159438747
71,100,4.0,4.163568288680857
95,506,3.0,3.7539785551181404
428,879,4.0,3.8089688058497875
181,1394,1.0,1.6614362847178716
561,4,3.0,2.747111478683853
634,237,5.0,3.4793159014809545
5,395,2.0,2.2126270410371744
525,255,1.0,3.081237393859581
387,564,1.0,2.10708979491874
606,477,4.0,3.7013600232024495
639,483,5.0,3.608018193198045
496,150,2.0,3.455874033499511
454,736,3.0,2.8682822938301857
223,259,3.0,2.692853721135556
933,840,3.0,2.1690136219879044
880,678,3.0,2.699094729620313
799,50,4.0,4.439888585013222
38,127,2.0,3.804047510684917
179,914,5.0,2.7170642155884823
191,345,4.0,3.322222234145815
509,754,1.0,2.613083729576551
58,1102,1.0,3.3338228781500145
653,1087,2.0,1.949628430599751
184,65,4.0,3.76942940314754
244,946,4.0,3.096826584681782
413,100,4.0,4.450086113970054
16,467,5.0,4.506523729552009
749,431,5.0,3.5090745180405962
453,214,3.0,3.13388602759791
750,286,4.0,3.5346178057735242
13,720,4.0,2.170909640283578
748,181,4.0,3.7981340726309627
334,190,4.0,4.1905375050110685
401,527,4.0,3.2788234835688703
399,710,2.0,3.226047830151854
59,519,4.0,4.342065289348732
345,315,5.0,4.252161983896484
682,756,2.0,2.0755412703298015
394,577,2.0,2.9381299240942167
342,1012,4.0,3.396068802533364
696,310,4.0,3.7012194475933
221,824,3.0,2.980401897254694
256,1,5.0,4.432387445871032
296,923,5.0,4.21681656911222
659,559,1.0,3.553497659241982
5,144,3.0,3.7322025799034866
286,746,4.0,3.863190752761961
1,203,4.0,3.739451625427052
668,286,4.0,3.5635608577771634
632,609,3.0,3.47309040884438
584,227,4.0,3.4145514221387874
256,473,5.0,4.023260466420417
275,69,3.0,3.4499137214846027
796,869,4.0,2.818687580070874
83,685,4.0,3.7521623153658186
894,595,3.0,3.0173979860112796
445,208,2.0,2.7757321308964773
257,14,5.0,4.000322687451492
437,412,3.0,2.292214956266715
826,511,3.0,4.822349393263205
290,174,5.0,4.405068697187605
548,305,1.0,3.804167258388075
676,539,4.0,2.5015868154352257
332,159,5.0,3.9083064884628533
654,275,5.0,3.9973450486478006
870,96,4.0,3.8369963945218437
403,1047,2.0,3.0719252873827174
197,226,4.0,3.249219438206318
450,495,4.0,3.834805652467394
405,669,1.0,1.0
486,713,3.0,3.199927113798667
122,582,5.0,4.014698651872762
286,298,4.0,4.540442872439296
650,1050,3.0,2.9349997075854146
239,836,5.0,4.068381234767409
566,575,1.0,2.788603052848743
200,570,4.0,3.7761103317167226
313,845,3.0,3.438229609784094
522,135,5.0,4.133882370503336
732,304,5.0,3.7322946998414137
435,1044,4.0,3.044714814159282
916,7,4.0,3.479683986017585
693,378,2.0,3.1457822395584216
64,173,5.0,4.341989773524844
543,161,4.0,3.217993510802491
168,744,5.0,3.1747788864325175
194,526,4.0,3.6198347755289144
363,1014,1.0,2.6123362672858397
863,321,4.0,2.9392104436070396
286,280,4.0,3.735971735401009
148,521,1.0,4.016875606107053
505,526,5.0,3.271827551668646
31,32,5.0,3.7892399281330875
914,313,3.0,4.02464578506325
379,63,2.0,3.241003817119707
312,521,5.0,4.368783506548098
184,836,4.0,3.4460822233952655
721,22,5.0,4.787740493500211
514,380,4.0,3.592714843862814
919,301,3.0,3.4213889022452952
845,272,3.0,3.4706992851405096
75,294,3.0,2.8161155127569786
474,174,5.0,4.8071145721448785
642,1054,3.0,3.0048929153877237
234,492,3.0,3.4733378121694676
110,790,4.0,2.534349599588476
896,1303,4.0,1.9051031811334829
644,546,4.0,3.871733022520729
160,209,4.0,4.156113456420668
415,258,4.0,3.739639907296407
608,506,4.0,3.9601708568703553
457,699,4.0,4.2808686179316
883,312,3.0,3.2211997438171185
107,286,2.0,2.998753327596727
875,603,4.0,4.890748232475523
627,693,2.0,3.291137215975803
1,9,5.0,4.051664821367119
361,203,5.0,4.077862721369441
79,313,2.0,4.379244285728835
709,29,3.0,2.9315097975444253
932,675,4.0,4.164553126387558
201,1010,3.0,2.9838053615660254
125,1204,3.0,3.513286691369264
524,277,3.0,3.401353485680272
378,780,2.0,3.037209758060479
130,385,5.0,4.32982077393431
659,96,4.0,4.4752129397124945
845,690,5.0,2.7881786312955397
890,480,5.0,4.493793559873668
144,319,3.0,3.3042716532697116
848,23,2.0,4.528382813553928
909,289,3.0,3.2832600228569713
65,25,4.0,3.708949574637011
62,402,3.0,2.8059133332367088
693,117,4.0,3.0995664011466224
660,485,3.0,3.061259489285787
374,1513,2.0,3.109723303891106
749,823,3.0,3.1645427645941706
13,917,4.0,2.9547824293454474
814,413,2.0,2.4195606269647616
206,1429,1.0,2.0926492222553055
852,7,3.0,4.248931152425626
334,510,4.0,3.759562151200058
276,340,5.0,3.6487770173159646
271,300,2.0,3.398905499195293
391,59,5.0,4.396380573221516
346,77,4.0,3.488457129862623
271,97,5.0,4.134861434056885
479,54,3.0,3.0841230859938626
648,227,3.0,3.5234329563509856
884,921,5.0,3.717020995158379
533,15,4.0,3.9650948822156655
851,159,3.0,3.297241267679713
718,982,4.0,3.186604363840073
22,121,3.0,3.627086656550979
222,723,3.0,2.816642835040819
661,615,4.0,4.044537730481837
660,315,4.0,3.2534699785604846
474,182,5.0,4.512273951826762
675,1007,4.0,4.006833547637051
696,347,1.0,3.9391468509359044
758,550,4.0,3.801094935080139
3,325,1.0,2.289369799638221
95,182,2.0,3.8094577538687937
450,427,5.0,4.606650058856776
919,236,5.0,3.8628204857939354
608,70,4.0,3.6524493062501504
621,1029,2.0,2.707227097370511
268,52,3.0,3.529034924640655
13,565,1.0,2.652364715406375
339,235,3.0,3.1276416728076595
314,934,4.0,3.591090998088973
314,785,3.0,3.40808895024774
432,7,2.0,3.511124717343211
69,1016,3.0,3.3531696194309726
649,147,4.0,3.727681742631707
234,1458,4.0,2.878768850416715
249,628,3.0,4.085740867525368
293,264,3.0,2.0618889749061493
244,451,4.0,3.3731448772448416
5,90,3.0,3.1116619087206634
367,53,4.0,3.6892782541926383
815,131,2.0,4.089858752602251
58,1106,4.0,3.632578857322878
726,845,3.0,2.958458526353135
178,204,4.0,4.348527192952238
201,597,2.0,1.9871411230347427
473,319,3.0,3.383686678727642
864,70,4.0,3.8487864828356733
452,1089,1.0,1.7904935745881219
69,628,3.0,3.577129482501753
606,98,5.0,4.3285887193530055
374,1215,1.0,2.1707350756840693
189,990,3.0,3.877714579121519
303,785,3.0,3.314951436548675
429,768,3.0,2.684825093335347
178,846,3.0,2.967479957012629
907,1,5.0,4.937334482996791
781,483,5.0,4.61145945183584
729,690,2.0,2.8898571281199215
320,42,4.0,4.530687652802481
634,9,5.0,3.458688423687907
666,206,4.0,3.722134407227179
479,148,2.0,2.8781792368935943
463,20,5.0,2.9311642888237
320,79,4.0,4.373967885459308
709,28,5.0,4.216744487954443
571,174,4.0,3.8151049221620124
930,64,4.0,3.705988400709182
7,496,5.0,4.71926954656665
145,1087,1.0,3.197385038636839
869,287,2.0,3.240009280790867
344,431,3.0,3.5113847493853227
712,568,5.0,4.120755015228166
899,710,3.0,3.571780570163903
41,195,4.0,3.833485804356402
891,934,3.0,3.4456453690880835
793,685,3.0,3.4284596306377653
298,127,5.0,4.749481933154352
214,20,4.0,3.461798174342346
424,243,4.0,2.263369806242375
768,9,5.0,3.369226538655023
527,93,4.0,3.6683294784800244
892,233,5.0,3.8350468847905743
313,182,4.0,3.5017156137705894
929,31,2.0,3.3526783022286804
26,313,5.0,3.6747170273252596
642,1473,4.0,3.617201175074411
804,55,4.0,3.8229450479056317
655,1378,3.0,2.710130022016228
484,550,4.0,3.6996843037792724
823,144,5.0,4.353392394154826
517,405,4.0,3.115437980993983
498,136,3.0,3.7774495928679714
378,254,1.0,2.442005926821824
223,1088,4.0,2.0850452187849866
943,184,5.0,3.0374024103118944
870,763,4.0,2.965946270948283
123,64,3.0,4.5719344491322955
507,328,5.0,4.65619630674839
99,4,5.0,3.590406324306896
72,582,4.0,3.744267644035989
468,55,5.0,3.6992123717029197
13,137,5.0,3.212604348302356
935,471,4.0,3.9618354697458256
250,629,4.0,3.5552431297953886
394,31,3.0,3.992356851592997
645,175,5.0,4.36914694069105
13,558,1.0,3.1556203501180473
399,320,3.0,3.2450290553654715
82,826,3.0,2.2774813762962864
883,277,4.0,3.7852263340103587
710,483,5.0,4.433585157724319
417,428,3.0,3.7507867675564865
145,983,1.0,2.9916825447662925
311,12,4.0,4.217388600772372
207,53,1.0,2.461566794919828
429,1224,2.0,2.8743115127582066
297,1073,3.0,3.9723096033137733
435,219,5.0,3.086326580952914
758,230,4.0,4.059973619247502
262,235,2.0,2.6862528618022625
28,323,3.0,2.845883184798996
264,558,5.0,4.105814574495562
457,831,2.0,2.7916281237671696
561,109,1.0,3.0396340510143696
672,515,5.0,3.848259366217416
102,792,3.0,2.784442259878793
280,155,5.0,3.401587609505596
215,8,2.0,3.9745628558968362
256,761,4.0,3.963369379059163
536,50,5.0,4.776233230081544
77,215,2.0,2.840868635561484
354,494,4.0,4.130556264578889
474,244,4.0,3.3592880804667606
72,70,4.0,3.8333873303411905
533,1086,3.0,3.0205855833501287
290,121,4.0,3.616503436077342
62,357,4.0,4.155583708294936
504,1415,3.0,3.480860715932264
539,306,4.0,4.201584117048647
535,1098,5.0,3.7791895212845166
325,616,4.0,3.4829444217758603
710,127,5.0,4.330782056872073
508,234,4.0,3.459550640733189
506,482,5.0,3.952932510177709
640,210,5.0,4.599677871236434
933,471,3.0,2.6658893488901025
551,127,5.0,4.343147775390459
83,1060,3.0,3.269845102713861
5,405,3.0,2.999776051040664
291,423,4.0,4.3023446099835585
674,323,3.0,3.0719900455375266
268,7,4.0,3.4205428831497806
121,137,5.0,3.896335785347425
716,238,4.0,3.606482411647369
308,1046,4.0,3.208886661442911
49,238,4.0,4.166743934560842
499,173,5.0,4.324590263648307
178,763,4.0,3.3841923624413988
890,1,4.0,4.110690884390346
787,294,3.0,2.686694696970506
878,275,4.0,3.3947210244934336
379,1,4.0,4.226496471886882
933,732,3.0,2.7544082263590473
49,13,3.0,3.472325730194164
18,972,3.0,3.522448411452711
675,874,4.0,3.5085515909391893
196,286,5.0,3.4467209398539644
251,866,2.0,3.4142224654533986
679,168,5.0,4.0703754681994475
877,531,5.0,4.045268725936199
178,183,4.0,3.740381305526488
130,1019,4.0,4.4545657324165475
661,480,5.0,4.43909990441269
916,196,4.0,3.473079112839439
937,294,1.0,2.8959390945026557
715,117,3.0,3.59757604079066
60,194,4.0,4.363997695740503
91,193,3.0,4.007399501866438
251,151,5.0,3.855857087160022
453,456,3.0,2.0852715624752856
683,269,3.0,3.744809503626318
519,339,3.0,4.062480110065551
283,435,5.0,4.528682026802999
682,299,4.0,3.002810537091499
936,927,4.0,3.873666226579948
727,366,3.0,3.391404568429979
639,604,4.0,3.5523879168001553
425,5,1.0,2.702014006273343
450,1297,4.0,3.570505940007349
445,840,1.0,1.5611109870548117
638,210,4.0,3.930387525389805
886,655,4.0,3.5742121961689675
537,405,2.0,1.7733699857907004
429,464,3.0,3.6138796941904356
867,172,5.0,4.34441767483051
293,497,4.0,3.7875454534350466
128,371,1.0,3.1236166353602153
94,89,3.0,4.517009982294212
381,403,3.0,3.8242731268938295
416,472,4.0,3.618718516621845
846,90,2.0,3.2758494472520425
393,80,3.0,2.8462316362293585
13,442,1.0,2.7094816833774886
382,59,5.0,3.9924750831506124
500,70,4.0,3.3350369480961235
429,217,3.0,2.7196876224757607
878,70,3.0,3.5726735036644683
391,322,3.0,3.0541540807226855
833,675,4.0,3.0971626524280604
300,1012,4.0,4.186195023615766
457,44,4.0,3.8818324611269936
660,483,4.0,3.668240672216661
807,231,4.0,3.160858527505795
457,403,4.0,4.04806685880005
43,235,3.0,2.387687334574986
13,559,1.0,2.530451316630015
620,758,2.0,2.3930079989728696
658,772,3.0,2.876000043822525
399,66,3.0,2.860238687999544
181,256,1.0,2.0783177637913015
445,644,3.0,2.6637048510057046
601,131,4.0,3.29297474544014
622,88,3.0,3.371760883313513
334,449,3.0,2.9571239459086174
653,214,3.0,2.1715553469382938
551,331,5.0,3.851118095698263
324,250,4.0,4.253126975319969
66,597,3.0,3.1357346472657572
927,404,4.0,3.999027781638486
615,187,5.0,4.284588104035249
10,144,4.0,4.136994018696084
686,527,3.0,4.761626617784198
919,787,3.0,3.429278730358729
141,410,4.0,2.7015360631184797
625,255,2.0,3.2387753297516384
837,596,3.0,3.3108217612357485
465,408,5.0,3.9035518028333733
797,327,2.0,2.7339645943579503
790,364,2.0,3.0851756817826246
404,288,3.0,3.518960118086181
45,108,4.0,3.3584331461379766
840,1639,4.0,4.1090101567669
865,455,4.0,2.507492137521571
159,127,5.0,4.212862177143536
13,400,4.0,2.058102481947484
716,142,3.0,2.969775771169574
231,181,4.0,4.299128235574953
804,576,4.0,3.1431713145034443
537,385,2.0,2.315425472175828
335,307,5.0,3.3834006286377196
363,239,3.0,3.131479328268952
417,1095,3.0,2.2997153837927478
338,1,3.0,3.875671266034155
463,121,3.0,2.6460620606736422
500,77,3.0,2.673968869812717
886,117,2.0,3.485303467204612
370,433,3.0,3.4567776638711405
60,131,4.0,4.2996205218508345
712,174,5.0,4.681853180531861
493,925,3.0,3.216081489914794
368,100,4.0,3.674117763738698
363,449,3.0,2.3799126212170387
301,685,3.0,3.1916099850481894
761,402,3.0,3.5107394170162194
407,844,2.0,3.18499292780305
655,1062,3.0,3.129126707697745
378,148,4.0,3.377236311383586
319,346,3.0,3.8622761030334565
194,228,1.0,3.303149233927963
293,765,3.0,2.3956227943345985
83,121,4.0,4.25464349767606
800,292,5.0,3.6103187769064067
815,423,5.0,4.128268213338709
79,262,5.0,3.7661417392514256
279,869,1.0,3.367326418203514
606,204,4.0,3.9985239728875315
560,222,4.0,3.198044927717253
343,715,5.0,4.098178578921558
327,215,4.0,3.508092937998556
878,116,2.0,3.3134663882008937
500,836,5.0,3.1885223216736005
4,357,4.0,4.673000087689913
675,318,5.0,4.318654908048273
527,64,3.0,4.370204251788992
290,125,3.0,3.158389373496664
605,133,5.0,3.9625716801743485
622,1419,2.0,2.727063540381687
439,273,2.0,3.912698564716038
535,238,4.0,3.8681011311280264
399,203,4.0,3.4313436167223315
663,652,4.0,3.723876990234915
535,639,4.0,3.9815025442592527
297,211,4.0,3.7173328476953253
541,419,5.0,3.733481751681417
758,23,4.0,4.360544835371682
354,610,4.0,3.545907902534873
181,1336,1.0,1.0
251,111,3.0,3.78100420171962
761,9,2.0,3.0677642429318324
749,98,5.0,4.689172402078144
7,530,5.0,4.0718608749474035
69,742,3.0,3.4861526552882776
890,194,5.0,4.017502294371894
368,53,2.0,3.3345020129325507
892,648,4.0,4.563192052093526
457,623,3.0,3.4126717831908593
25,258,5.0,4.020837670599066
524,318,4.0,4.062947448088275
455,57,4.0,3.9186926231075994
18,968,3.0,3.6623874194441264
840,732,3.0,3.5242559510795393
823,90,4.0,3.4348350537376096
514,183,3.0,3.876521850934221
437,244,3.0,2.994277428841017
699,1284,3.0,2.658530129838844
875,42,4.0,3.992408643185812
935,125,4.0,4.403864329316391
910,1,4.0,3.390176781578783
566,98,4.0,4.154134869131699
392,538,2.0,3.799894343466013
749,389,3.0,3.2793098166507417
837,274,4.0,3.1643576201696852
497,432,3.0,3.2417301732614545
327,550,2.0,2.531586595005754
160,1223,4.0,3.5313867574133475
500,1014,2.0,3.151905188978119
534,756,4.0,3.762287640443359
815,1157,2.0,3.33035690160785
498,656,3.0,3.799053958758328
588,713,3.0,3.712026308828698
664,192,4.0,4.325871951116341
69,1142,4.0,4.157477615284053
489,333,4.0,4.100801105376982
632,7,3.0,3.6171285327136573
271,847,4.0,3.617699113026765
230,588,5.0,3.764857689385723
60,494,4.0,4.2268853689728125
828,902,4.0,3.2423709950452717
151,114,5.0,4.701979060464291
645,963,4.0,4.2540125971929355
577,407,4.0,2.6397632991372086
95,443,3.0,3.843642511754291
484,468,5.0,3.684931535384627
790,781,4.0,2.6600487964107895
359,455,4.0,3.4462726115014637
786,281,4.0,3.3096863462453467
925,788,3.0,2.8823265469988177
894,323,2.0,3.042458352742435
11,239,4.0,3.2491011692020715
916,121,3.0,2.6913503264281364
628,288,5.0,4.341304356124632
345,1221,3.0,3.611424521690478
94,99,3.0,4.018341376295878
91,333,5.0,4.150126039175409
809,313,4.0,4.429706226514997
585,212,5.0,3.56070143339759
836,216,4.0,3.880264777162124
405,623,1.0,2.4722420189220244
401,121,3.0,2.887903295081347
303,1007,5.0,3.7696061398720193
548,659,4.0,4.084548016150427
87,709,3.0,4.115739620877044
854,111,3.0,3.3969658043977464
277,284,4.0,3.2219616746692714
215,215,3.0,3.8110364457372885
65,88,4.0,3.6930928838208215
862,143,5.0,4.089699202607145
151,1047,2.0,2.9869920336874243
819,302,5.0,4.683574878484678
372,100,3.0,4.979633641598076
223,619,2.0,3.280260382834066
85,782,2.0,3.0035233289711054
910,748,3.0,2.5052050661210004
681,259,2.0,2.978418234754382
334,306,4.0,3.8821368653189614
747,423,5.0,4.648117125047669
7,269,3.0,4.54742000633241
551,1376,1.0,3.3843517687175555
782,1589,3.0,2.808760606912859
493,134,3.0,3.7028958303050232
145,237,5.0,3.473637680357611
457,239,5.0,4.128025655682705
932,144,3.0,4.033915020603188
85,521,3.0,3.7329438864643563
930,24,1.0,2.724450419820864
629,632,3.0,4.21171803088908
884,1073,4.0,3.81199238987597
499,497,2.0,4.181175638293582
622,4,4.0,3.5963358727740746
254,575,3.0,2.110120381891221
335,333,4.0,3.574251482413294
45,282,4.0,3.881245696560775
426,143,3.0,3.352807783770239
635,323,3.0,2.917723476814356
297,114,5.0,4.005528354339862
478,403,2.0,3.2243253205068214
223,369,1.0,2.774625343473474
694,52,4.0,4.299887209371734
442,834,2.0,2.4239826683404346
617,563,1.0,1.6388220680217578
821,106,2.0,3.8078074862226194
405,774,1.0,1.4390851012130905
429,425,3.0,3.633064803006912
234,48,2.0,3.5209898815275413
754,282,4.0,3.6689166134382414
303,815,3.0,3.244025485852111
606,175,4.0,4.052340577743811
833,449,2.0,2.2491722925781605
497,257,4.0,3.3976387469030436
321,515,5.0,4.004077418505989
456,57,4.0,3.9876420787624802
716,622,3.0,3.412364545176383
296,256,5.0,4.19554431143336
156,157,4.0,3.506313616522063
825,325,5.0,2.7448525601630775
16,448,5.0,3.9099530331703987
389,182,5.0,3.9890424051246205
548,218,4.0,3.5941835145731877
825,1051,4.0,3.6357236755053455
330,100,4.0,4.9240265784423
58,1101,5.0,3.760459047359201
117,195,5.0,4.7279737014672785
400,332,2.0,3.634310008746861
77,134,4.0,4.335542790723005
239,671,5.0,4.542739454312204
269,514,4.0,4.6605816828964475
459,1016,4.0,3.4944094042736054
297,1007,4.0,4.048190299695483
130,289,5.0,3.942531455824174
519,340,5.0,4.475206959103505
942,662,4.0,4.048279251825101
503,509,5.0,4.0558702210926905
629,81,3.0,4.0868729756324305
724,678,2.0,1.990333257006605
135,234,4.0,3.8546795335697825
13,144,4.0,3.8819916165916633
7,658,3.0,4.088668435057317
747,69,5.0,3.971439301299475
277,15,4.0,3.870855392813943
6,197,5.0,3.8322522296417354
665,301,4.0,3.388276044061797
751,274,4.0,3.368778400905244
12,159,4.0,3.5546626567028117
262,628,2.0,3.2714417279196253
802,443,4.0,4.083170241404309
49,473,3.0,2.9604401869549
293,521,3.0,3.6992231872846753
426,492,5.0,3.6696394653354925
883,49,3.0,3.557542535750291
181,879,2.0,1.6623767459899463
435,1047,3.0,2.350492829006025
892,837,5.0,4.359760258781267
290,429,4.0,3.99697377998462
159,546,4.0,3.305742252050185
216,143,2.0,3.5759558618219818
435,1240,4.0,3.684939535988652
328,294,3.0,2.7948320359608996
95,843,4.0,2.8106905749897715
664,427,4.0,4.2840750736172115
442,810,2.0,2.639974422299873
934,663,5.0,4.049556968825566
592,1079,1.0,2.9058183764205854
436,226,4.0,3.6720401203296804
406,509,3.0,3.6653090521167906
13,273,3.0,3.2539298801861727
118,324,4.0,4.603627599855653
748,96,5.0,3.994858131179835
303,842,2.0,2.8069570616168855
790,792,2.0,3.4129884191841673
224,162,4.0,2.9613547492983847
44,228,5.0,4.038899326420353
551,774,5.0,3.49571089315905
312,614,4.0,4.3774280854586305
815,159,3.0,3.590835197862883
203,181,5.0,4.083799641379721
551,72,5.0,3.687439551196827
50,124,1.0,4.176259012994979
608,695,5.0,3.1679743362452504
796,1511,3.0,3.437458601532216
397,221,4.0,4.062284868829245
524,204,3.0,3.3760190503904135
684,94,3.0,3.293944768565763
485,302,5.0,3.8327659956955915
851,681,1.0,2.855901637132781
394,158,3.0,3.078497107578723
620,15,5.0,4.158860513372959
691,1172,5.0,3.7378289059724334
110,586,3.0,2.4685568170818355
626,324,4.0,2.09693932881227
387,549,5.0,2.909498356321798
334,82,4.0,3.5321353882194466
399,452,3.0,2.27859753069218
13,205,2.0,3.778721214534944
943,274,3.0,3.3731862730645448
308,481,4.0,4.267203137914216
617,569,1.0,1.8507647516828218
551,393,5.0,3.0297319534997946
824,319,2.0,2.9674783850928517
870,496,5.0,4.07002055693446
213,24,5.0,4.137690714530112
213,515,4.0,4.749186082770916
617,313,1.0,3.179451179137212
930,405,3.0,2.619359718160621
303,1209,2.0,2.4938583604376285
107,323,1.0,2.577211906641322
648,566,4.0,3.5913640285160904
59,1047,2.0,2.9976307136240234
13,58,4.0,3.1827931971903496
313,423,4.0,4.151213207702975
450,196,5.0,4.6510123374147465
854,195,3.0,3.392466962995411
388,680,5.0,3.128576472259345
326,657,5.0,3.7566408098196025
679,318,5.0,4.4258675400300875
618,966,4.0,3.526779251482646
429,462,4.0,3.821928518425612
300,100,3.0,4.7021148469188985
72,241,4.0,3.4232172089320807
186,117,5.0,3.7207497512714878
175,136,4.0,4.173530612259255
363,128,5.0,3.7101472580817023
772,326,4.0,3.7506080130673776
900,294,4.0,2.362961999293119
181,1348,1.0,1.7270462328442502
553,524,5.0,4.381990993919263
327,508,2.0,3.2922193572281464
14,430,5.0,4.3709427255323865
517,1,3.0,3.7788255067835266
339,204,3.0,3.8027126185690707
642,1413,3.0,3.670030089232664
315,461,4.0,3.79125337605854
460,146,4.0,2.9665356386774064
405,1548,1.0,1.9394328711988769
723,433,3.0,3.197760913152262
232,919,3.0,3.9408017880019264
11,504,3.0,3.894537707646004
648,410,2.0,2.700473609900393
881,229,4.0,2.9150216745862583
397,338,4.0,2.8753140072756427
899,250,2.0,3.5194544640892764
112,891,3.0,3.3904899730055273
167,675,1.0,3.9713954596822183
789,100,5.0,3.9439738123872767
748,328,4.0,3.4192299590753157
49,1021,5.0,3.804493553603587
399,172,3.0,3.27783363146724
6,135,5.0,4.0172183042088445
334,125,3.0,3.2748495000784548
621,25,4.0,3.7405828182990506
601,257,2.0,3.1535260294889347
373,401,4.0,2.3271482332264033
244,118,2.0,2.9401650528997956
892,27,4.0,3.69149104366854
38,405,5.0,3.9295260194848534
527,492,3.0,3.8204783093269867
854,3,1.0,2.7764727260144877
128,684,4.0,3.8837105036187305
718,820,2.0,2.897658985927347
75,240,1.0,3.3574634572853364
805,148,2.0,3.207333006285184
81,169,4.0,4.502155443956091
511,333,4.0,3.9426641111715264
655,25,3.0,2.7372706905610125
561,319,2.0,3.1690299735456313
7,238,5.0,4.384926183867947
655,451,3.0,2.7695436828992
334,98,4.0,4.526036180932899
665,483,4.0,4.327644714834795
109,566,4.0,3.8684310515854636
867,31,5.0,4.03824243591365
373,1079,4.0,2.5453571172458465
299,24,3.0,3.214808912752784
316,58,3.0,2.973341245423364
601,455,4.0,2.7122798456902544
86,872,3.0,3.3333939416448812
608,218,4.0,3.848463340051559
368,234,3.0,3.3931517496136867
727,1165,2.0,2.335736907967351
535,168,5.0,4.136112192577848
109,69,4.0,4.066825277157461
301,42,4.0,3.9619443965084025
881,103,1.0,2.6897158002887562
422,295,3.0,3.4026336066634664
474,423,5.0,4.231728847179643
507,313,5.0,5.0
22,430,4.0,4.401764292854556
291,7,5.0,4.109717649496954
804,1488,3.0,3.56994753992723
82,411,3.0,2.334879573928423
7,47,5.0,3.9190760032542564
87,384,4.0,3.346206682423554
23,56,4.0,3.9060949542175543
472,370,4.0,3.8404171013832173
185,15,3.0,4.029493850043798
757,685,3.0,3.2350640865119535
527,190,4.0,4.5482224584811455
457,368,1.0,2.4191649193226503
38,445,2.0,3.980179127374031
124,144,4.0,3.416957218056307
332,120,4.0,2.9884281187094435
327,811,4.0,3.3964968700234777
312,143,4.0,4.130113428065226
132,154,4.0,3.7037657355915017
279,502,5.0,3.7217038188969958
62,117,4.0,3.025759064432662
26,7,3.0,3.300167212415918
474,607,4.0,4.112821827296113
82,237,3.0,3.4313123202010773
189,83,4.0,4.484277462867134
527,193,3.0,3.7977398744947743
459,323,3.0,2.709094630157904
2,291,3.0,3.5689645876790315
684,781,3.0,3.318365268932764
758,597,2.0,3.2878485656846403
684,692,4.0,3.767435669939252
385,160,4.0,3.3103024162135575
807,151,4.0,3.6736168848861146
931,304,4.0,3.6997977707464327
345,568,4.0,3.428850813255772
201,51,2.0,3.1981814360618737
421,156,5.0,3.688011994333748
53,15,5.0,4.035723722556509
414,748,3.0,3.0714469916732146
144,293,4.0,3.9075958336004013
343,234,1.0,4.227828014386766
44,678,3.0,2.8630402714337166
174,160,5.0,3.1847860756564663
429,88,3.0,3.2199971315546727
159,1190,5.0,3.3409247874823556
566,23,4.0,4.107110310200654
494,86,3.0,3.835857536706041
495,154,4.0,4.1997851885236726
303,386,4.0,2.5665191209215505
874,276,4.0,3.841556414809242
901,78,4.0,2.967180438117482
506,1244,2.0,2.7884227633242675
937,126,4.0,3.747251945565721
634,597,4.0,3.1870732506488415
45,472,3.0,3.14408326581195
450,568,4.0,4.075283931515937
224,962,2.0,2.868717937377468
600,96,5.0,4.372545697618864
125,50,5.0,4.634218387156087
456,208,4.0,3.769902320905477
541,756,4.0,2.906136177627666
741,367,2.0,3.561928555864572
833,205,4.0,3.5201681988473688
606,825,5.0,3.242080512680069
886,188,4.0,3.9482923904283016
608,287,3.0,3.8196339277536886
387,414,4.0,3.547877626916117
471,596,1.0,3.3298169453466175
794,238,5.0,4.39616735495725
417,202,4.0,3.2149966795587543
269,482,3.0,3.729123853208971
743,294,2.0,3.325126123519179
151,154,4.0,4.234685674671844
327,249,2.0,2.907431014707063
543,134,5.0,4.129340627403716
608,265,3.0,3.779189164100098
650,1060,3.0,2.7496053808219054
144,15,4.0,3.8317363141394356
722,25,4.0,3.743922842969606
474,530,5.0,4.2196591219166
128,73,3.0,3.2338457334042303
863,294,4.0,2.7329182777489724
399,96,3.0,3.085595758314821
615,678,1.0,2.5986338272871534
828,512,5.0,3.5105157125910593
650,658,3.0,2.9061109382249843
874,302,5.0,4.048075806266445
289,363,3.0,2.5619023197106428
280,100,3.0,3.9904433747309596
622,665,2.0,2.7034635221698915
406,638,4.0,3.9152254039130034
451,887,1.0,2.7532906089760076
312,587,3.0,4.376668165330003
129,268,1.0,3.1761835847820366
648,930,3.0,2.698853897129309
230,742,5.0,3.830773760363936
387,496,3.0,3.7467193711024382
195,265,4.0,3.6013001398476194
456,1267,4.0,2.9908821576460785
551,508,4.0,4.199425204981853
524,1126,1.0,3.338807894664062
497,77,3.0,2.8451266846053382
487,226,3.0,3.6804604958155727
766,238,4.0,3.771822019109591
257,237,2.0,4.011206550045799
655,855,3.0,3.318252958659777
313,82,3.0,3.8014548947227618
851,264,2.0,2.9324279449955872
790,10,1.0,3.7431348608774786
845,306,2.0,3.4030942232523063
70,15,3.0,3.8521863075621794
653,367,3.0,2.661025760884956
875,171,5.0,4.4717726423421515
90,178,5.0,4.80891758501672
398,283,3.0,3.623909732732458
807,1016,4.0,3.8823558698646408
561,578,3.0,2.64673244785409
715,250,2.0,3.6296928946042395
361,707,4.0,3.8223262936737967
311,433,3.0,3.4740799984871784
860,312,4.0,2.880640747245255
656,327,2.0,3.0943725932475012
736,50,3.0,3.7142854243139793
659,173,4.0,4.064309561926217
886,196,3.0,3.5028732089854753
81,79,5.0,3.6066094755863767
49,581,3.0,2.6578813267086705
308,181,4.0,3.682605561136143
727,234,2.0,3.6012362277704533
525,332,4.0,3.664673916569082
64,420,3.0,3.225530791537986
727,808,2.0,2.9925542364314746
303,150,5.0,3.923727782538629
559,521,2.0,3.6322827031498206
308,151,4.0,3.557070057240934
896,379,2.0,2.4604789811423977
770,295,4.0,4.4544311419595735
230,7,3.0,3.1946850847460913
622,144,5.0,3.7697320274121657
344,290,2.0,3.000114790493704
244,468,1.0,3.6830699755776464
498,554,3.0,2.2437787260274877
642,141,4.0,3.862849889290391
255,452,3.0,2.149313297325885
339,213,4.0,4.141696791392263
307,746,4.0,3.9660542682589885
727,55,3.0,3.3096294884099535
483,380,3.0,3.0180282577634245
13,235,2.0,3.584428826214305
328,1217,3.0,2.9359642428230495
276,168,5.0,4.608383125623105
468,144,5.0,4.214126518530245
588,51,4.0,3.678447919468397
276,840,3.0,2.8418025872363364
447,133,4.0,3.5305433573444143
391,1101,4.0,3.6972922298881863
293,426,1.0,2.8576999576409237
927,780,1.0,3.6590496754978896
833,647,4.0,4.036304627301915
14,922,4.0,4.426729801090889
859,762,5.0,3.756251722688093
495,578,3.0,3.658666309551428
223,409,3.0,2.7549747154743818
267,195,4.0,4.450971728135236
264,4,4.0,4.310497361726063
758,61,3.0,4.335377275167662
302,680,2.0,2.1954357877608373
627,39,4.0,3.0079238486079856
390,275,5.0,4.238282200483054
184,70,4.0,3.5447178901659804
144,591,3.0,3.6865649470648147
293,162,3.0,2.988212756780555
7,681,1.0,3.5301070955529052
429,124,4.0,4.14711636805048
59,193,4.0,4.7080939325655295
202,516,4.0,3.401108185950373
106,699,4.0,3.8068320511232554
683,895,2.0,2.8535265638403837
653,1035,2.0,2.0132250493608495
52,427,5.0,4.831890675546134
643,49,3.0,3.3938639258015435
347,280,4.0,3.273303693153274
68,111,3.0,2.6534877746947827
378,568,4.0,3.8112593714139207
332,470,5.0,4.055432915731243
420,275,5.0,4.255980291744674
38,590,1.0,3.2909249426965963
224,149,1.0,2.7137129253029455
618,790,3.0,2.425763751030418
554,11,4.0,3.9009897273882643
303,90,4.0,3.7496643837045456
846,498,4.0,4.556262424459236
474,411,2.0,2.7509576684225707
864,216,4.0,4.243026419103535
249,24,4.0,3.8725992528529023
605,949,5.0,3.5718291442431513
214,257,3.0,3.5083082093916116
540,9,5.0,4.371475468557023
758,657,5.0,4.381798943994377
192,252,1.0,2.881869255294205
801,681,1.0,3.5868083338891847
542,732,3.0,3.3118223447737463
889,737,3.0,2.812237204324385
664,845,2.0,3.3646740485284883
870,475,5.0,3.8314679957148194
490,293,2.0,3.081998756100952
201,216,4.0,3.518905352310332
85,310,3.0,3.243413439949782
90,900,4.0,4.205666760855202
453,204,4.0,3.498060465709855
547,319,4.0,3.775879033788825
7,556,3.0,3.1456494072853114
114,640,2.0,2.607862660251671
406,1147,4.0,3.6592607164309716
776,661,5.0,3.997151140083489
887,168,4.0,4.864907398671876
328,561,3.0,3.115113388961416
433,435,4.0,3.784096679328158
804,160,4.0,3.2808862410823596
457,226,3.0,3.9941551281006817
22,403,5.0,3.174963956664056
268,735,3.0,3.695044523323458
885,50,3.0,3.692444160094982
250,480,5.0,4.834105894341144
349,596,2.0,3.0810980152719996
230,91,3.0,3.2579495274080337
168,181,4.0,3.7462464116916987
840,82,3.0,3.6758518168991605
382,98,3.0,3.658769924403688
290,550,3.0,3.553301267939635
592,79,4.0,3.915609551699156
901,405,4.0,3.472873372535381
198,184,3.0,3.022856680206611
660,1178,1.0,2.1050486876034307
11,110,3.0,2.519538326800726
474,514,4.0,3.863088774120561
858,293,3.0,3.9068863951048654
326,237,2.0,3.3683331433959927
848,432,2.0,4.1923173849685496
833,378,3.0,2.912175193037921
406,20,3.0,2.5529139418809828
619,1231,2.0,2.469588943108162
261,875,5.0,3.4227852243008394
846,650,5.0,3.0919503985658503
670,515,2.0,4.219310459016101
345,620,2.0,3.581060612506657
671,204,5.0,4.2192919145062655
97,482,5.0,4.216788121022883
823,100,5.0,4.8999489059982295
870,202,3.0,3.261712400264102
339,240,4.0,3.272128788720992
907,326,5.0,4.436108020508425
636,258,5.0,4.212820297468432
401,528,5.0,3.381516825350666
178,405,3.0,3.6236389458334055
863,326,5.0,3.29603531496262
489,539,4.0,2.942627985971358
869,50,4.0,4.031617754434629
387,984,1.0,2.4768321152835306
84,276,4.0,3.8612057085585714
409,199,4.0,3.8374255647428046
864,161,4.0,3.7806510428931115
271,479,4.0,4.064688492608223
457,769,2.0,3.009410780392369
387,22,5.0,4.02870878172712
472,101,5.0,4.562473645390258
21,53,4.0,3.100432140353887
243,26,3.0,3.4008487138449386
897,120,3.0,2.3096044169425207
42,143,4.0,4.132843238143206
395,300,3.0,3.9108112532732076
870,945,4.0,3.648697067144366
940,173,4.0,3.913374195600518
886,202,3.0,3.3097381798859007
768,332,4.0,3.10988100047744
256,387,4.0,3.9276070853619975
87,49,5.0,3.812010297323965
405,77,1.0,2.77056428644548
500,161,2.0,2.7112448200859123
807,135,5.0,3.855497937924109
701,275,5.0,4.157791807359979
894,125,3.0,3.479867836417146
405,231,3.0,1.0
293,233,2.0,2.4261481780604397
597,111,3.0,3.8258424435961578
588,286,4.0,3.141912022917843
798,28,4.0,3.765978791983957
537,53,2.0,2.6976042150567543
423,333,3.0,3.3355606423210467
491,19,4.0,3.769995983991763
654,172,4.0,4.329869207337782
698,513,2.0,3.4428666063687876
130,343,4.0,3.9143712478605366
385,523,4.0,3.516510955953551
648,143,4.0,2.767931711280601
591,66,2.0,3.285796228401426
311,134,5.0,4.062632092101487
279,364,4.0,3.2805900299865405
493,173,4.0,4.134684397814021
322,192,5.0,4.560412277966933
99,369,4.0,3.156092327893195
405,182,1.0,2.532322115913622
190,898,2.0,3.199672569384602
659,720,3.0,3.039035942482741
369,114,5.0,4.552535286432876
122,427,3.0,4.52869122790048
197,323,3.0,2.754439592004969
403,476,4.0,3.5249666866706395
368,670,3.0,2.81553329545615
269,13,4.0,3.337784468719044
497,725,3.0,2.595273905618279
167,1305,1.0,3.1225929582460608
639,323,1.0,2.043045943632773
58,773,4.0,3.2840540861611003
627,191,4.0,3.9989174738926407
181,266,1.0,1.0
303,251,4.0,4.232622017316948
835,200,4.0,4.4980614574554
804,624,2.0,3.4636736760994817
560,249,5.0,3.115061879808721
279,1488,4.0,3.9091175754962135
642,58,3.0,3.6382453774414127
727,249,2.0,3.132506192430294
297,596,3.0,2.9150054871918365
921,274,4.0,3.139486090289445
97,603,4.0,4.676218591481102
566,327,3.0,3.071230685414501
313,624,4.0,3.5009657134872496
897,201,5.0,3.6039431229985457
682,77,3.0,2.994127475395714
114,191,3.0,3.997207904178022
919,755,3.0,3.27807231091745
521,96,4.0,3.5625366884026435
317,683,2.0,2.7917129891592496
201,211,3.0,3.8285113160170203
764,50,3.0,4.66920841588768
49,129,2.0,2.9049045516606258
742,546,1.0,2.6434674757912955
311,966,4.0,4.0300981601773715
311,921,4.0,3.706436899877258
334,569,2.0,2.4864017642564393
756,404,3.0,3.3439476782184077
130,1028,4.0,4.21490167491554
863,910,2.0,2.871819764887247
833,233,2.0,2.570778924033203
928,48,5.0,4.97250533803796
545,194,3.0,4.08096925152645
897,40,3.0,3.4925324157792623
95,195,5.0,3.7726420297035914
332,22,5.0,4.938303295725992
367,670,4.0,4.08150922356317
262,929,3.0,2.311253007677748
721,292,3.0,3.8646522713202396
630,280,2.0,3.277217746520698
311,1232,4.0,3.127681081697298
768,535,3.0,3.009631710041639
707,517,3.0,3.8332719359709824
650,62,3.0,2.9016658212750586
268,1231,2.0,2.3378246831957377
263,98,4.0,4.961148727198317
621,233,3.0,3.565936754529248
655,1108,3.0,2.662145635813399
455,234,4.0,3.518162402603024
82,596,3.0,2.8074353895444157
488,258,4.0,3.403046904201334
53,156,4.0,4.295659278402953
275,62,3.0,2.493710249598591
1,39,4.0,3.451427277583883
524,289,4.0,2.4970097387457684
269,778,3.0,3.3449457305790573
913,227,1.0,2.9465046793543146
691,98,4.0,4.715036585658851
930,137,2.0,3.3598193815985535
712,699,5.0,3.930102939276259
23,211,4.0,3.901897891334015
222,193,4.0,4.104826798809378
215,451,3.0,3.335722794252796
553,199,4.0,4.289551422289792
303,872,3.0,3.1707780921375712
363,322,2.0,2.502800194045575
579,69,2.0,3.9226375606258426
408,302,5.0,4.371741978946191
251,249,5.0,3.1849129165674213
766,72,2.0,2.9370089276531655
882,143,4.0,4.3798018860242465
618,197,3.0,4.057321073338071
363,431,2.0,2.915418442419502
189,618,2.0,3.8324441547724053
308,566,4.0,3.2917419112896678
416,934,2.0,3.0642908141985368
394,979,5.0,3.811489699209738
457,54,4.0,3.8139629924321814
460,847,3.0,3.4971043686439334
815,484,4.0,4.382161826056524
385,705,3.0,3.8736940814623795
899,147,2.0,3.27287787778302
344,1165,1.0,2.317377976279361
704,492,5.0,3.5743087453549243
882,378,5.0,4.135839915352643
798,785,3.0,3.116494641592055
756,225,1.0,2.559126353857299
32,249,4.0,2.974717230577654
919,328,2.0,3.776155677762497
774,44,1.0,2.1328897958936626
915,302,4.0,3.98332200871316
184,382,5.0,3.644825513713917
650,195,4.0,3.6296034222241254
102,226,2.0,2.728907273403394
381,501,4.0,3.7524257893773973
880,1225,2.0,3.357133140196639
606,187,4.0,4.630834026206855
489,299,2.0,3.1071230326211596
572,9,5.0,3.54732015512989
777,212,5.0,3.660280975766633
416,203,3.0,4.245351675563269
158,226,3.0,3.3357058212296953
290,1028,3.0,2.9831100844900624
567,1204,5.0,3.6199679984257584
479,82,4.0,3.844879754834126
222,1336,2.0,2.1617976328924855
786,237,5.0,3.8086651092996964
883,559,3.0,3.4403085159969917
587,330,3.0,2.761709126705432
279,227,4.0,2.9140568785878664
405,1471,1.0,1.7731409930517108
56,410,4.0,3.079839001148154
712,97,5.0,4.109145989620236
763,144,3.0,3.8359358888520267
299,152,4.0,3.707198002960088
305,921,5.0,3.889918435039357
844,549,3.0,3.433067123017726
837,19,4.0,3.637302902032077
312,414,3.0,3.969875789691947
768,173,5.0,3.7963785931911587
561,24,3.0,2.8048209187586313
693,1522,3.0,2.602901551900853
294,743,2.0,2.1342057654118434
592,55,4.0,3.477943228186064
363,505,3.0,3.4509787890892794
486,1137,5.0,3.491352729396407
449,971,4.0,3.8502501317890516
144,126,4.0,3.823567871373766
748,174,5.0,4.099373668609008
427,322,3.0,4.384781160955159
417,101,3.0,3.07862832768886
342,165,3.0,3.8686393711401554
624,127,4.0,4.524587600629128
402,475,3.0,3.890179525676784
128,660,2.0,4.1894077726913235
653,96,4.0,3.8127774128686074
7,443,5.0,4.26138381057151
542,273,3.0,3.3489099241679097
450,123,2.0,3.4867171382808033
846,495,4.0,3.960920785228117
378,319,3.0,3.3496624896666476
321,499,3.0,3.643631615606269
790,41,3.0,2.889543432853298
615,528,4.0,4.0369361994784265
222,972,2.0,3.039866615054977
370,494,3.0,3.966901613788668
144,847,4.0,3.843273144965489
470,19,4.0,3.6862266271923003
223,111,4.0,3.1623359413657735
126,302,4.0,4.6354035289418105
210,657,4.0,4.463190849006783
416,815,4.0,3.5196240911120604
521,191,4.0,3.611330422597464
299,115,3.0,3.368496050706228
826,1,4.0,4.3274152312225125
312,14,5.0,4.402263418661762
417,1209,3.0,2.626708329468706
912,517,4.0,3.5635903343449002
807,28,4.0,4.418361639935458
455,191,5.0,4.125122799981559
655,959,3.0,3.3728821416115498
405,101,1.0,1.6286388607574287
498,1495,3.0,3.0380735095753404
850,71,5.0,4.406661240852903
532,419,5.0,4.252456210610317
822,189,4.0,3.5438772467331336
334,684,4.0,3.555428330961954
14,792,5.0,3.859131501995419
930,143,2.0,2.8735073455284414
835,176,4.0,4.135772743523715
789,50,5.0,4.718081062266442
221,29,3.0,2.9053201407825844
864,128,4.0,3.842554718529634
919,1137,4.0,3.918379743785153
267,239,4.0,3.8170378244198697
303,176,5.0,3.914501064545379
345,879,2.0,3.3631315323044713
405,397,4.0,1.0
749,181,5.0,4.324114779229885
270,237,1.0,4.471393951749206
882,284,3.0,3.730634597133921
422,250,5.0,3.2454124651485694
761,924,4.0,2.9280264457898717
145,1292,1.0,3.2180500660817164
21,987,3.0,2.606003564041543
43,482,4.0,4.406052658320575
876,48,5.0,4.271055603862224
466,518,4.0,3.3943037813276677
479,356,3.0,2.8286612751515494
267,56,5.0,4.990041415847325
130,411,5.0,3.9273571612730813
308,172,4.0,4.577510316758834
58,98,4.0,4.634579228758418
682,94,3.0,3.2862165399475787
31,1019,5.0,4.380072546018057
870,433,3.0,3.4929662372266677
478,237,5.0,3.454132126490995
762,256,3.0,3.332478748188932
878,136,4.0,3.758398613077688
495,217,5.0,3.5744675464131466
393,4,4.0,2.968432178800022
21,674,2.0,2.4622450042295987
194,98,4.0,3.850236324879026
716,185,5.0,4.137705373329512
630,282,3.0,4.00819376981169
711,286,4.0,4.434904849094449
747,509,5.0,4.265906143362817
551,1118,5.0,3.5753416381643532
495,208,5.0,4.156975484735141
216,129,4.0,3.869238326723095
297,508,4.0,3.465977685829866
748,180,4.0,3.686449709318825
681,294,5.0,2.9365447215655256
629,331,3.0,3.574852324602613
753,195,1.0,3.094253572027222
516,523,3.0,4.203804563784803
352,194,3.0,4.207125567712313
87,802,4.0,3.2026055699734464
827,331,3.0,3.5363021389995626
343,235,4.0,3.798251665874897
387,113,4.0,4.109081524611946
880,411,4.0,3.0553198123225958
5,234,2.0,3.6878758882328566
543,22,3.0,4.047820569808819
125,202,5.0,3.441991965353857
894,750,4.0,4.026249212767052
764,118,3.0,3.353649660829961
83,79,5.0,4.428555783327912
257,269,3.0,4.222501768834909
802,333,4.0,3.975942153934703
13,239,4.0,3.2269805435743173
830,98,5.0,4.341350340803894
195,242,4.0,3.832365708441351
246,196,3.0,3.566977906251982
795,108,3.0,2.9825871491746403
244,673,3.0,4.172535851196926
234,82,3.0,2.8271434904409576
234,531,3.0,3.24893060665461
145,273,5.0,3.6808228972041412
184,15,3.0,3.6563547981746978
487,1220,4.0,3.5458042237985157
424,690,3.0,3.0696635095094877
354,42,2.0,3.6268032165132102
450,170,5.0,4.259564764132602
297,50,5.0,4.226581457048984
7,433,5.0,4.876487146889575
870,504,5.0,3.669046608672933
313,428,3.0,3.8440269046961975
504,409,4.0,3.4736887087252466
59,1113,4.0,3.825182440307875
843,569,1.0,2.1096733503577947
532,452,5.0,3.9881137420367336
500,255,3.0,2.673394270357755
833,182,5.0,3.758429411470901
297,485,3.0,3.6586723865100303
796,1228,4.0,2.503256174827568
854,11,5.0,3.2809895037651957
455,22,4.0,4.3360810554914435
308,526,3.0,4.012879829761055
743,308,2.0,3.4820252293379497
934,1425,1.0,3.112117115928539
622,86,4.0,3.7147699978388524
478,81,4.0,3.2908045885428194
486,236,3.0,3.443082116752324
923,174,5.0,4.99720708731827
910,24,3.0,2.759654521263402
805,25,4.0,3.324213981604156
514,268,4.0,4.013487762801669
618,95,3.0,3.730571003472345
570,321,1.0,2.816115589968967
276,710,4.0,4.124140312872622
236,483,5.0,4.328509959373677
833,79,3.0,3.3644383425416304
907,697,5.0,4.349911679991753
679,721,3.0,3.3571204638399457
601,508,4.0,3.3876536900856875
848,462,5.0,4.534960158706976
918,289,2.0,1.9997921744905494
406,601,3.0,3.5527153520470502
854,528,4.0,3.7381253183898084
553,434,3.0,3.8272589016984484
611,311,4.0,4.179496758990199
363,550,4.0,2.928554741458092
264,746,3.0,4.308679839586854
462,237,5.0,4.093138013974816
79,900,4.0,3.929760305855676
204,170,5.0,3.7971643639240575
921,1279,2.0,3.096866469522637
215,77,3.0,3.3091696768863748
43,82,4.0,3.8445710280538044
405,666,1.0,1.4744466465851864
416,144,5.0,4.2944404947915435
60,515,5.0,4.447718410370297
85,508,2.0,3.469749366159974
471,768,3.0,3.0601633984887298
942,31,5.0,4.061339954539324
551,9,5.0,3.565377130015913
323,121,3.0,3.407398976384495
655,650,3.0,3.382701068880405
864,209,3.0,4.0739735110492905
750,325,1.0,2.7076591182326086
854,619,2.0,2.630588451330867
256,120,1.0,3.220286043268436
515,342,3.0,2.564094334194966
76,1154,5.0,3.0543539057360305
833,649,3.0,3.1420307944953985
269,531,5.0,2.8969737757894847
495,229,3.0,3.7886987296717285
320,974,3.0,3.4853371621901164
524,515,4.0,4.150471997949155
489,681,3.0,3.4473984484193148
881,678,2.0,2.7645224046582477
92,707,4.0,3.8538744971970376
80,423,3.0,4.0499963508760715
292,100,5.0,4.320534773148907
377,100,3.0,4.495405780665385
303,576,3.0,3.032533960475658
916,106,3.0,2.5929322399191697
445,895,2.0,2.0615178908106406
333,435,4.0,4.03065660240378
746,181,5.0,4.231845217163631
886,919,4.0,3.6284543462021968
234,221,2.0,3.4170934816045695
566,273,5.0,3.2703848413102605
751,849,2.0,2.756023613078915
73,272,4.0,4.101746217434145
864,629,3.0,3.6755614176666853
91,423,5.0,3.97089666350791
374,23,3.0,3.70029437297734
721,748,3.0,3.356530893633561
181,934,3.0,1.2543876433704009
646,1237,3.0,2.973702335799975
385,435,3.0,3.470111116577574
500,196,4.0,3.763478596313206
342,475,5.0,4.604583969202129
782,1598,2.0,2.938190003717867
121,100,4.0,4.259687251054917
666,300,3.0,3.5441906241582966
821,118,3.0,3.7810561259611437
537,382,3.0,3.1174585185365107
303,80,4.0,2.6443987747407633
835,127,4.0,4.46472713643669
690,276,3.0,2.7103769897174956
276,147,4.0,3.937747039038506
577,866,5.0,3.7039244360719152
450,191,5.0,4.346203650431956
450,657,4.0,4.57277903926531
57,117,4.0,3.917042967029329
648,47,2.0,2.493725061227181
798,173,5.0,3.9990922798739956
311,97,4.0,4.0020757262358995
323,332,3.0,3.5858001777033746
354,900,4.0,3.6397916517074194
422,267,4.0,3.565752378708318
804,528,4.0,4.091260169995718
818,328,4.0,3.300036341293483
881,1411,2.0,2.713349795905291
753,673,1.0,3.257139008082119
206,889,2.0,2.5412145435664395
248,282,2.0,3.047781941030321
684,121,3.0,3.6776886796818435
864,972,2.0,3.742330110467293
836,89,4.0,4.3635118288525225
389,497,4.0,4.230620900496557
388,294,4.0,4.39194923410158
405,1297,1.0,1.0
758,1142,5.0,4.21977705324466
749,448,2.0,3.5250829905919323
707,603,3.0,4.227216486625995
16,655,5.0,4.654347709503599
805,71,3.0,3.7627915008277624
735,9,4.0,3.3336431486356646
455,275,4.0,3.5952671423320703
456,550,2.0,3.031915724845336
880,147,4.0,3.426720996027847
214,705,4.0,4.206513378048436
539,340,2.0,3.582466751019717
894,905,3.0,3.4743277211970547
653,746,5.0,2.9228355198585754
661,117,4.0,3.7825432270091985
234,647,3.0,3.747852134724667
617,452,1.0,1.613386187814601
26,15,4.0,3.3471611492076594
569,7,4.0,3.7097242814690237
881,176,4.0,3.9383980377724748
487,88,4.0,3.501889912801689
83,568,4.0,4.144134379434406
276,915,4.0,3.5691076559105266
601,591,3.0,3.1845908536082606
694,183,5.0,4.350842518129872
184,604,4.0,4.252073406576193
758,291,4.0,3.5808937990420704
437,436,4.0,3.324177582948731
234,511,5.0,3.6177645276782298
791,322,4.0,3.4818603272915887
59,273,2.0,3.8806859291516522
825,456,3.0,2.7926037169760054
796,215,5.0,4.576508043291344
201,421,2.0,3.1187980853259134
168,930,3.0,2.7123252495480434
823,56,5.0,4.245609300031103
899,172,4.0,4.101284054484436
98,194,5.0,4.0176513171349875
916,91,4.0,3.7033527550853056
635,328,3.0,3.4713158829145505
313,837,4.0,3.8280026281628614
202,173,2.0,3.739008559260358
11,659,5.0,4.034299489967532
601,921,5.0,3.4226274302562607
543,207,5.0,3.5053698522796797
851,680,3.0,2.685428036355224
345,98,5.0,4.506248667412958
520,311,3.0,3.9132403597791767
512,527,5.0,4.660985238787761
54,685,3.0,3.7849871932844485
147,339,5.0,3.777367039862952
125,585,4.0,2.368751931533391
840,499,4.0,4.329167161109952
559,398,3.0,2.515621193448367
466,92,4.0,3.382359933817573
401,588,2.0,3.5437357086159973
291,90,5.0,3.690639995059227
881,217,3.0,2.7971399654973226
514,511,3.0,4.154220555715126
271,77,4.0,3.1628581584003235
387,91,4.0,3.87803968884469
250,89,4.0,4.5690087578441565
270,226,4.0,4.030208444286749
567,273,5.0,3.4193178232472565
643,820,3.0,2.890530680347164
542,150,2.0,3.7682549539228627
679,531,4.0,3.944328781545378
292,748,3.0,3.373048668386918
708,271,1.0,3.6357795417448924
782,1383,3.0,2.607610990037239
293,300,2.0,2.401042346815856
798,281,4.0,3.0635369884397123
6,302,4.0,3.946670364710058
887,284,4.0,4.099320563520147
648,79,5.0,4.0499605654809105
913,19,5.0,3.5528224117740606
13,492,5.0,3.6666864279145703
59,321,4.0,3.660576037936685
557,150,3.0,4.19133201037371
145,412,4.0,1.8994818598658982
301,193,3.0,4.016277317875032
661,603,3.0,4.5589710091302695
393,982,3.0,2.8500739664380252
303,1016,3.0,3.547535366062881
868,145,1.0,2.095398333235606
704,214,2.0,3.40094765434871
561,79,3.0,2.971206853131097
474,131,4.0,4.213844924502492
87,575,3.0,2.8188715242257363
342,581,3.0,2.971303057415162
397,475,4.0,4.073890363587491
505,705,3.0,3.741209508965477
667,461,4.0,3.7850910139458485
128,151,3.0,3.430603576379072
773,172,5.0,3.9785663027355653
894,16,3.0,3.0472133917328303
267,147,3.0,3.6350241173818647
262,735,4.0,3.4231912613079385
932,30,4.0,4.0955062376832485
892,180,5.0,4.1426976685140495
321,432,5.0,3.463789610910196
52,237,4.0,4.402912184070292
290,181,5.0,4.200408207442083
476,33,4.0,3.548213575743742
588,720,4.0,3.249205329670135
345,234,4.0,4.080200682133132
790,572,3.0,2.7562193627329754
194,175,3.0,3.382652952107309
796,636,2.0,3.233853516844071
621,588,3.0,4.070207129248714
758,790,4.0,3.098847038915435
479,172,4.0,4.2671742636379975
894,237,4.0,4.0501568244385
524,1152,3.0,3.541854863636531
751,347,4.0,3.4426337893766337
326,523,4.0,3.5051517852501073
109,826,3.0,1.8628265334160339
821,357,5.0,4.848571642147062
254,62,3.0,3.1334887901495145
595,1142,5.0,3.978833753871837
279,1025,2.0,2.1288749373589684
393,332,4.0,3.541277188558349
305,246,3.0,3.041534664265571
405,1177,1.0,1.5606490273126463
222,26,3.0,3.457121903887609
598,260,3.0,3.1039861384998804
939,424,3.0,3.079113862685399
59,142,1.0,3.22759727142095
269,739,1.0,1.1253884116572723
846,558,4.0,3.478436882181053
655,417,2.0,2.49902721560735
301,182,5.0,3.539626770611434
236,69,5.0,3.752834117656971
198,131,3.0,3.6810278706679225
416,235,2.0,3.1978803977229373
642,1136,4.0,3.710162285541695
476,738,3.0,2.971652442649287
194,519,4.0,3.556018350684779
347,177,5.0,3.792557087168538
318,157,5.0,3.8871951579697988
712,790,4.0,2.9997507516975603
175,96,3.0,4.215452150475445
927,91,4.0,3.7765841838278877
435,752,3.0,3.539535385966525
854,135,4.0,3.979346663566507
854,484,3.0,4.026325899837718
922,219,1.0,2.9953653432684124
592,181,3.0,4.162463723578344
916,206,3.0,3.6559973357507953
293,186,2.0,3.490053038429548
793,250,4.0,3.350102067219225
819,1537,5.0,3.898405376946421
318,517,3.0,4.033002884422916
30,780,4.0,3.3878488447232322
509,301,2.0,2.394778476493278
940,610,1.0,3.519492500754219
715,405,3.0,3.0151345120607114
795,186,3.0,3.3963502173439615
930,300,4.0,2.4794561540673206
764,275,4.0,3.954380389114745
395,98,5.0,4.590407609221948
301,127,4.0,3.493770998504762
140,302,4.0,4.497171832947574
92,712,3.0,3.1314811182066027
660,191,4.0,3.2039216653749985
109,1013,3.0,2.8108223384339484
425,178,3.0,3.7925636843977095
542,508,3.0,3.7123396635825547
788,183,5.0,3.9317970629848857
271,338,1.0,2.374569484456204
145,731,3.0,3.058687654947868
610,11,4.0,4.070358851984958
758,301,3.0,3.5160130859910894
881,430,4.0,4.105687531215847
758,213,5.0,4.595676740418413
535,71,4.0,3.8393651843914998
788,665,2.0,3.316395173711082
25,520,3.0,4.445611861571625
577,133,4.0,4.124405755211768
190,302,5.0,4.095333371803616
201,188,4.0,3.029753762913361
912,611,3.0,4.015594486601711
796,283,3.0,3.705290139556906
312,484,5.0,4.74839558676328
363,699,2.0,3.245495218623802
59,756,2.0,2.8104809334329737
296,89,5.0,4.970682064352881
784,315,4.0,4.4637315021019965
484,578,3.0,3.4915653801246713
527,23,5.0,4.137442661924314
145,393,5.0,3.0781581108330425
627,947,3.0,3.2720173671855495
299,950,2.0,2.9747620982595055
656,270,3.0,3.0910637498800257
195,276,4.0,3.5268301219008533
505,7,3.0,3.037023305230783
726,833,5.0,2.8392932638340294
753,199,5.0,3.664736393504658
479,566,3.0,3.561211104907084
435,895,3.0,2.9598980587751806
42,866,4.0,3.6244875497862843
507,294,5.0,4.553143014555353
408,242,4.0,4.150751342995032
840,357,5.0,4.6285338550359265
200,118,4.0,3.923909160936163
399,386,3.0,2.4950496151893806
417,475,4.0,3.733039118177744
394,405,3.0,3.8377910522015415
268,63,1.0,2.6390652767983434
405,47,5.0,2.3572052076225907
114,204,3.0,3.4456122326677274
269,198,4.0,3.5762169522353338
210,654,5.0,4.465103096973025
794,100,5.0,4.635042247465977
13,157,3.0,4.0121482193429
380,170,4.0,3.4014349158458557
457,841,4.0,3.0992539680405997
293,7,3.0,3.567577106342885
862,496,5.0,4.790852033220876
243,111,4.0,3.5150523445983466
482,289,3.0,2.853309470058146
6,513,4.0,4.196902148425137
344,14,5.0,4.172627151416069
428,343,2.0,3.784251600938504
145,51,3.0,3.5988114069411394
751,494,4.0,3.8460391593091288
279,68,4.0,3.4385761140270685
15,322,3.0,2.757326160858302
13,334,1.0,2.744010320397095
561,186,3.0,3.1266637471485885
628,1025,5.0,3.6240304207738525
630,687,3.0,2.3999362592685602
324,288,5.0,3.7048982512340105
230,95,5.0,4.366985744633668
897,864,4.0,3.364825857439482
785,69,4.0,4.209927579152128
130,888,3.0,4.243484129922913
279,1072,4.0,2.9657291409355446
275,230,3.0,3.2808060305540634
647,136,5.0,4.313099208919127
778,11,5.0,3.0952452896711016
707,507,5.0,3.8698233819286862
437,156,2.0,3.8773599080030863
442,231,3.0,2.333223936198853
896,768,2.0,2.2408592688182467
393,893,3.0,2.6579092601769823
500,768,2.0,2.7320510091378263
399,506,3.0,3.302008832477522
497,240,4.0,2.468470034004485
296,194,5.0,4.614838150942336
291,356,4.0,3.689659222677263
533,1173,4.0,2.786218472052249
770,282,5.0,4.478199822856925
387,102,3.0,2.7537575019384795
528,258,4.0,4.153979125882881
936,405,2.0,3.482903352579772
453,164,3.0,3.441658053023569
627,568,2.0,3.2533871028474293
68,596,2.0,2.55591105162952
307,197,4.0,4.2167954787609006
292,250,3.0,3.863419837732654
639,528,4.0,3.228257019953305
753,50,4.0,3.8103551686941257
218,12,5.0,4.044400049864125
445,1081,1.0,2.1543365997727513
99,107,3.0,3.574850283703373
300,456,4.0,3.084875351171403
504,419,3.0,3.7684188723002796
863,302,4.0,3.9305671109581852
413,258,4.0,3.7317521721484024
189,855,3.0,4.128314224201047
474,663,4.0,4.1126008820409625
747,70,4.0,4.45331417277435
213,164,5.0,4.035712666831919
5,105,3.0,1.9357803463214855
778,82,3.0,2.662451251785501
878,168,4.0,3.905607216837371
226,191,4.0,4.312144396541156
389,25,3.0,3.231950025643497
846,388,3.0,2.8138581954480952
200,54,4.0,4.109743713975001
833,100,4.0,3.7778869828051884
773,792,4.0,3.5312532488704327
251,172,5.0,4.287974946280172
392,463,3.0,4.408039171952192
359,748,3.0,3.324179017344841
600,79,4.0,4.120475882269725
291,551,2.0,2.8418534521542673
506,731,4.0,3.2223016916286653
642,65,4.0,3.672926384405905
224,300,4.0,3.329590622449716
465,357,4.0,3.528764656576003
293,69,3.0,3.3098055822567343
609,319,1.0,2.8966159645096545
161,56,3.0,3.3322037937866353
846,204,3.0,3.9900551805672615
451,681,1.0,2.116521973383967
504,402,4.0,3.859458606307985
13,566,5.0,3.3409850069474
504,1030,3.0,3.1543821021927814
280,200,5.0,4.077858197966728
807,133,5.0,4.2781417142989
794,751,3.0,3.742372407903666
784,333,4.0,4.173173754460698
868,385,2.0,2.820443620183968
63,286,4.0,3.145398886458695
450,44,3.0,3.781607871511595
181,1081,1.0,1.8586797068290508
399,84,2.0,2.5519622069440775
25,969,3.0,4.014930745809304
314,1178,2.0,3.5050159741828155
916,9,5.0,3.758877570150604
655,942,4.0,2.881327742012131
256,265,4.0,4.613898272675015
537,150,3.0,3.3010802988794006
892,100,5.0,4.555149706359268
373,497,3.0,4.231845208148448
782,326,5.0,3.4882612013413334
627,729,1.0,3.1196366955710406
298,511,4.0,4.4988340316192375
932,855,5.0,3.694941339629411
417,1023,4.0,2.675969895486941
864,151,5.0,3.7218462815400386
429,71,3.0,3.5352932791708116
659,467,3.0,4.061898226322965
328,344,4.0,3.982822188810291
648,83,4.0,3.8948168453028544
345,1117,4.0,3.375080607761518
32,628,4.0,3.314333127595414
197,127,5.0,4.256070628225975
419,191,4.0,4.485503358745389
840,473,5.0,4.0571810846274925
13,150,5.0,2.649787903908604
804,841,4.0,2.887916964738107
877,14,5.0,3.9012041368217267
236,174,3.0,3.6355501545390903
49,151,5.0,2.8908598452593157
347,172,5.0,4.38666911380398
622,109,5.0,3.5799654560085408
756,622,3.0,3.1643670418628718
335,748,2.0,3.526501277554126
600,182,4.0,4.01149654009784
271,707,4.0,4.097208015377099
503,732,3.0,3.870743838738947
445,12,2.0,3.222743343183406
883,50,4.0,4.217051448740862
387,99,5.0,3.801068468657581
342,58,5.0,3.432006404684298
595,1047,2.0,2.4955038128636433
712,399,5.0,4.002855861676336
708,274,4.0,3.923724110319807
62,451,3.0,2.6067012890111596
268,1118,3.0,2.878269428356868
373,214,4.0,3.17663905393691
712,234,2.0,4.423862848642668
390,302,5.0,4.447706838143132
98,321,3.0,2.9622789776791465
431,332,3.0,3.603597959589586
727,100,2.0,3.689504613024378
433,246,4.0,3.7891659848893386
158,174,5.0,4.683693926408127
526,333,3.0,3.0227047844487704
622,178,4.0,4.249405733856953
512,286,5.0,4.242255326964506
483,68,1.0,3.188014660225386
684,38,3.0,3.186735567272774
896,235,1.0,2.568539699039954
71,177,2.0,3.9097732441118613
244,215,4.0,4.020705724626779
344,1142,5.0,4.111697669796578
128,393,4.0,3.5555384616217425
430,168,4.0,4.041317851769109
405,356,5.0,2.3293419637899317
323,467,5.0,3.7349548455512234
394,773,4.0,3.7289212748697285
835,526,3.0,4.280766309808238
91,357,5.0,4.448915581142998
261,687,5.0,2.721785325708299
343,606,5.0,4.230200186247975
637,685,3.0,2.6951044045070907
181,873,1.0,1.4104314180266633
221,218,4.0,3.6608947433087438
321,607,4.0,3.729882344086728
362,689,5.0,3.0721935590943756
883,531,3.0,4.259918644905472
911,478,5.0,4.176059679574096
535,727,4.0,3.555228732272775
851,174,5.0,4.414402552490361
458,56,5.0,4.349583433552254
622,404,3.0,3.9354424240772463
110,67,3.0,3.065401330448246
766,483,3.0,4.323601347586263
345,1247,2.0,3.098139977698198
197,340,2.0,3.4326088770841796
393,5,3.0,3.4235472884468403
533,988,2.0,2.2615832050241895
533,289,2.0,2.914512309636772
788,380,3.0,3.2518727876244604
252,276,5.0,4.260630966766184
825,258,4.0,4.31251053081592
562,727,5.0,3.1651027434165386
883,89,5.0,4.559259145335408
862,657,5.0,4.862044549754817
707,64,3.0,4.161307171877606
846,1066,3.0,3.4886850709718917
189,157,4.0,3.9737330732474163
97,133,1.0,3.9638157994736094
87,570,3.0,3.6194721103203
901,929,4.0,2.8934163004087523
800,864,4.0,3.453945476805505
288,132,3.0,3.9214248794456767
234,464,4.0,2.7111555053588403
391,15,4.0,3.5554398190944974
605,176,4.0,3.4729771351819108
30,231,2.0,3.2258188026276393
870,477,4.0,3.0672460782153843
764,323,3.0,3.006254414502277
630,153,3.0,3.7174244081552756
751,302,4.0,3.5436240712441744
806,1012,4.0,3.383299984313436
851,818,2.0,3.189023680341983
454,56,3.0,2.699851760282321
579,173,5.0,3.8274461359506895
383,137,5.0,4.117154160134964
847,153,4.0,3.1639540645142414
311,651,4.0,4.0765673132070965
532,242,4.0,4.846452397156121
249,708,4.0,4.04302025926829
85,192,4.0,4.006009301361088
58,311,4.0,3.868445676084732
891,742,4.0,4.484321707128197
384,258,4.0,4.204972474008692
299,55,2.0,3.8214194566520567
293,510,3.0,3.787064708221873
427,331,4.0,4.7022080419708425
903,324,4.0,3.6290430301666707
178,619,3.0,3.888733997540098
118,180,5.0,4.933442778646679
73,135,5.0,4.215426738042301
427,319,3.0,4.066019734759722
262,252,3.0,2.6017543797926868
56,993,3.0,3.6777691146447764
207,11,3.0,3.3006140320458246
758,386,3.0,3.123016636284839
804,72,4.0,3.3952327979264982
339,160,5.0,3.7022043461604714
712,776,4.0,3.9074098672915016
501,544,4.0,4.049965836025106
249,741,4.0,4.07714045686285
271,414,4.0,3.516782190506748
298,205,5.0,4.146833232857219
773,568,1.0,2.5051977021502045
342,98,3.0,4.429599719186713
941,300,4.0,4.206294279398666
868,164,2.0,3.0612645927978117
433,919,5.0,3.5687237594333263
847,507,3.0,2.9697483662245467
786,187,4.0,4.356985386416904
648,82,5.0,4.04821780252766
897,523,5.0,4.347612141459499
24,655,5.0,4.443122444780646
721,325,3.0,2.7281717027877628
314,1221,3.0,3.559966250738166
334,290,3.0,3.2195448535450337
500,204,3.0,3.342949903198154
493,435,5.0,4.047767054632891
13,292,5.0,3.5015066979593357
826,241,4.0,4.058284509477007
645,203,4.0,4.0806840933724695
378,436,4.0,3.6365509904869184
465,114,4.0,3.878471921804599
557,50,4.0,4.299720798926567
642,801,3.0,3.5712288966707355
49,231,3.0,2.322317375179318
1,55,5.0,2.9992879418031597
346,616,1.0,3.5654584045910327
311,495,4.0,3.5636134629615093
640,926,3.0,3.1748409405284894
48,650,3.0,3.4134447011027356
817,289,2.0,2.647559419424368
115,642,5.0,3.720956926774111
595,1094,3.0,2.8507480154504554
647,588,4.0,4.069679078669254
852,274,3.0,3.6712327743900564
114,505,3.0,3.697447499770722
158,50,4.0,4.421253017233614
169,443,4.0,4.019049302979984
664,663,4.0,4.011466718762151
135,802,2.0,2.7212202453448016
201,62,1.0,2.301253446707354
592,1070,5.0,3.9711391732277885
416,67,4.0,3.552557268783994
757,203,5.0,3.5678186505489085
516,181,4.0,4.140146986527253
825,323,4.0,3.5525363725514536
645,709,3.0,4.266388182478376
128,118,5.0,3.736473004417487
889,657,4.0,3.9449801195517273
347,1047,1.0,2.666300334272144
201,448,3.0,2.7693313727230096
661,178,4.0,4.4193555891752485
49,406,2.0,1.9886009400977955
497,71,4.0,3.27382880925153
437,381,5.0,3.6075805789772337
408,358,4.0,2.8077220564777186
264,645,4.0,4.389524183182395
740,242,4.0,3.84073612203624
833,288,2.0,2.401210861495161
907,79,5.0,5.0
254,231,3.0,2.5906948425097687
561,480,4.0,4.052524824975945
748,135,4.0,3.6599237483029383
439,475,3.0,4.258110273576474
780,294,3.0,3.559537747306485
679,56,4.0,3.9957535573817284
660,748,3.0,2.368274957912011
882,122,2.0,2.719685124154015
232,215,3.0,3.8256759915966065
666,616,3.0,3.5992978759350227
445,748,1.0,1.8397246210866312
848,481,3.0,4.402240563544392
830,193,5.0,3.70442885329547
588,370,5.0,3.100242709498432
291,232,4.0,3.499271952047663
328,4,3.0,3.3889270683181567
305,582,4.0,3.074694226871796
85,610,3.0,3.4989067741497313
423,258,5.0,3.5437897345587324
63,480,3.0,4.0344404806697485
394,568,5.0,3.8879819861603075
318,143,5.0,3.98331425487931
81,318,5.0,4.293326041312043
374,5,4.0,3.0600306542069036
297,209,4.0,3.6406814046703158
753,134,4.0,3.5968916267802324
915,286,4.0,3.754077952473318
480,527,4.0,3.7724329871757005
393,8,3.0,3.70200925150063
305,45,5.0,3.949903056780121
916,597,2.0,2.5364770186831964
233,588,5.0,4.350192453527935
194,628,3.0,3.171715586829957
804,1028,3.0,3.2303958766397756
426,1064,4.0,3.401362561120079
392,260,1.0,2.811652502662637
178,196,4.0,4.012181562623709
5,226,3.0,2.5256231091873254
181,1390,1.0,1.582557937840842
271,317,3.0,3.9843284120539524
763,59,5.0,4.112782359600349
893,771,3.0,2.8808837987664653
582,124,4.0,4.3583892719484885
161,100,4.0,3.188119027359953
308,637,3.0,3.0557890369387337
490,292,3.0,3.419866162754756
497,151,3.0,2.576831535397177
878,707,2.0,3.635221674518593
255,564,1.0,1.613297623595549
655,1636,4.0,2.8051856134442197
222,1,4.0,3.656128602293798
769,1322,2.0,3.2681662345910003
135,642,4.0,3.4503796869054653
674,866,5.0,3.365691724712871
870,255,2.0,2.9108246700026887
619,245,4.0,3.135638168280419
542,235,3.0,3.0735973322870755
850,228,5.0,4.580002606076492
825,930,5.0,3.282132307901229
887,756,5.0,3.218855330546018
387,25,2.0,3.0789261582764236
116,145,2.0,2.2613208783836387
843,214,3.0,2.208919110354966
497,194,3.0,4.030840725980525
938,595,2.0,2.69877031862302
556,513,4.0,5.0
145,763,4.0,3.1600438385403
249,298,4.0,4.268134150504708
201,751,3.0,2.73987850143921
504,1444,3.0,2.9195745677200917
851,95,4.0,3.6511887194086023
318,326,4.0,3.7016415066106143
653,202,3.0,3.045792173875131
633,498,2.0,3.8782213590368455
59,583,5.0,3.14493877285667
387,1187,4.0,3.618575839781246
653,708,2.0,2.470291288691304
64,70,5.0,3.5430218341078232
318,501,4.0,3.4145154843772003
834,294,3.0,3.085778685601224
633,148,1.0,3.242567706877036
322,272,4.0,4.364318825815277
763,111,2.0,3.6352332726382177
393,223,4.0,4.006186310613024
301,1,4.0,3.949577569981035
2,316,5.0,4.384073084784244
405,854,1.0,2.3893374484762395
453,826,1.0,2.4624657863600987
381,682,2.0,3.46034542329504
592,1264,4.0,3.375725251788542
398,56,4.0,3.749625616889154
268,16,3.0,2.7196223377686524
297,300,3.0,3.2631112579328136
198,31,3.0,2.9187855923897477
892,542,1.0,3.039637823972269
151,51,4.0,3.5496433164867884
374,829,2.0,3.1338347317244453
552,7,3.0,3.991507687056252
642,118,3.0,5.0
320,368,3.0,2.572455911604551
234,959,2.0,3.2353912025709226
676,168,5.0,3.859279100568137
878,921,4.0,3.427457524401232
295,232,3.0,4.126747743311721
314,73,4.0,3.853564380443573
355,288,5.0,4.06075915317486
929,515,5.0,3.95065277622514
453,22,5.0,3.7936185217078835
213,475,4.0,4.53152102299416
659,712,3.0,3.056946941477568
184,208,4.0,3.926938573953079
682,1135,2.0,2.6435541739559936
922,227,4.0,3.47460002999005
346,365,1.0,3.439171525344094
731,215,5.0,3.499015558384785
429,1028,3.0,2.6181215714246107
748,227,3.0,3.272600552692191
886,132,3.0,3.834384275852209
551,62,5.0,3.3323138001447643
623,275,5.0,3.865450892546756
303,501,4.0,3.5853080392761014
648,17,2.0,3.6565841976256337
677,845,3.0,4.090190429556359
897,660,4.0,3.9416269044049725
144,286,4.0,3.627925291794753
543,748,3.0,2.86248210566452
435,69,4.0,3.666997665659059
870,503,4.0,3.298436796682712
693,99,3.0,3.219631583209784
188,443,4.0,3.916589042013138
339,1135,2.0,3.2966225320563147
682,431,4.0,3.5054804728392757
363,169,5.0,4.291991466039397
406,180,5.0,3.942200816570163
215,180,3.0,4.043159829982333
804,32,3.0,3.587566310329761
883,886,3.0,3.669849273158851
506,489,4.0,4.44184732576276
643,127,5.0,4.140930872199265
279,184,5.0,3.437287061320799
308,198,3.0,4.167944004244132
846,86,5.0,4.059243338426619
590,1014,3.0,3.1830139771822763
397,65,2.0,3.6067858751673643
399,455,4.0,2.4818301873224375
416,269,4.0,4.474196352160385
301,496,5.0,4.560473171915963
405,1338,1.0,2.116830175548345
487,586,2.0,2.9666282085293663
614,9,4.0,3.664165505579468
541,993,4.0,3.8489170343636605
816,258,3.0,4.2246796646794
269,246,5.0,3.5943146754055877
514,430,4.0,3.9269950719379225
326,176,2.0,3.725956471301205
267,22,4.0,4.802018876247539
339,134,5.0,4.510494269764255
110,22,4.0,4.2782109541357105
464,328,3.0,3.8570591665879945
365,271,4.0,3.1263321529133736
293,679,2.0,2.5539278024632432
881,98,5.0,3.68040124929085
346,29,4.0,2.4996583647886155
553,132,4.0,4.259054338995045
383,193,4.0,4.116652351153821
634,272,5.0,4.201349909687516
215,98,5.0,4.072803640252242
773,531,5.0,3.4576346650092744
335,313,3.0,4.371457939575995
560,11,4.0,3.3998844763284235
428,877,5.0,3.2264620932061234
400,304,4.0,3.981739421684508
698,22,1.0,3.254380441954984
276,1090,1.0,2.7772360371641893
764,100,4.0,4.12259016687847
642,462,4.0,3.777703703003782
540,741,3.0,3.647445885896837
255,443,1.0,3.113863197557676
551,217,1.0,4.155555405383095
871,752,3.0,3.274904983842702
385,215,2.0,2.922329933206167
907,202,5.0,4.568177518938659
245,21,3.0,2.7736745456669922
907,869,5.0,4.315401164916592
94,127,5.0,4.873532629233711
316,521,5.0,3.1943291151795443
551,340,4.0,3.965978512993439
51,184,3.0,3.1543636371278034
26,476,3.0,2.738384017448662
138,662,4.0,3.8713231232258414
23,432,4.0,3.7811458165815064
846,505,5.0,4.1103841065508835
505,71,4.0,3.464179266541494
313,778,2.0,3.9839371833608443
24,582,4.0,4.254543814553726
851,1676,2.0,3.582184739814939
659,97,5.0,3.9204960072888047
152,204,4.0,4.744168197592663
793,1,4.0,3.8036072112993122
943,808,4.0,3.161791272280118
151,686,3.0,3.757817141478914
1,251,4.0,3.9002752150970514
148,418,3.0,3.907364917035683
292,343,2.0,3.7571403460627777
246,409,2.0,2.346613931625687
314,983,4.0,3.182819192020662
470,295,3.0,3.30092872800498
504,504,4.0,3.8558272500137427
123,132,3.0,4.051483460388048
815,88,4.0,3.512822743178937
308,396,4.0,3.1569568401453414
777,521,5.0,4.106774594105553
381,742,4.0,3.5182589109957667
918,170,4.0,3.9324666279659093
456,414,3.0,3.751752384671372
896,23,2.0,3.2516344856463784
790,1074,3.0,2.98469637879983
389,612,4.0,4.007562556357396
312,515,5.0,4.582454778822644
110,2,3.0,2.9530141842450823
331,268,5.0,3.8354806750812243
518,222,5.0,3.891715944352476
466,55,4.0,3.659761792002898
320,27,3.0,3.4934036794638006
299,480,4.0,4.161895363258534
119,222,5.0,3.6604611844143538
110,333,4.0,3.5018486458723954
123,482,4.0,4.123430932025837
12,157,5.0,4.140287920080825
100,691,4.0,3.367060013133843
592,1226,4.0,4.0349196097707765
320,685,4.0,3.721161921061358
863,895,5.0,3.332564651370372
880,603,5.0,4.561053626879948
405,1579,1.0,1.9394328711988769
537,639,2.0,2.857367345248196
670,245,4.0,3.066957141908815
487,746,4.0,3.9884409856367675
556,321,4.0,3.5340239055081053
184,285,5.0,4.215504857018112
2,282,4.0,3.957259519465678
514,189,5.0,4.040995902936341
280,678,2.0,2.365329989299539
476,999,2.0,3.4438428010375683
907,815,5.0,4.318745743099056
5,227,4.0,2.616347223615617
620,91,2.0,3.9313787107881546
382,334,5.0,2.912712993017578
343,199,5.0,4.765682150479523
43,291,3.0,3.591683286996006
280,7,4.0,4.262675178706151
738,91,4.0,3.150184420596734
889,1134,4.0,3.2350363288584543
455,241,4.0,3.4796630251970435
90,156,4.0,3.949573784387188
176,258,4.0,3.8079737746691227
871,511,2.0,4.358638347718924
107,268,4.0,3.4345317333464815
270,581,5.0,4.227437273279262
321,7,4.0,3.1909309838429465
298,294,3.0,3.5389157482463665
298,178,5.0,4.619917908118271
774,550,2.0,2.236158955239616
112,689,4.0,3.5782875123974174
703,127,5.0,3.91064649387013
897,69,5.0,4.286625587318531
340,186,4.0,4.171691536155179
899,89,4.0,3.856899031616168
668,347,4.0,3.2902773454650127
429,496,4.0,4.065799999390069
13,475,3.0,4.279527075966797
293,89,5.0,4.255866068880971
221,475,4.0,4.305105276188978
474,208,3.0,4.269539910270021
311,233,4.0,3.7793046201435647
738,209,4.0,3.6890568612970434
883,251,5.0,4.338592319776209
500,170,5.0,3.8241036455669932
846,1267,3.0,3.059842645832125
891,459,5.0,4.418517900572483
890,214,4.0,3.2630570284324345
429,546,3.0,2.682497499780398
128,237,4.0,3.5125892399736456
524,607,3.0,3.8491542657145756
848,164,5.0,4.393742437246035
409,153,4.0,3.8315286468834775
541,418,5.0,3.878370616393039
363,1,2.0,3.4967303848193687
435,818,2.0,3.053074436460082
318,40,4.0,3.0977446806146487
346,842,1.0,2.70517495270196
288,435,4.0,4.180126213482956
249,124,5.0,4.606088594788232
392,321,5.0,3.3488224537933564
405,1035,1.0,1.8425733823167412
109,234,4.0,3.9986120348645895
58,137,5.0,3.7365263756389333
782,1534,2.0,2.7201173646430066
883,867,5.0,3.8292175201866714
429,89,4.0,4.275570462421278
291,456,3.0,2.7077098058463065
234,557,1.0,3.2245754334058816
269,122,1.0,3.049134876702601
43,127,4.0,3.7160295582776466
795,234,4.0,3.2209186508632457
267,230,4.0,3.692794517204367
291,404,4.0,4.212396054825552
884,529,5.0,3.665980858828319
457,934,3.0,3.249344403123533
619,295,4.0,3.337672016932705
554,735,3.0,3.890628984874793
896,651,4.0,3.3984793236940107
612,926,2.0,2.962396136828309
269,148,1.0,2.318687729886064
178,180,3.0,3.7241174428190624
705,546,3.0,3.3206475143463736
472,609,5.0,4.1760398764210915
648,177,5.0,3.501222094682812
389,559,3.0,3.3366151070680234
342,654,4.0,4.130786044548579
655,514,5.0,3.267932738287818
274,211,5.0,4.386000341966665
158,550,3.0,3.255309148879564
886,1,4.0,3.5470008708395464
435,1225,3.0,2.6723801172636286
405,241,1.0,2.323949562085641
94,334,3.0,3.8812139647559163
532,879,3.0,3.853546242951047
67,871,3.0,3.193372884856753
464,482,5.0,4.344229388049634
151,89,5.0,4.461362376322282
315,271,3.0,3.1782192821979347
661,144,5.0,3.8182020734457147
796,234,2.0,3.538814888700937
645,185,5.0,4.438766474815974
216,466,4.0,3.7993497842756936
198,369,1.0,2.2189751926906984
774,293,1.0,2.6903888408850962
875,921,5.0,4.156861588544541
222,729,4.0,3.3804578991297847
532,345,4.0,4.031582535746034
793,117,4.0,3.4924929616482903
50,327,3.0,3.754839674281956
886,288,4.0,3.442409610243366
276,458,4.0,3.3813109132484507
379,194,5.0,4.299304728216374
174,763,1.0,3.767720656423523
308,219,3.0,3.6671739445639737
178,125,4.0,3.9791757789840503
894,558,5.0,3.925183264910547
73,197,5.0,3.8064112034347373
854,358,2.0,2.3850175846706665
236,135,2.0,3.404620014773928
16,178,5.0,4.862405886515251
481,163,4.0,3.6039356969289624
49,148,1.0,2.072958552727106
568,301,1.0,2.4718604604240917
561,1039,3.0,3.3777593159943473
198,249,2.0,3.0840971860155872
192,258,5.0,4.154933374024236
274,274,4.0,4.078228551490499
337,1016,4.0,3.8337812198910006
270,145,3.0,3.6081806544555928
757,969,3.0,3.6883745626251923
916,77,3.0,2.8885787400566203
715,155,4.0,2.868614364815249
744,657,5.0,4.119207606093696
753,316,4.0,3.8134779623328194
554,1284,3.0,2.8839201265010943
643,482,4.0,4.139493210840025
84,98,4.0,5.0
255,976,1.0,2.4493768982621957
109,425,2.0,3.353456837352388
405,214,4.0,1.9716958676528522
13,161,5.0,3.475796935406743
545,174,4.0,4.7859134550342075
306,287,4.0,3.857992257110149
711,313,4.0,4.1491758020058125
249,188,4.0,4.387830729906763
416,86,1.0,4.466734732822034
114,171,4.0,3.647988745316199
907,144,5.0,4.846962328231055
936,221,4.0,4.006114821644638
429,97,4.0,3.682727864686756
259,200,4.0,4.176304507845369
452,684,4.0,3.539055005310996
940,521,4.0,3.751734804051303
919,310,3.0,3.530991555594993
551,49,3.0,3.817556725310258
25,208,4.0,4.020807190232762
425,831,3.0,1.9534909490601076
781,172,5.0,4.466300326471817
559,566,5.0,3.3615175379556828
591,70,4.0,3.8841577290447677
176,250,4.0,3.737483609403975
381,259,2.0,2.8767284358377068
450,467,4.0,4.026149340868454
407,712,2.0,2.9478812298247123
492,187,5.0,3.8764818225749362
320,238,4.0,4.360947553375826
327,651,4.0,3.8610455164497304
878,497,2.0,3.6394123218985004
279,751,4.0,2.5685686647572714
487,385,4.0,4.0818747847968835
618,588,4.0,3.4953188050457182
796,134,3.0,3.3182882789339296
217,566,4.0,3.2581698932720244
42,64,5.0,4.952983048200997
216,655,5.0,3.7932022986120137
854,756,3.0,2.1943023323710964
780,498,5.0,4.0284303479439
670,949,2.0,3.6709845354145036
44,553,3.0,2.6994480063584425
479,62,3.0,2.8594919627130126
280,3,2.0,3.063609555998863
650,780,2.0,2.7628036455872644
70,542,2.0,2.8434470396124953
642,409,5.0,3.6152394942647716
354,483,4.0,4.214941433390175
416,311,3.0,4.046674263142446
499,153,4.0,3.690661124455816
398,485,5.0,3.6274961810583157
924,50,5.0,4.289270241346173
410,689,2.0,2.712734288997025
313,175,4.0,3.9030014586060067
455,39,2.0,3.1133634789344113
120,127,4.0,4.250465611733285
393,1092,3.0,2.7913661362213924
659,423,4.0,4.057259259531764
691,603,5.0,4.9580844714168
450,179,5.0,3.7585660184110883
90,647,5.0,4.602870063152813
119,382,5.0,3.6673967608416485
479,283,4.0,3.2397972802675055
643,68,3.0,3.5245838538383683
308,4,5.0,3.697792580505221
711,317,4.0,4.381167445276016
466,7,4.0,3.832498833401202
85,658,3.0,3.4759651525614017
721,243,3.0,2.5192178178530638
846,205,5.0,4.503474488148393
299,93,2.0,3.8375814515358018
161,22,2.0,2.8427594987861573
478,11,4.0,3.335132231114489
618,633,3.0,3.644059494351681
406,466,4.0,3.5796960113014564
342,288,5.0,3.1084151184246016
846,98,4.0,4.6068025978919716
934,502,4.0,3.6118882443781484
116,346,4.0,2.985037055979253
608,487,4.0,4.036851563753106
317,260,4.0,3.1631621808955446
921,1,3.0,3.7123424321403977
13,706,1.0,2.7647643950673726
324,268,4.0,4.850580014550301
5,364,1.0,2.8121065093950883
399,722,2.0,2.3409310317362118
880,570,3.0,3.19559439429102
425,338,1.0,2.299784985581766
719,50,2.0,3.7608838021376774
363,222,5.0,2.7924923948632276
442,22,2.0,3.857434732926149
370,50,4.0,4.1559034543556095
329,286,4.0,3.7371306927235652
846,289,4.0,2.9770800648155893
530,181,3.0,4.0264094690956895
292,7,3.0,3.947207765807865
849,121,5.0,4.312910669144117
432,845,4.0,3.8419730329014654
790,17,2.0,3.2793172431591042
722,291,4.0,4.027590320786819
717,260,1.0,2.8887909021717046
575,98,4.0,3.6629226476827705
286,1504,4.0,3.6112401786107724
932,436,3.0,3.9750602037613456
796,1415,3.0,2.8899222518814756
115,1073,5.0,3.983570866871747
409,318,4.0,4.336845077807444
251,742,5.0,3.682013876336107
622,101,5.0,3.2900897932982023
682,1079,3.0,2.063787568166189
42,591,4.0,3.7346054697979767
868,843,1.0,2.5401277197317396
826,226,4.0,3.8372312159685356
217,1034,3.0,2.359365310174133
648,118,4.0,3.119342619657666
475,306,5.0,3.9013931414253493
222,173,5.0,3.98214924640543
693,504,5.0,3.35471352201014
280,1297,4.0,3.0322997533817904
652,538,4.0,3.2107026641002783
316,276,2.0,2.6633960645665993
715,145,2.0,2.578533462816318
576,237,4.0,3.735891729344944
314,1063,5.0,4.142724928245461
807,743,3.0,2.328858061768744
451,749,3.0,2.443211902848568
324,292,3.0,4.221634335693238
435,834,5.0,2.276693306657269
567,1,3.0,3.8514648958511604
757,22,4.0,4.078929039349668
786,692,4.0,3.837021741727052
95,465,3.0,3.7260314535040653
193,476,2.0,2.8235168385583878
128,265,5.0,4.203232605939112
591,921,4.0,3.6874285009281227
13,351,1.0,2.7038554594803634
415,641,3.0,4.516257711504322
377,164,4.0,3.865121955415908
417,1135,4.0,3.0224919367696863
655,382,3.0,3.027087863034948
452,945,4.0,3.4395596753560724
885,65,2.0,3.102236258543308
472,196,4.0,4.69443579019934
345,148,3.0,3.118304216622396
76,56,5.0,3.936894289380302
305,655,4.0,3.117724883081965
450,1135,4.0,3.539841283772095
659,636,3.0,3.6249973196803444
437,168,3.0,3.9931512145875154
618,23,5.0,3.7050350934350713
925,245,3.0,2.769594266490557
5,176,3.0,4.456565811486968
398,94,2.0,3.3807158375409885
416,240,1.0,2.9301443341846793
398,133,3.0,3.503560257437119
569,111,3.0,3.4147291681598273
452,924,5.0,2.801389695110268
930,1315,3.0,2.6700465331409027
617,413,1.0,1.4664317091641894
271,582,3.0,3.99165607790108
82,194,4.0,3.8285093945547524
863,691,3.0,3.243830560681813
293,658,1.0,3.050819905025873
252,7,4.0,4.231508318970306
497,550,4.0,3.1246359082446302
750,294,4.0,2.852964474502134
445,762,1.0,2.0418316918017623
708,926,3.0,3.0970770471795284
401,322,2.0,2.7399200209813572
280,496,5.0,4.178064963077576
291,376,3.0,3.370236586105645
174,143,5.0,4.296020623617004
746,423,3.0,3.8200203077925847
416,125,5.0,4.258137068561161
215,227,5.0,3.4503582426652177
678,14,3.0,3.948477916678327
936,476,4.0,2.976907302346738
763,730,5.0,3.716924158941483
913,318,4.0,4.359889726813623
199,221,4.0,3.726746497431116
678,50,4.0,4.089251785185094
663,129,3.0,3.9336500487487656
346,578,2.0,3.1030816047901495
477,66,5.0,4.406273881444414
481,198,4.0,4.194524352128985
603,62,2.0,3.4004633269771367
807,374,3.0,3.1002175242934626
7,213,3.0,4.645510682220568
486,248,4.0,3.5299911630376424
43,385,5.0,4.148738566337101
299,118,2.0,2.606068227170557
527,134,5.0,3.997116217569681
269,1103,5.0,3.7405816478241265
536,561,3.0,3.3839427832499194
711,269,5.0,4.82932549287075
804,566,4.0,3.7715182812460792
184,1398,5.0,3.611391501295704
456,23,4.0,4.001152975960825
600,1004,4.0,3.169387864614868
308,213,4.0,3.9895505235546596
405,1027,1.0,1.69498382280873
694,385,4.0,4.292822770929389
111,304,4.0,3.3630864555820543
364,262,3.0,3.8351196324796866
435,763,5.0,3.3381457644622508
690,1210,3.0,2.5620002713655405
883,386,3.0,2.8772867982924644
788,554,3.0,3.0164802211273276
305,793,5.0,3.3340095938300593
603,227,3.0,3.4463022337423
616,299,3.0,3.1225005894334554
49,1071,3.0,2.6699269653633695
660,63,2.0,1.9776018102749027
313,218,2.0,3.1049229617155887
334,275,4.0,3.630266212232758
592,56,5.0,4.8930627862857365
290,527,4.0,3.5527277197624927
445,458,2.0,1.8842715995821393
886,101,4.0,3.0884307306837324
476,80,3.0,2.9298566549297758
292,320,5.0,4.157122860573428
393,380,2.0,3.6468692828993445
7,99,5.0,4.606925342290156
405,996,1.0,1.352424180209959
494,507,4.0,4.07776208523145
614,476,3.0,3.1354411253957037
409,343,3.0,2.8083084637179967
463,149,2.0,2.9495245442752345
169,174,4.0,4.357171678836517
181,1382,1.0,1.5531552815901746
654,66,4.0,3.7223607867278683
887,559,4.0,3.724375954677905
693,180,3.0,3.6138651074061565
236,200,3.0,3.747041077420201
374,1001,1.0,2.0426374755963104
831,877,2.0,2.308325000061027
710,64,4.0,4.323496542335514
460,258,3.0,3.571322912027974
514,582,4.0,3.8184834358952955
303,366,3.0,3.2454266483451213
577,1531,4.0,3.3820204079566354
184,218,3.0,3.559507603970162
366,448,5.0,4.260877512727835
551,68,2.0,3.6971788524965064
235,269,4.0,4.230411981746472
503,430,5.0,4.365883016841631
374,289,1.0,3.1081524314248927
268,114,5.0,4.112621039472208
648,527,4.0,2.7906214168996666
7,418,4.0,3.8272400511659224
707,694,4.0,3.856016867333523
486,25,4.0,3.239133053591326
345,202,3.0,4.09047565934498
650,550,3.0,2.8169508825871703
648,121,5.0,4.038795143193287
241,302,3.0,4.092457387894076
815,526,4.0,4.209565968794675
292,174,5.0,4.622179414853504
343,747,4.0,3.7557036037662423
6,477,1.0,3.150728058457013
707,1174,5.0,3.3341402732358634
886,709,3.0,3.756581833503929
841,333,4.0,3.9438294330182946
882,205,5.0,4.653577795941738
364,1048,5.0,3.18602233396501
496,204,3.0,2.749531797680901
430,152,4.0,3.4060652899159276
450,492,5.0,4.024340201320794
679,95,3.0,3.5563209312911273
1,213,2.0,4.034355688861343
835,354,3.0,3.6528033116174226
715,237,4.0,3.5566514669582077
314,1139,5.0,3.721157567479022
727,802,2.0,2.578268906194337
7,637,4.0,3.402017064767249
416,41,3.0,3.3576955637904287
731,1269,3.0,3.2424937906781097
383,513,5.0,4.721355255718349
782,1096,2.0,2.672174099755027
321,736,4.0,3.796530513290202
899,385,3.0,3.531000137303877
654,153,4.0,3.5842857347615533
678,1129,1.0,3.6766680152912277
92,665,3.0,2.4910361294236596
830,88,4.0,3.3705280976805265
160,328,3.0,3.704432601807444
286,993,2.0,3.6142999128455253
620,393,5.0,3.830762018810015
409,608,4.0,3.773966883527134
305,326,2.0,2.8151129256305065
587,259,4.0,2.7124431180794795
269,179,4.0,4.915808961569657
534,288,4.0,4.239476843109049
690,546,4.0,2.7825607347633388
201,157,4.0,3.1239156694689196
897,127,5.0,4.308379676708385
922,380,4.0,3.56998641981229
59,1118,2.0,3.82129885629149
244,707,4.0,4.109448853892434
267,364,2.0,3.290461091301047
932,274,5.0,3.5297066318054684
655,1214,2.0,2.383862618199445
504,399,4.0,3.559892496737545
405,372,1.0,1.4348258352815684
354,1017,3.0,3.2250427658041443
162,147,4.0,3.7498072778068834
222,167,3.0,2.4952635381267956
85,270,3.0,3.2933833240418062
491,408,5.0,4.6198013724714055
25,143,3.0,3.875425608017914
887,393,4.0,4.405712976201872
174,88,5.0,3.9426330351489534
454,660,3.0,3.0950613324133447
280,50,3.0,4.107094072254092
655,215,2.0,2.82516589437117
887,13,1.0,3.7017857155919356
538,238,5.0,3.462522653877295
554,405,4.0,3.4497094064298373
659,1044,4.0,3.4761962472263512
836,163,5.0,4.0261193228768235
404,300,4.0,3.6836196314447496
643,70,3.0,3.815908159950561
514,109,3.0,3.7705106771579557
482,288,3.0,3.6946386224702694
343,89,3.0,4.926671653851171
478,300,3.0,3.030664022711452
457,959,4.0,4.412983279783672
454,317,4.0,2.9526841536470037
183,202,4.0,3.4020771176058497
160,137,4.0,4.303144072146707
567,299,4.0,2.52150058583876
802,565,3.0,3.066784761087897
889,210,4.0,3.797304709192648
479,295,1.0,3.0497276067551184
271,487,4.0,4.015231434656955
650,602,4.0,3.0574655120925045
59,147,5.0,4.104637437374655
446,879,3.0,2.7992322714591453
605,521,5.0,4.162585681429686
659,505,4.0,4.106362846586167
7,578,3.0,3.4142122366919545
345,278,3.0,3.0600787043459468
767,222,5.0,4.068829067262056
523,1041,4.0,4.06340487923685
292,248,4.0,4.118007751264818
654,926,4.0,2.99051262727451
904,778,3.0,3.8123301960888956
877,949,3.0,3.606892027254061
643,959,3.0,3.907987837241213
407,177,4.0,3.9526035491468434
478,79,4.0,4.0289014505902765
60,496,4.0,4.211961339127478
474,357,5.0,4.651497993436752
10,175,3.0,4.360527065565823
425,576,3.0,2.3773151131941432
215,692,3.0,3.5967944711230477
880,394,3.0,3.5610434250872864
419,100,5.0,4.616541710743594
194,25,2.0,3.0395031260600556
554,179,3.0,3.4207322820903263
484,71,2.0,4.380651742912472
843,71,2.0,2.9814205542707475
189,121,2.0,2.870800209922469
622,125,3.0,3.3757970553664847
642,393,5.0,4.366935767448171
664,12,5.0,4.30090956890966
749,11,5.0,4.069763471939235
669,508,3.0,3.205996791114566
474,79,5.0,4.2254331837615515
378,1220,3.0,3.3527832599881138
537,972,3.0,2.8412030129166532
330,570,4.0,3.886872830045879
552,249,3.0,3.1547980528673767
313,482,5.0,4.075644550626121
82,304,3.0,2.9933580430510096
382,474,5.0,3.9993071945002607
351,748,4.0,4.102078584329179
648,172,5.0,4.690529414396364
839,813,4.0,3.860019873751867
923,148,4.0,3.9486968328505214
932,498,5.0,4.4292239409296785
184,708,4.0,3.5939587358156784
303,160,4.0,2.9714243994438174
694,300,4.0,3.9038787401154753
489,351,5.0,3.461045061606777
343,116,5.0,4.43028760921639
23,116,5.0,3.854142529268356
385,486,2.0,3.802019709479865
523,186,3.0,4.680077562871128
210,176,4.0,4.420376957795514
172,430,3.0,3.5074008876841463
464,984,2.0,3.349626221946276
654,591,5.0,3.459582234233636
297,47,2.0,3.66285384168705
536,49,3.0,3.4981546021164176
487,229,3.0,3.574052885778372
267,198,5.0,4.353083768007067
463,224,3.0,2.790345302983539
591,357,5.0,4.469200538298939
488,429,4.0,3.772880045284992
95,274,4.0,3.9660704840842618
207,15,4.0,3.490138487926489
496,727,5.0,3.0437069940554773
886,4,3.0,3.188332364097297
189,134,5.0,4.404933851158
458,86,5.0,4.105307658941015
911,99,3.0,3.732727703031926
711,316,4.0,4.1634590932223245
204,269,4.0,4.053569492967419
429,293,4.0,3.4910892738101555
682,570,2.0,2.800214045732672
373,211,4.0,3.987600607452881
269,120,1.0,1.7193331153396467
899,660,4.0,3.3066028230132156
825,742,4.0,4.262916346936962
716,651,5.0,4.264575369258596
798,105,3.0,2.3700876151906116
675,305,4.0,3.4471186243223966
608,1101,4.0,3.8378796044898262
154,286,4.0,3.6186067234819532
669,79,2.0,3.3486069200744684
184,451,4.0,3.1960344620446777
379,175,5.0,4.387559884184662
617,174,1.0,2.956356307103015
796,546,4.0,3.9650386409854113
60,237,4.0,3.851496165396676
207,192,3.0,3.802228024285244
400,313,5.0,4.4278875544480485
856,316,5.0,4.164248131326882
879,121,4.0,3.9722328056571334
671,255,5.0,3.55050539575624
933,96,2.0,3.1055131694339795
401,144,5.0,3.172035212536128
429,176,3.0,4.0796003103196625
429,1217,2.0,3.030809586771946
291,735,4.0,4.230918902940491
416,29,2.0,3.252675567242081
773,462,5.0,3.5627100800282183
567,79,2.0,3.786334694822657
805,716,4.0,3.8465662201478756
619,566,4.0,3.542905815472945
378,106,2.0,2.6163992707126122
181,277,1.0,1.79412263289128
566,157,5.0,3.223100048743977
312,69,4.0,3.8552519741302436
286,629,5.0,4.122755089586199
522,521,5.0,4.127185419323707
828,900,2.0,3.0228626591954093
449,274,2.0,3.628804953742006
313,186,3.0,4.17040044115907
918,656,4.0,3.6778089451451423
488,292,3.0,3.180166441231323
805,1232,3.0,2.9626777257970396
702,313,5.0,3.5839177147778116
331,160,5.0,3.4223417443984587
109,597,2.0,3.435772093350026
497,260,4.0,2.2257150813611117
417,1057,2.0,2.2901868656167035
694,132,5.0,4.377080810494683
502,751,3.0,3.248737840574898
660,1133,2.0,2.5148011580275047
894,61,4.0,4.016436530375115
294,249,5.0,3.1899240538768936
537,694,4.0,3.357829154115922
417,444,4.0,2.8170116422859115
606,91,5.0,3.942674480416091
821,125,4.0,4.2926425271752375
216,651,5.0,4.188194204923476
314,8,4.0,4.1887001674994675
363,218,2.0,2.607628549768814
815,433,3.0,3.774371830188177
629,876,3.0,3.038289302857518
275,186,3.0,3.5491544766175376
291,1505,4.0,3.803517652530485
495,421,1.0,3.908322544807723
721,319,3.0,3.8054765965300206
911,174,4.0,4.317923263578863
407,859,3.0,2.947524366053899
321,863,3.0,3.8731202598618473
748,237,4.0,3.47569044379188
456,588,3.0,3.733966415007626
292,111,4.0,3.755083010355014
605,523,5.0,4.189933083126976
2,13,4.0,3.2842631197481107
561,117,3.0,2.1769941656276286
420,116,4.0,4.071667559864246
131,302,5.0,4.510486430799568
90,659,4.0,4.697175784647942
846,674,4.0,3.3827026973547745
299,88,3.0,2.8418570502732172
932,524,5.0,4.106368027542049
375,773,3.0,3.184453374057378
380,81,3.0,2.7656378843101623
239,509,5.0,4.248738864702793
325,554,1.0,2.2763748064616087
833,47,5.0,3.2566823924130066
924,701,4.0,3.633242920371399
106,495,4.0,3.6485239257559505
127,300,5.0,4.467777648451861
645,483,5.0,4.685026922299349
343,631,4.0,4.167063081337743
568,213,4.0,3.3771197605920067
116,323,3.0,2.3648003990197397
567,12,4.0,4.41416849806047
735,300,4.0,3.036126317751072
82,357,4.0,3.7482181492052065
478,282,3.0,3.44597100678946
422,436,3.0,3.4941309652281842
623,504,3.0,3.6490667693883374
913,92,4.0,3.2467993205620056
13,329,2.0,2.5434468346832135
361,705,5.0,3.876967914745074
14,507,4.0,3.99789223350894
1,27,2.0,2.846143950058577
7,638,4.0,3.952996216119951
585,1021,3.0,3.7710512263794365
279,1113,3.0,3.4418903179165348
498,464,4.0,3.3284258112867127
287,252,1.0,3.4146991798653854
318,193,3.0,4.215934875148625
90,212,4.0,3.8771604540225413
458,423,2.0,3.7516672351605416
88,898,4.0,3.347003738732753
735,50,5.0,3.951537832219731
620,465,4.0,3.893884840504929
251,418,4.0,3.8131023275165017
862,1050,5.0,4.34579561078541
191,86,5.0,3.9510713686170673
402,257,4.0,3.981445300074866
516,199,3.0,4.392169731847903
90,367,4.0,3.991835407570355
831,690,4.0,3.859825181626455
693,449,2.0,2.128585603725968
303,734,1.0,2.969352525345597
331,198,4.0,3.9500919450541065
933,95,3.0,2.911199746355573
671,55,3.0,3.7667303525464164
874,116,4.0,4.022239627002784
374,566,3.0,3.472173769697012
123,13,3.0,3.5712153098154507
880,150,4.0,4.251556936737215
444,286,2.0,4.177254277834948
880,176,5.0,4.230489130256815
379,636,3.0,3.895632597642797
422,15,3.0,3.6090725337716645
676,50,5.0,4.830310055549828
409,497,3.0,4.067269898702686
123,288,3.0,3.1345714712930555
262,217,3.0,3.0049063082343315
802,194,4.0,4.177334264752208
174,458,4.0,3.604625123888898
756,566,4.0,2.9939847463010434
87,64,5.0,5.0
13,281,3.0,3.1004802379961047
466,273,4.0,3.324316859399409
42,222,4.0,3.979432038407875
630,123,4.0,2.923707593767676
693,181,3.0,3.461337361176361
190,310,4.0,3.726868900168735
574,750,3.0,3.6032816492171693
301,515,3.0,3.889855699771354
1,137,5.0,4.125809379110174
327,156,4.0,3.800018452534703
26,50,4.0,4.022337570394332
896,201,3.0,3.06876023888341
534,1059,4.0,3.661811973730883
87,318,4.0,5.0
654,963,4.0,4.184022833861859
788,144,4.0,3.6642412297344564
919,11,4.0,3.5677467168338257
537,236,3.0,3.1545289844586324
6,133,4.0,3.609184712651943
160,488,5.0,4.705373570287058
377,682,3.0,3.2834621781739908
804,282,4.0,3.952742441193776
398,49,3.0,3.253950089038308
82,87,3.0,3.446134390616016
625,200,3.0,3.4325857827363584
749,498,4.0,4.318082436572745
862,432,5.0,4.4361363286416315
92,631,4.0,3.4230560490171382
721,995,3.0,3.271931934910782
551,89,4.0,4.659651837566104
870,313,4.0,3.7930941907618694
498,1404,3.0,3.165946710278542
125,996,3.0,2.588097366578476
846,1107,4.0,3.38384690470439
287,111,3.0,4.033145585157156
437,588,3.0,3.9423863288426046
291,418,4.0,3.508731038772803
640,761,5.0,3.5384310879792755
72,161,5.0,3.267686839978489
291,293,5.0,4.18219791724884
932,530,4.0,4.7510710651860535
10,692,4.0,3.9010674876565643
372,595,4.0,3.7868789537830003
503,134,5.0,4.700110883778386
681,894,1.0,2.1783693723739304
163,318,4.0,3.959654765659041
683,311,3.0,3.4258135813727844
276,154,4.0,4.242170806151693
593,660,5.0,4.0804821367371105
299,318,4.0,4.184371269801561
288,173,3.0,4.208299699758128
468,1016,3.0,3.4816502311784165
41,28,4.0,3.8645173141053295
923,405,4.0,4.157201692659577
363,588,2.0,3.4823679975143422
198,188,5.0,3.42649772621913
729,333,4.0,2.908725406537139
370,603,5.0,4.133315720871884
758,253,5.0,3.793663367750497
126,258,4.0,4.250519992974019
892,1285,4.0,3.729127981904419
303,289,2.0,4.117451478603369
618,50,5.0,3.8533237175746895
428,303,3.0,4.374829701112006
798,432,4.0,3.2424661761969653
125,175,2.0,3.5560096680170012
343,333,3.0,3.5027035387580066
471,8,5.0,4.071763712013944
430,748,3.0,2.7439574020145465
191,751,3.0,3.530317644562592
14,813,2.0,4.300747637817366
938,929,2.0,2.48459555755231
381,887,3.0,3.8876589928997762
296,7,5.0,3.983639549670808
363,1101,3.0,3.5004066650792223
19,288,3.0,3.640957458236781
932,1449,5.0,4.115166748996651
450,1197,3.0,4.028287815776478
931,258,3.0,3.7751404358770215
109,409,2.0,3.067926538094133
405,1224,1.0,1.3987500244956035
537,664,3.0,2.966165122741075
588,154,4.0,3.783512876361337
168,866,5.0,3.4355473322930985
342,143,5.0,2.997726271985659
796,486,5.0,4.138544103442743
338,215,3.0,3.5614924331322486
660,182,2.0,3.267742609266284
533,66,4.0,3.8145943841392773
493,1088,2.0,2.633854443977652
612,15,4.0,3.6432199623867416
933,585,1.0,1.947189979610003
75,476,1.0,3.169250596324551
887,105,3.0,2.9595723098305733
24,402,4.0,3.9749232946395665
435,121,3.0,2.5278689727268775
841,270,4.0,3.8112018141997472
593,196,5.0,4.739771132962365
843,616,3.0,2.753386095401087
25,633,4.0,4.14759576425325
130,392,4.0,4.186346435701116
848,172,5.0,4.688530459581784
389,510,3.0,4.504155855159443
98,116,5.0,3.492322837021764
749,393,5.0,3.3969996274042633
251,1,4.0,4.012188563620068
648,288,4.0,3.9383852732676914
347,742,5.0,3.2659817317958115
643,186,4.0,4.127216068039008
242,361,5.0,4.155803408646139
398,519,4.0,3.893518632737474
796,248,3.0,3.4534960426850336
195,258,4.0,3.302803970305565
610,79,3.0,3.9806201393145693
716,497,3.0,4.020172839016184
655,410,2.0,2.7597694355717803
524,94,2.0,2.632733532947297
880,24,3.0,3.639750873808102
647,174,4.0,4.605335209358773
210,127,5.0,5.0
343,11,5.0,3.87742378577309
374,526,4.0,3.7255378210383596
445,291,2.0,2.145579375200099
670,659,5.0,3.893042719768668
18,729,3.0,3.5462746965413183
276,728,2.0,3.1166642690837487
479,121,4.0,3.6848255134823433
416,347,4.0,3.5125003989509276
592,338,2.0,2.6482156007444466
466,4,3.0,3.3724487878866207
293,248,3.0,3.652897457439419
272,1101,5.0,4.009469490844645
236,194,3.0,3.690649196373249
657,628,3.0,3.408168694053474
43,95,4.0,3.9033207311568026
308,121,3.0,3.3562089892933615
500,569,4.0,2.6138381675894506
605,70,3.0,3.985544885729487
450,704,3.0,3.6769489133730935
279,109,5.0,3.5737549211948796
940,628,4.0,3.0709702157372147
506,425,4.0,3.6351227465365916
864,356,4.0,3.6921860705954175
942,969,4.0,4.395634276316455
700,169,3.0,4.0906213021342
249,467,4.0,4.296175944534099
352,385,4.0,3.538196754740894
860,294,2.0,2.7716816696100253
846,751,5.0,3.310793900037573
269,665,1.0,2.413219019009357
654,210,5.0,4.224806150083312
523,202,4.0,4.577087797058188
43,705,4.0,3.9679957245368644
721,145,4.0,3.0285055432251577
18,1,5.0,3.7512931584527074
880,412,3.0,2.5403910358473762
360,45,4.0,4.450187582912436
457,179,4.0,4.813751736042593
286,476,4.0,3.690049684924287
186,470,5.0,3.921131365603687
262,191,4.0,3.902841939550414
219,132,5.0,4.121892441246871
724,683,1.0,1.5539524360921153
279,284,1.0,3.1439885080304224
378,47,4.0,3.3188550871727043
577,226,4.0,3.6563552279963933
276,1240,4.0,3.7217505472333974
916,203,4.0,3.9271007975249796
743,301,4.0,3.399054143638558
486,1609,3.0,2.9349436114188605
911,530,4.0,4.172390444380546
863,750,4.0,3.7788141712536834
60,430,5.0,4.340034827352724
798,378,4.0,3.621649082208873
334,313,4.0,3.83415029453246
308,143,4.0,3.393570114931129
204,748,1.0,2.936846938363387
632,134,5.0,4.293824844939503
664,215,4.0,3.8255298012102954
416,127,5.0,4.569064756412142
429,42,5.0,3.7245652505873252
823,53,5.0,3.0267168582964326
488,70,3.0,3.023756067815449
393,546,2.0,3.839209567048302
795,25,5.0,3.227066897503904
28,380,4.0,3.474241748001532
22,209,4.0,3.9741854859266703
313,127,5.0,4.14483935302456
341,358,1.0,3.5632946991720593
641,511,5.0,4.515108740781964
551,587,4.0,3.71188084773061
896,1437,1.0,2.6218236232660836
883,270,4.0,4.053858670357204
385,208,3.0,3.8332103857061384
834,292,5.0,3.8803668687694923
18,204,3.0,3.733665275564046
412,276,5.0,3.463476628816295
645,319,3.0,3.804660801743219
543,97,3.0,3.3242350540734518
852,827,2.0,2.920153905364222
181,116,1.0,1.8564417383886531
385,46,5.0,3.5154907831348137
447,17,3.0,3.4302420441867945
218,47,4.0,3.1703739940504945
472,216,4.0,4.556754225754331
776,135,4.0,3.7780002487232243
298,276,2.0,3.877752455789655
372,1212,4.0,3.8755837293424973
327,338,1.0,2.58048716967911
409,1558,5.0,3.262147961257431
900,129,4.0,2.689661661284964
903,56,5.0,4.594787780612643
222,97,4.0,3.796499815085813
22,29,1.0,2.8674475874501644
13,116,5.0,2.911367604082327
132,806,3.0,3.4760739400715033
437,95,4.0,3.045119061639533
606,483,5.0,4.725823436996688
934,529,5.0,3.8596263745270027
624,1017,3.0,3.1393071411346747
278,603,5.0,4.736189454582956
201,1421,3.0,3.2961711641344915
537,1010,2.0,2.3270089322507137
524,7,2.0,3.502737910683916
412,508,4.0,3.633110853421431
201,25,3.0,2.4747302186732743
706,24,3.0,3.205280544002365
620,294,5.0,3.821720224543134
342,293,4.0,3.9286053754549903
128,603,5.0,3.9753923934735163
380,582,4.0,3.095204696743467
585,190,4.0,4.234212738190522
654,1048,3.0,3.1603369291938224
368,17,5.0,2.8525640291491663
835,458,4.0,3.761347449330216
928,749,5.0,4.112585986616101
64,174,5.0,4.20041300276651
486,882,2.0,3.330178126832717
116,349,2.0,2.5635973596866553
236,614,5.0,3.587629588505099
839,244,3.0,2.8298906914281154
339,461,5.0,3.844252480699552
11,332,5.0,3.156334536230418
843,385,3.0,2.6428487775555096
796,873,3.0,3.231857246089655
642,422,3.0,2.9983012793271895
116,730,4.0,3.2668280722938636
126,346,3.0,3.671085837087047
233,462,5.0,4.230768529344259
5,432,4.0,3.551860224159602
450,78,2.0,2.9467145106578214
716,609,3.0,3.3263349663328374
181,7,4.0,1.5458139427659263
372,148,5.0,4.198721020631163
66,7,3.0,4.0212338895336055
882,969,5.0,4.10394091539527
354,83,4.0,4.279756546625595
24,127,5.0,4.728521358707367
189,179,5.0,4.258725978246407
228,427,4.0,3.6911898274340986
223,866,4.0,3.0828853129854528
279,1133,2.0,3.290589939779891
291,573,4.0,3.5993169700944345
62,273,4.0,3.3102638892621146
198,156,3.0,3.7100213263541724
561,346,5.0,3.2251605797187284
303,800,3.0,3.0867018526472303
210,44,3.0,3.8387122659035398
119,182,4.0,4.287664814649885
697,235,4.0,3.6756975259508624
254,678,3.0,2.579776308888742
346,216,3.0,3.719525566833649
291,1078,4.0,3.3219440536097795
301,702,4.0,3.1925930098239608
907,271,5.0,4.522900743206601
344,213,4.0,4.077210073969451
614,458,4.0,3.043089948251821
64,160,4.0,3.481458974514728
352,234,4.0,3.9146522415304417
886,380,3.0,3.3489392643487976
454,323,2.0,2.330860678583173
943,182,5.0,3.9535377479109193
490,137,3.0,3.3653015385100358
280,180,4.0,3.667573195926714
701,289,4.0,3.583905580352284
154,414,4.0,3.8000640030065664
497,739,4.0,3.508087102696787
761,458,1.0,2.942266110065914
308,506,4.0,3.8985757686128246
347,173,2.0,4.410936457023467
194,435,4.0,3.1681610624666554
181,1392,1.0,1.0
646,683,3.0,2.158068444547217
236,294,2.0,3.549078130806257
354,847,3.0,3.7978782781001987
161,1266,2.0,2.39353329345159
405,770,1.0,1.7085381471974004
178,64,5.0,4.751467911729448
425,232,3.0,2.9075757618378355
378,636,3.0,3.2589851710977857
450,794,5.0,4.061659962072688
910,307,2.0,2.80877740085901
919,5,4.0,3.4229227270196354
347,385,4.0,3.9226154120383923
385,896,5.0,3.4339191707071213
29,245,3.0,3.3600306897825707
6,216,5.0,3.5876165994565494
145,66,4.0,3.2947073260034982
933,144,4.0,3.08888354107429
177,302,4.0,3.973720117023189
474,28,4.0,4.044318855036387
234,418,3.0,3.022348733005064
453,763,4.0,3.320398467674853
459,111,3.0,3.572508861673373
871,127,5.0,4.477067192080556
659,670,2.0,3.214414474927956
804,139,3.0,3.322722396556472
419,275,5.0,4.254591529249241
942,313,3.0,4.760395675027667
722,845,5.0,3.486691272690474
710,23,5.0,3.9214288461208384
727,827,3.0,2.217050678720582
224,751,3.0,3.00889545291636
713,302,4.0,3.5550270944734277
488,707,2.0,3.457593284739918
854,273,4.0,2.843206024249211
444,1483,2.0,3.82181548623866
886,715,1.0,3.1251886553827277
883,387,5.0,3.8895625328780485
848,419,5.0,3.7840024449233107
447,260,2.0,2.294509039612835
271,493,4.0,4.154426698151195
135,324,3.0,2.938824303871196
774,468,2.0,1.9414475152663795
710,300,3.0,3.583460787531652
498,538,1.0,2.979627076926055
294,472,3.0,3.39808726194724
196,153,5.0,3.889239142739378
393,689,3.0,3.232531685985472
601,82,1.0,3.2519106990489686
909,1121,5.0,4.270652218354537
862,568,3.0,4.326543486812799
425,1,2.0,3.310821210886875
868,426,4.0,2.925919992274385
387,558,4.0,3.5057709812927293
541,254,3.0,2.342614125874086
230,174,5.0,4.526782173496093
883,20,4.0,3.6616178425948847
142,333,5.0,3.3742057302689683
147,937,3.0,4.033194212742784
749,501,4.0,3.7720863016765875
256,831,4.0,2.7914086326865974
498,156,5.0,3.6044174647216805
378,179,2.0,3.486512375043456
489,270,4.0,4.2428449095334795
925,567,3.0,2.6954711174248347
237,423,4.0,4.134708863476479
262,546,2.0,2.693957584086543
715,157,4.0,3.631930763287685
896,429,5.0,3.987154486398605
654,54,3.0,3.2693066366903465
558,283,3.0,4.328529722768758
83,768,4.0,3.209153609886135
751,100,4.0,3.9542882909990036
267,1185,2.0,3.046378802831733
405,1231,1.0,1.0
773,181,5.0,3.690178333570613
757,229,3.0,3.1790545620138086
416,274,4.0,3.9400533504434607
227,823,2.0,2.987672570195999
385,1097,5.0,3.479190957949445
533,148,3.0,3.2555514536518704
458,302,5.0,4.205030900932577
324,410,5.0,3.75964835507542
22,510,5.0,3.815670735738542
95,787,2.0,3.3046126746522537
606,93,4.0,3.8156673618013905
621,722,4.0,2.8882295409034175
151,971,5.0,4.120593736419332
900,237,4.0,2.840173617044737
495,655,5.0,4.921708150174382
321,513,4.0,4.246889211731238
250,44,4.0,3.784874357126376
532,277,5.0,4.225780767788696
354,423,4.0,3.306984055627605
642,998,3.0,3.4960068439710694
238,252,3.0,3.2433870598746206
56,568,4.0,3.9919002596514717
921,284,4.0,3.1453383257445777
459,1013,3.0,2.367239735498422
511,880,5.0,3.539203717738664
527,543,4.0,3.7462063491572195
765,242,5.0,4.374879913503107
295,7,5.0,4.159314202077862
90,923,5.0,4.725642509952091
371,55,4.0,3.753091282612271
271,476,1.0,2.9531524232297914
682,942,2.0,3.153556991260098
868,133,2.0,3.0116240807732857
848,151,4.0,3.990445272087187
311,484,4.0,4.390160968412739
727,154,3.0,3.5220516935211412
42,50,5.0,4.348721386646589
937,874,3.0,3.1508496232912213
331,514,3.0,3.58994027217688
442,1218,2.0,3.170001777502393
54,313,4.0,4.6536597891647595
487,841,2.0,2.9513291541592843
761,263,1.0,1.8770266950005527
805,735,4.0,3.602973708366204
472,172,5.0,4.44183423405183
545,80,3.0,2.9080162624927084
788,174,2.0,3.9135548353870107
591,47,3.0,3.966085177931669
391,47,4.0,3.701499374505523
896,489,5.0,3.577286130701628
878,50,4.0,3.7215718120296564
498,185,4.0,3.285490386316724
144,300,3.0,3.471375887163634
683,22,4.0,3.740561650485664
450,717,4.0,3.161880430071836
495,413,5.0,3.530230794702127
561,426,1.0,2.7415337668657864
65,514,4.0,4.1606675093967755
776,174,5.0,4.213719288210049
125,475,1.0,3.078080858610179
918,196,3.0,3.181994412483892
700,423,4.0,3.889157228119623
542,321,4.0,2.958872584096391
554,67,3.0,3.4890181669564773
144,89,3.0,4.079920084845028
279,411,3.0,2.7688521701183624
415,1524,5.0,4.185865777576269
450,1282,3.0,4.008111308773634
250,98,5.0,4.661258430957654
782,339,3.0,2.8172769484548157
392,1007,5.0,4.385382619413892
608,735,4.0,3.6064516286867674
543,64,4.0,4.297483990651393
381,313,2.0,4.252727965101813
286,689,5.0,3.9060585544035766
721,288,3.0,3.549538641355308
747,174,5.0,4.392320141582163
406,23,4.0,3.947871208732596
319,261,3.0,2.597589919310589
109,294,4.0,3.240801208431573
829,255,3.0,3.2193475548836785
456,1019,4.0,3.9177932832002034
42,953,2.0,3.6017129269450177
128,487,5.0,3.844535573713839
786,504,4.0,3.989247531482407
121,192,4.0,4.287961940433291
158,250,4.0,3.36474862957813
294,100,4.0,4.2077311261970705
604,185,2.0,3.6698997709886325
843,77,2.0,2.2488691390242024
805,455,4.0,3.0241164924271877
788,553,3.0,3.2006405750734737
435,169,5.0,4.146095322790536
346,879,5.0,2.8586447610928696
670,195,4.0,4.167194557313581
313,163,2.0,3.5077008954869067
390,989,5.0,3.311517248683697
880,248,4.0,3.7925932359081735
5,135,4.0,4.263217142701107
552,127,4.0,3.988274754348971
696,178,4.0,4.860192640506468
665,748,4.0,2.9157349229555116
622,62,4.0,3.126698236621938
786,211,4.0,3.8385389112472392
119,349,3.0,3.5700788779571164
554,284,3.0,3.243571186151147
522,530,4.0,4.400507951926695
318,182,4.0,4.007175135637926
588,204,5.0,3.3562851381859917
438,269,4.0,4.476452646935329
512,186,5.0,4.4949148188056665
745,96,4.0,3.1416545856951292
59,654,4.0,4.56841822930801
178,62,4.0,3.597839909184887
385,526,3.0,3.2769322334099336
357,407,3.0,3.5733601052376103
412,172,5.0,4.0408992510501
344,319,1.0,3.5039710729902502
393,40,1.0,3.3459774136195124
457,755,4.0,3.469747475381104
523,1472,5.0,4.100206720438955
394,97,4.0,4.148007895690161
305,50,5.0,4.007514082328574
738,183,5.0,4.093620296122862
890,163,3.0,3.6996051386761417
210,419,4.0,4.208906504075412
694,665,4.0,3.2696032732282867
535,381,3.0,3.4366327199404516
138,222,4.0,4.059279115403316
385,175,4.0,4.4608066297081415
623,692,3.0,3.5769886941117774
574,347,3.0,3.227494225418795
314,869,4.0,3.176160681882804
632,215,4.0,3.7719673053978737
379,47,5.0,3.787800042317352
111,272,3.0,4.260969673351567
514,729,4.0,3.4706594315241572
450,776,4.0,3.6575215240919516
533,111,4.0,3.2902150982118217
11,740,4.0,3.3521215679807814
5,216,1.0,3.305298498696016
230,504,3.0,3.9970398295534335
62,132,5.0,3.9185334336990474
506,554,3.0,3.0065450853765907
788,429,3.0,3.7697831272570137
654,147,3.0,3.1351564614248617
833,645,3.0,3.141786982061121
537,230,2.0,2.0878399572442556
555,274,4.0,3.700857418568467
42,603,4.0,4.2125230289844895
703,300,4.0,4.0793577088790025
467,93,4.0,3.6519537753602385
79,19,5.0,4.304841490704689
844,258,4.0,3.0003669224778773
85,1065,3.0,3.3817475331340567
298,503,4.0,3.9246393739079597
50,324,5.0,3.213722941762457
933,578,1.0,2.215938223934489
404,689,2.0,3.2134801819738517
293,571,2.0,2.4133815125328386
11,660,3.0,4.019823267151924
455,258,5.0,3.670387973636337
94,686,4.0,3.5766166672171424
458,317,5.0,3.756028684346481
880,948,4.0,2.438563723415079
354,638,4.0,3.6309235374817637
630,12,4.0,4.052849897850219
250,195,2.0,4.429676487579663
524,898,4.0,3.053513854223432
90,1204,4.0,3.945704732049564
314,28,5.0,4.67755024777246
416,865,3.0,3.6400233222664147
311,39,4.0,3.0746742313320863
106,313,4.0,4.210933412542728
561,733,3.0,2.776594485044113
450,318,5.0,4.943325261489811
398,276,4.0,3.5853414744088554
712,1503,4.0,3.5283569771629693
864,382,3.0,4.042021742074672
708,1061,3.0,2.8005816023010692
655,59,4.0,3.002527016117831
913,235,1.0,2.6175996878168277
268,768,3.0,2.340508238682491
365,1017,4.0,3.3514842341316355
417,792,4.0,3.461104707596046
8,518,4.0,4.147973803936555
846,435,5.0,4.22752249758335
916,190,4.0,4.182017827757724
630,465,1.0,3.708012015792315
379,577,4.0,2.7085327575316
286,1047,1.0,3.7736828102800595
940,751,3.0,3.217638525843143
85,8,4.0,3.7373990390067378
538,276,1.0,3.5827517018997495
85,298,4.0,3.685444638599205
686,23,5.0,4.9368765334575135
505,271,4.0,2.966888478162201
334,1048,4.0,2.86852918391711
298,485,3.0,4.245265223494934
269,393,1.0,2.2736679813202216
197,328,4.0,3.330910296802351
474,610,3.0,4.1422455219401835
807,428,4.0,3.7095821683980477
833,289,1.0,2.777513061613118
1,180,3.0,4.222023097190211
785,195,4.0,3.79546938277423
837,225,3.0,3.047840172377393
506,135,5.0,3.8062189455236672
43,202,5.0,3.819381389939027
181,1,3.0,2.177433613713849
495,185,5.0,4.784475395701828
777,42,5.0,3.7073789047927823
910,300,4.0,3.0372420319399804
388,895,4.0,4.013214652822445
774,238,5.0,3.153727595251106
303,24,3.0,3.4875997307409805
123,289,1.0,3.2722613161395167
417,552,2.0,2.953775457507061
6,473,2.0,3.0826921231196804
897,95,3.0,4.325882913820719
642,153,3.0,4.183127113872177
285,300,4.0,3.604426502057091
639,204,3.0,2.905206854396214
398,73,3.0,3.548882161498456
592,685,2.0,2.768393545380656
207,290,2.0,2.9552070814244247
223,329,2.0,2.951887776816408
13,612,4.0,3.1262062611990062
743,302,5.0,4.518736422273284
905,879,3.0,3.047580910280382
144,96,5.0,4.14317229780983
267,715,4.0,4.037580816397237
763,173,4.0,4.383027571237944
562,318,3.0,4.778430947101738
669,514,3.0,3.515724469675521
387,1078,1.0,2.556739721207716
7,680,4.0,3.1515927966760113
350,1039,4.0,4.288012800172259
232,191,4.0,4.208253295958544
151,133,5.0,4.071047886908929
878,274,3.0,2.747814990957275
463,741,1.0,2.825317483277764
686,172,4.0,4.484873052900864
920,299,2.0,2.7586286118405505
365,275,4.0,3.94511548143891
864,8,5.0,4.479276725958191
654,265,5.0,4.102820816183943
721,172,5.0,4.203269551785673
495,168,5.0,4.724663693280363
474,14,5.0,4.0379148432723895
457,134,5.0,4.980265041290742
456,125,4.0,3.0798189084255823
901,451,4.0,3.7944724497999056
514,42,5.0,4.1607808609650725
407,313,4.0,4.223325373714889
269,346,2.0,3.2064912668056906
484,222,5.0,4.1415152356175975
79,1,4.0,4.0783933946456665
916,727,4.0,3.1737409889159127
454,649,2.0,2.4686426314868135
44,90,2.0,3.1349601255710855
629,880,4.0,3.563823759588393
825,137,2.0,3.4708407648760566
591,923,4.0,4.3802054586461905
523,634,5.0,4.284702564048186
684,371,2.0,3.341425682287748
587,539,3.0,2.37996716674279
196,70,3.0,3.6335630663613157
804,152,4.0,3.7780510970280257
347,117,5.0,4.13797902610329
881,143,5.0,3.034349251039902
805,552,3.0,2.9825111709301617
397,334,3.0,3.1829038186800096
349,20,5.0,3.1938699190370503
144,302,3.0,4.178440786467582
339,23,5.0,4.810993735168902
92,725,3.0,2.84703238484924
867,216,3.0,4.057310894096841
749,56,2.0,4.2165203881185125
276,426,3.0,3.1381529266848265
527,508,3.0,3.789353033067528
336,1051,2.0,3.2388925087385685
859,293,4.0,4.110984156169122
405,1200,1.0,2.232142292248263
634,50,4.0,4.140396336414645
6,238,5.0,3.819848539158252
797,328,2.0,3.191426284203073
795,154,3.0,3.6032357347273405
661,172,5.0,4.946831878105673
550,258,5.0,3.9692509379607666
363,283,2.0,2.9647217752959256
343,69,5.0,3.6833725517815568
411,449,3.0,2.810230774524959
881,1215,1.0,1.9736741968542508
465,56,4.0,3.373171470780964
788,151,1.0,3.2193145269810852
640,170,5.0,4.733283611201643
343,86,5.0,4.4105346172622975
332,271,4.0,3.9775730530808318
244,716,3.0,3.861491638550426
823,77,4.0,3.723444036948895
727,53,1.0,2.572686854164081
770,302,2.0,4.968450033648942
497,405,3.0,3.0214334093623374
919,419,5.0,3.6804416685216785
935,846,4.0,3.1765697124486305
445,246,1.0,2.5317347018100156
339,250,5.0,3.180423353675397
181,1284,1.0,1.4675902242755108
387,294,2.0,2.728385472159664
5,424,1.0,1.6339517829503387
608,1204,2.0,3.200406897862726
126,905,2.0,3.4855148092998762
772,259,2.0,3.259808951940045
162,208,3.0,4.032907041281271
658,276,4.0,3.6073608402956787
328,627,3.0,2.8944309706215066
62,225,3.0,2.338965674613342
655,276,4.0,3.112849804743247
49,324,4.0,3.2045590085183413
793,928,3.0,3.3933355534437863
379,514,3.0,4.209286620871834
368,98,3.0,4.057620829689059
69,289,4.0,3.057680495112259
623,50,5.0,4.342747398592805
332,367,4.0,4.371659411725351
808,312,3.0,3.858116760588392
292,118,3.0,3.4648344015292722
85,923,4.0,3.85612126118343
387,447,4.0,3.971283977211284
495,582,4.0,3.703161776446645
551,692,4.0,3.615460483707269
49,325,3.0,1.5885489093940528
642,234,1.0,3.48778048644977
283,209,4.0,4.652402594914301
796,178,3.0,4.2759616103923745
328,1021,3.0,3.8148066826238334
446,888,1.0,3.3050489339125733
881,528,5.0,4.395006323669301
474,221,4.0,4.0942736997438836
264,1118,4.0,3.670530124606935
354,1007,4.0,3.9990278061991016
622,679,3.0,3.358578558925567
637,286,5.0,3.166541895912138
143,331,5.0,3.7242441220539657
1,207,5.0,3.7729574474723413
624,121,3.0,3.5534021497366917
457,193,5.0,4.498987780754305
201,789,3.0,2.9436229335724104
835,196,5.0,4.141864260421303
527,283,4.0,3.7972753383967093
936,1315,3.0,3.6828675090745424
370,153,2.0,3.3447902667092433
865,99,1.0,2.728408273104929
62,238,5.0,3.985057749408176
793,237,3.0,3.505525231812678
606,662,4.0,4.065714120569755
622,364,1.0,3.1248749641266524
338,79,4.0,3.9539271574575636
870,527,5.0,3.9188999479914464
527,962,3.0,3.5779511655041936
635,246,5.0,3.4397407448427404
177,508,4.0,3.3757432556556606
908,694,4.0,3.6177397477883124
712,1220,5.0,3.9089962029717857
217,96,4.0,3.2401274485980265
497,655,4.0,3.7808509154762904
308,490,4.0,4.097689476749965
732,937,4.0,3.6861051294855325
378,728,3.0,2.988384965165576
173,292,5.0,4.476910830956857
655,153,2.0,2.711257119442606
458,98,3.0,4.120860517081612
405,1544,1.0,1.9394328711988769
527,191,5.0,4.274661505372852
919,111,4.0,3.3956179085542417
171,269,4.0,3.6303416320846407
660,122,1.0,1.8718733017592912
751,28,5.0,3.70023068811979
425,455,2.0,2.6679246958484075
339,447,4.0,3.507250369880268
297,419,3.0,3.367558489297367
721,358,1.0,3.240886909657073
22,377,1.0,2.830755753450076
28,89,4.0,4.297874593705681
119,28,5.0,4.232787542675106
597,151,4.0,3.6132653014987843
655,271,3.0,2.491152417540826
178,83,4.0,4.255004742887451
873,294,4.0,2.7807756321545534
10,116,4.0,4.187505247138244
325,305,2.0,3.429176479623409
243,196,4.0,3.6361488238145143
450,1402,2.0,3.453296789406526
378,709,4.0,4.059760568649953
92,148,2.0,2.905694460701656
334,475,4.0,3.789754524677158
450,821,2.0,3.720044489040256
181,477,1.0,1.3447298757344899
815,239,5.0,3.482745984822922
665,631,2.0,3.828051337361819
194,7,3.0,2.904706355556589
901,66,5.0,4.151868354162995
458,484,5.0,4.257968281559002
932,497,5.0,4.215788128511294
246,231,1.0,2.2266939273345088
63,283,4.0,3.3006799539528644
201,325,5.0,2.448309982141652
919,322,3.0,3.0366401509582075
280,204,3.0,3.651722160931616
586,780,4.0,3.25465678627801
872,284,3.0,3.683982887373513
185,286,4.0,4.051876928337996
437,433,3.0,3.8758254186759373
747,461,5.0,3.8868907166282476
401,13,2.0,2.887030185788544
267,480,4.0,4.658047881537163
269,1133,1.0,2.4383410922024464
85,325,2.0,2.6029067222636724
429,843,1.0,3.1313358456812224
314,1297,4.0,2.900955106486876
593,164,4.0,3.9152289721097993
198,501,4.0,3.3208767200976674
846,99,4.0,3.8673961882789265
463,892,2.0,1.8862505769883424
145,628,2.0,3.4880116135715533
768,255,4.0,3.1899127354248704
145,44,5.0,3.338957414459935
380,182,3.0,3.51762744976194
449,118,1.0,2.8834744487256434
102,443,3.0,2.9831415156299284
38,1031,5.0,3.9173648955883342
844,144,3.0,3.5963877792722343
804,747,3.0,3.8073165187166023
160,628,3.0,3.8309449217306533
638,144,5.0,3.7354171597605417
548,282,4.0,4.369158741003843
207,23,4.0,3.6895009005437864
449,60,5.0,4.415595857729965
916,642,3.0,3.6234680804376156
359,295,3.0,3.8441204742972483
450,430,4.0,4.358202456586027
788,135,3.0,3.495566470127508
393,147,5.0,3.449571602583277
369,752,4.0,3.8154554013614375
194,199,4.0,3.8905308126209537
303,1023,2.0,2.384172554894396
682,568,3.0,3.0923098360642944
330,67,4.0,3.9557581756067393
814,288,4.0,2.944826200326353
101,979,2.0,3.1249747517519766
3,303,3.0,3.226394121762197
320,340,2.0,3.9716336133000327
303,452,2.0,2.6570440443597207
360,303,3.0,4.234713095287301
303,172,5.0,4.670969115766233
280,660,5.0,4.114091435077664
385,483,4.0,4.042900596963126
707,367,4.0,3.1327278431058034
95,1188,2.0,2.963248821973922
409,303,4.0,3.5257664122592063
32,118,3.0,2.916315040649527
942,272,5.0,4.810843882367259
875,258,4.0,3.7995126569578517
870,127,5.0,4.296441737552281
870,513,4.0,4.42627928658787
655,292,2.0,3.032873529537806
901,391,5.0,3.075684846415258
486,813,5.0,3.6106059335457137
124,11,5.0,3.5177662530863616
324,846,5.0,3.937110034765553
809,678,2.0,2.9075075667515424
326,550,5.0,3.245787312303752
224,287,3.0,3.220010961762823
130,554,4.0,3.7813496869901835
919,70,4.0,3.442429502268512
385,425,3.0,3.3991287481269157
932,77,2.0,3.277219093109773
768,845,2.0,3.251033217825338
398,393,5.0,3.561453244192131
640,126,4.0,4.3922400521539755
601,276,4.0,3.2794755474540525
75,273,5.0,3.4873820662345807
301,50,5.0,4.388816213004845
894,676,3.0,3.477863756230673
328,258,5.0,3.9440654544293707
502,682,5.0,3.0006310159816745
92,4,4.0,3.8204341363826373
363,979,1.0,3.0554886522692857
380,177,3.0,3.2951757826270907
198,411,1.0,2.689592827623261
5,168,3.0,4.2900527224939236
83,240,1.0,2.6618644168629464
90,639,5.0,4.170582959953097
559,73,4.0,2.9724106981086305
327,396,3.0,2.605837844226127
470,50,5.0,4.311589454450977
175,98,5.0,4.204951267758443
851,690,4.0,3.755623104819709
665,117,4.0,3.185922941558589
94,62,3.0,3.0263208325969693
178,333,3.0,3.9854145841824824
640,55,5.0,4.47833032648292
349,118,2.0,3.299014490819137
527,203,4.0,3.988055527286006
407,134,5.0,4.219753910273499
153,50,1.0,3.322682747569465
865,501,1.0,2.3834025130815277
276,123,4.0,3.3410336348811036
346,168,4.0,3.548037479146024
356,288,4.0,3.8355196920433174
577,200,3.0,3.8940016245133253
133,304,3.0,3.346021620429255
535,686,5.0,3.5636525535600767
402,13,3.0,3.786362517416995
184,143,3.0,3.9863018621858184
398,502,3.0,3.7540413592777213
62,582,4.0,3.793551446577251
222,364,1.0,2.4104890728356327
486,460,4.0,3.142425991484833
28,174,5.0,4.305640377391145
411,603,5.0,4.403265574013287
316,988,1.0,1.88728959407551
160,604,4.0,4.194849888803373
522,168,5.0,4.286528827420184
73,152,3.0,3.6127137863567302
808,346,5.0,4.188871647307651
650,174,4.0,4.148606234337926
109,531,4.0,3.924241187150718
14,181,5.0,4.123435961191726
254,286,1.0,2.915304464191728
455,463,4.0,3.7650323184435774
300,288,4.0,4.277838714594455
64,238,4.0,4.012729835530548
661,168,5.0,4.052094829625478
323,15,3.0,3.47640312180223
839,713,2.0,3.3953829212028883
705,22,5.0,3.953619019715179
721,984,3.0,3.366212931738402
745,230,2.0,2.6607411620343515
2,14,4.0,3.9971276909979414
504,69,4.0,4.099564000872257
244,214,5.0,3.7416138590215393
277,111,4.0,3.510604848740875
18,529,5.0,3.870625101719089
314,288,5.0,4.256852846276214
409,631,3.0,3.365513529279355
533,292,4.0,3.372015114840922
643,82,3.0,3.7226598599424277
715,4,4.0,3.4873114537683003
327,1017,2.0,2.8686250845814825
773,840,1.0,2.4233838529927745
871,1197,3.0,3.686945099143124
354,507,3.0,3.6286629558670076
3,264,2.0,2.3850698043904455
299,209,3.0,3.9565896047124625
556,64,5.0,4.756457535964632
514,153,4.0,3.919580873592049
279,41,2.0,2.969568331594772
548,991,1.0,2.6606759319947715
541,405,3.0,3.6030956112591834
622,685,2.0,3.3927815633802307
518,288,3.0,3.6209121010118452
150,123,4.0,3.3183496946179907
437,94,4.0,3.3890583362487074
432,257,5.0,4.152348428933098
533,25,4.0,3.360281418068691
880,1052,1.0,2.7378178140417937
352,92,3.0,3.461947477150905
772,327,4.0,4.292681403538683
719,468,3.0,2.7703494752268765
125,283,5.0,3.971626103391714
848,973,5.0,3.915623419875941
782,293,2.0,3.1356011033923425
722,294,2.0,3.8553027593028864
721,582,3.0,3.3483808358818603
201,98,4.0,4.082634569163606
773,286,3.0,3.515457622716918
694,172,5.0,4.645311146875368
620,98,4.0,4.654896821349274
883,151,5.0,4.085851952073592
639,648,3.0,3.0573189179089693
748,58,4.0,3.433612223407807
160,273,5.0,3.8370709198084874
854,1,3.0,3.4146825281617836
293,182,5.0,3.561744407905772
495,790,3.0,3.082259008572211
521,732,3.0,2.9335618149917444
334,52,4.0,3.7269831502850175
89,86,5.0,4.225872401644943
224,243,2.0,2.1629757727617975
160,202,4.0,3.9187056411687853
498,673,3.0,3.0676705493486964
151,488,4.0,4.780850875771177
894,1658,4.0,3.404599281459604
811,286,5.0,4.399909206100686
894,1080,4.0,3.711196849230927
612,259,3.0,2.7250919570434418
387,431,3.0,3.465457339395459
144,316,5.0,4.100480633362426
630,717,3.0,2.765474038677912
796,172,4.0,4.420706768235315
255,748,1.0,2.4291869779349553
85,1169,4.0,3.692287130733908
539,242,5.0,4.149375230647664
621,71,3.0,3.882500019655784
650,199,4.0,3.7222491865523284
154,479,4.0,4.225049815899278
109,245,3.0,3.0331739671135787
844,403,3.0,3.2996578785984623
791,269,4.0,4.107809967508368
846,1118,5.0,3.345905397642876
225,482,5.0,4.599564361656745
883,694,5.0,4.448067604250837
342,378,4.0,3.234080106110865
627,273,4.0,2.8249816639187078
486,235,2.0,2.5849984735086933
268,298,3.0,3.0794592592215757
840,664,3.0,4.055830742302245
181,307,1.0,1.7879274053558494
294,1254,3.0,2.661065975120083
498,607,3.0,3.3931898182868885
252,1,5.0,4.094699560731316
298,502,5.0,4.012573856219884
583,276,4.0,4.257922348085805
804,378,4.0,3.7992930684318655
397,243,1.0,2.2470803230073635
7,614,5.0,4.1647213204833164
123,483,4.0,4.583542453246932
808,327,5.0,3.949092264157013
303,252,3.0,2.6386950331402925
271,199,4.0,4.280507825583626
363,582,2.0,3.2183810420030863
354,136,5.0,4.373447564726247
120,744,4.0,3.5968301283487594
806,96,5.0,3.962357163270286
268,433,4.0,3.522085115296932
193,286,4.0,3.3453603101778833
283,216,4.0,4.538753691526904
215,202,4.0,3.7571414699479218
290,205,3.0,3.375015800462419
280,715,2.0,3.516848549130354
896,426,2.0,2.8977102821655287
378,317,5.0,3.778950265534517
379,161,2.0,3.4615618673656052
253,689,5.0,3.381488297405759
49,403,3.0,2.189277113258072
39,313,4.0,4.3774929580168
172,514,3.0,3.640116229012589
586,257,3.0,3.4176241583772344
299,182,3.0,3.7027248015146412
207,70,3.0,3.4660286684094297
863,902,5.0,3.7529346991889887
607,100,4.0,4.25250773543427
328,271,3.0,3.471796056723057
269,1438,3.0,2.920770239021046
102,840,2.0,2.0021404397304194
91,322,4.0,3.3378821433963397
330,66,5.0,4.535031119521672
801,302,4.0,4.763137559449733
499,202,4.0,4.064660371724614
286,703,2.0,3.8222234506725594
648,90,3.0,3.309967390203815
845,900,3.0,3.2151764772009286
383,166,4.0,4.20375662810547
95,542,2.0,2.460725129079436
456,214,4.0,3.0696687717468403
899,96,4.0,4.011872531116387
804,588,4.0,4.002679172542674
919,333,4.0,3.9442733474366864
276,627,3.0,3.098483879128195
407,569,3.0,2.682770579736901
94,448,5.0,3.4576783620324734
833,526,4.0,3.37310225555257
194,580,4.0,3.0723945730454862
407,4,4.0,3.524691539036514
409,58,4.0,3.3422558671031104
650,290,2.0,2.695617076758669
119,1101,5.0,4.139195022731993
85,483,5.0,4.41943407837885
506,608,4.0,3.7507544705247597
212,197,5.0,4.076895047126907
629,292,4.0,3.9567184700848297
247,251,4.0,4.487534869147
650,50,5.0,4.0920733740445705
417,1183,4.0,2.8769157230638758
524,482,5.0,4.175406180295683
327,475,4.0,3.7469949792444344
125,692,3.0,4.09349592876194
94,302,4.0,4.332547109713484
308,615,3.0,4.173757573305936
512,1459,4.0,3.847466178808146
500,289,4.0,2.2214611065829266
880,627,3.0,3.1732654363397996
724,538,2.0,2.4555305291137772
606,96,5.0,4.2938796995366895
614,1142,3.0,3.934251919368908
758,425,5.0,4.536050748163132
642,148,5.0,4.170853671388204
295,143,4.0,4.522968132399129
277,628,4.0,3.439102004535552
311,231,4.0,3.0220523269966413
399,155,2.0,3.0852412964414957
246,145,1.0,2.13550067226124
457,47,4.0,3.940645161609011
425,912,2.0,2.936471949650713
63,1028,3.0,2.5126317035041006
921,173,5.0,3.1712930850910337
121,479,5.0,4.02193272406134
450,490,5.0,4.133347457437524
592,255,4.0,3.0916640231866177
233,64,5.0,4.866679119841093
916,578,1.0,2.667081198539715
287,117,5.0,3.9114992811730698
897,77,4.0,3.941860940312371
727,585,2.0,2.3398942714716062
323,327,4.0,3.664070826100013
798,172,4.0,3.996260692002103
930,176,3.0,3.2070678799666967
833,262,2.0,3.5458720757109083
268,116,4.0,3.2731404477979673
130,363,3.0,3.4838268330359337
186,243,2.0,2.500538852856758
119,813,4.0,4.293019681623799
54,258,4.0,4.324306102552391
374,122,2.0,2.43568291115899
313,531,3.0,3.689500051244267
537,284,3.0,2.2238095573039667
665,196,4.0,3.922896894179085
930,14,4.0,3.159952805768808
707,81,2.0,3.3239232922701096
200,720,4.0,3.9285156277090847
189,1099,5.0,3.4817992194058336
708,864,3.0,2.7840529599258717
186,31,4.0,3.9879811477260585
262,40,4.0,2.6629817218456733
927,217,1.0,3.6469743735448654
169,480,4.0,4.190802667322258
21,443,4.0,3.752771618090215
155,990,3.0,2.9499993722776567
116,322,2.0,2.798521154365841
592,686,5.0,3.656114003799663
407,189,4.0,3.636741754846961
230,99,3.0,3.7702676419177408
374,106,3.0,2.6393988476184203
500,370,3.0,2.7946084067447683
234,209,4.0,3.2839905675534107
795,152,4.0,3.4341596763992523
863,270,3.0,3.31486816283089
188,76,4.0,3.4819839148737235
500,393,3.0,2.8627221453821874
429,44,3.0,3.2898652363615817
542,73,3.0,3.4563913040841845
293,572,2.0,2.570934318022071
118,17,3.0,4.209898092122279
100,347,4.0,3.023026853610141
597,118,3.0,3.438771739160682
457,31,4.0,4.153378412572407
683,328,2.0,2.9622900874394977
721,228,5.0,3.957522852194644
435,709,4.0,4.23909068026188
5,419,3.0,3.2698903580153367
18,778,2.0,3.587408254106338
165,304,3.0,3.926938011553298
393,790,4.0,3.261819680680722
10,686,4.0,3.9560318272134447
389,674,2.0,3.083577499070296
78,880,5.0,2.8486408450376093
494,322,2.0,3.382147318445938
174,1139,2.0,3.296763110981442
380,570,3.0,2.5207049318322565
405,1069,1.0,1.766202974087312
308,537,4.0,3.9746489279602986
403,1199,2.0,3.080522940501033
177,527,4.0,3.9434820388864646
489,1612,5.0,3.5716003894939106
223,476,3.0,2.470805645805338
605,318,5.0,4.696379233549781
5,208,4.0,3.471974398572785
722,333,5.0,4.188723653503876
234,782,3.0,2.9100413489363945
92,732,3.0,3.6093282635329773
130,284,2.0,4.075175193934486
429,654,4.0,3.8676714972729362
856,749,3.0,3.184822624716258
226,98,5.0,4.327211040080194
940,657,4.0,3.9179897490610855
339,428,5.0,4.2633448258569935
44,507,3.0,3.4603798959642464
497,433,3.0,3.1797914538162826
788,11,2.0,3.6944589006892024
59,664,4.0,4.121375177508523
417,404,3.0,3.4594203252446745
311,203,5.0,3.763308392831717
254,548,2.0,2.267436842637104
851,833,3.0,3.2252303618699236
315,98,4.0,4.743109477076743
7,667,5.0,3.19731775420279
255,234,5.0,3.512701118626237
568,661,4.0,3.7165637710355246
673,311,4.0,4.039624148814981
360,181,4.0,3.8234871172107217
881,294,3.0,2.9533882925531043
614,405,2.0,3.2161690389677258
60,799,4.0,3.7079240139725758
450,211,5.0,4.172509269856137
8,82,5.0,4.307201466910068
378,732,4.0,3.5812198036939296
224,736,3.0,3.2833947413866915
690,722,3.0,2.385544526875878
385,23,5.0,3.3857514548526164
407,657,4.0,3.891021105179153
642,398,2.0,3.305560898580019
863,268,5.0,3.513819709381663
109,508,4.0,3.612307500313184
666,210,2.0,3.5016573606883514
660,1139,2.0,2.4707169969732092
749,1188,3.0,2.936714382375883
174,70,5.0,4.5544996761287635
883,64,4.0,4.515765459923668
153,174,1.0,3.258905879039414
313,162,3.0,3.504164282981187
541,941,4.0,3.0646339272240697
178,508,3.0,3.4964375856520453
795,70,3.0,3.1749216585236146
658,100,4.0,4.017559123876515
561,1074,3.0,1.9825336895662762
406,624,5.0,3.3299448741058444
94,72,3.0,3.302960686099035
64,98,4.0,4.1701493511936585
330,237,4.0,4.6479867555825365
92,577,3.0,2.356614949153833
704,461,3.0,3.4900654364875336
305,249,3.0,2.972147423289165
13,362,4.0,3.175474103231473
7,197,4.0,4.765203708752823
234,183,4.0,3.3951812870614813
417,238,4.0,3.5925795476132816
506,182,5.0,3.9399537295365
655,939,3.0,2.8559987378188194
497,951,2.0,2.099371870404482
649,815,3.0,3.361651691412432
21,321,3.0,2.595069107929383
627,541,4.0,2.7673986487005036
94,464,5.0,3.7852220126709937
249,203,5.0,4.100436065170265
653,575,1.0,1.7728679913302392
286,537,4.0,3.703031887910183
747,608,4.0,4.469142265577263
492,523,4.0,3.814279211161377
117,121,4.0,4.049912194022931
82,582,4.0,3.6504006342214628
472,403,5.0,4.492759902072127
528,526,4.0,4.224275398022354
883,727,3.0,3.7401441248415463
734,15,4.0,3.7118037218303153
504,742,4.0,4.0823915549030545
617,670,1.0,2.1945937585837774
294,299,3.0,3.043289014415629
57,323,3.0,3.0886772232126694
653,38,3.0,2.174830737701797
416,1516,5.0,3.8865476108018187
532,660,4.0,4.6860826215572775
653,161,4.0,3.1415616182748494
269,255,1.0,1.4640554229643883
665,369,4.0,2.7520675979928475
885,274,5.0,3.4953182443531525
716,673,4.0,4.019893011215798
579,268,3.0,3.648270745803398
514,175,4.0,4.402661537787112
467,117,2.0,3.3581729532111333
125,269,1.0,3.7780522141533233
561,483,4.0,3.8714729351746007
444,258,3.0,3.6915376007095073
95,207,5.0,3.972110582676901
735,327,3.0,3.1827758708164566
276,254,2.0,2.3619742435008004
329,282,3.0,3.3261700718945657
320,771,3.0,2.995914298674117
647,748,4.0,3.540751220609878
298,196,4.0,4.161955009299834
291,49,4.0,3.6489910297202344
889,31,3.0,3.399953602193733
903,30,5.0,4.375510294126561
721,299,3.0,3.1456683902099396
329,81,2.0,3.1271760499686643
11,603,4.0,4.3020157692758785
271,605,4.0,3.3623456860365515
659,185,4.0,3.8848091670108174
932,429,5.0,4.215327229274205
234,501,4.0,3.246979941359366
128,378,5.0,3.6278168985795958
325,32,3.0,3.481582894422277
221,1073,4.0,3.8424888268707913
106,161,3.0,3.358487193506662
798,1035,4.0,3.0769710863015427
256,210,4.0,4.507474987532937
1,196,5.0,3.7313026402423457
326,491,4.0,3.3298082573358907
551,505,5.0,3.7931063893476615
110,385,3.0,3.670183564425371
922,258,4.0,3.2790029746428804
396,25,3.0,3.477197975449265
497,743,3.0,1.7667146165225984
43,140,4.0,3.225544870193172
711,1053,4.0,3.4350843768001913
360,748,2.0,2.821794794796213
92,367,3.0,3.5962320399594248
663,978,4.0,3.064486011257949
308,558,4.0,3.82969291565773
901,402,4.0,4.352768124820872
781,324,4.0,2.7616619826833424
210,49,3.0,3.696395027068426
474,70,4.0,3.8299686159692827
217,797,4.0,2.886569965470667
7,68,4.0,3.548986875029031
524,530,4.0,4.0914514070449295
327,66,3.0,2.9759612343941093
533,23,3.0,3.8625904582382704
803,321,4.0,3.279983639400464
115,847,4.0,4.0159857994645884
380,498,4.0,3.509057448511424
896,11,2.0,3.416874489879285
393,28,4.0,3.8695722869882907
90,97,5.0,4.45225196037021
921,215,4.0,3.5536738343326757
795,1101,4.0,3.4669939655085846
752,678,3.0,2.490518349520569
180,785,4.0,3.859711321630219
389,482,5.0,4.243418008527966
862,1117,4.0,3.9922362325475427
336,407,1.0,2.160156284242243
256,742,5.0,4.341781664276081
524,95,3.0,3.2930536030047217
863,303,1.0,3.8623841782159585
543,403,4.0,3.222471034505801
833,28,3.0,3.350539467723603
648,103,1.0,2.6162764482902934
379,143,4.0,4.168619064597334
727,588,4.0,3.55975168237313
120,121,4.0,3.140743379892547
56,295,3.0,3.6650960321616033
378,304,4.0,3.5142756652823404
777,509,4.0,3.8210425284817346
602,508,3.0,4.041638879872105
877,553,4.0,3.4624111773904795
472,720,5.0,4.1745414674937855
339,67,3.0,2.89404886959625
312,489,5.0,4.4553263680561095
514,732,5.0,4.025970861956887
331,1141,3.0,3.077471451121934
630,477,4.0,3.3311477139345875
94,674,3.0,3.057713354921627
13,685,5.0,3.258703681594952
330,1028,4.0,4.021182494047761
450,705,4.0,4.19381509192754
929,100,4.0,3.6527168238880985
655,1070,4.0,3.291328778980714
563,237,5.0,4.020193093689181
115,96,3.0,3.926400419475023
823,631,4.0,4.040272935047781
747,393,2.0,3.4053369420879696
804,22,5.0,4.627585176625741
318,629,4.0,3.1931773081805894
772,264,4.0,3.292305415514556
603,271,2.0,3.5591829256938263
207,293,2.0,3.3268960408482378
666,513,4.0,4.3125264571913045
374,322,4.0,3.269122153996908
562,118,3.0,3.021276698387585
615,509,4.0,3.9613821814115973
6,529,4.0,3.444553223717916
896,760,2.0,2.2967292669157935
416,106,3.0,3.4183845192818314
5,228,5.0,3.7939958624746666
213,778,5.0,4.129979255534231
697,815,3.0,3.6961053014217833
703,410,4.0,3.062428766019433
897,193,3.0,4.318183808332671
826,678,4.0,3.158983298719907
453,421,4.0,3.5818961614048277
499,307,4.0,3.8241979683675558
476,579,2.0,2.7251275827045203
615,211,5.0,3.969050495413961
46,294,2.0,3.494618268046344
279,625,3.0,3.103209753835639
276,58,4.0,3.872362237593714
270,672,5.0,3.8242122213518575
630,1023,4.0,2.910600508002453
199,269,5.0,3.662185378431484
200,378,5.0,4.373795703070592
299,185,3.0,4.00134791663042
230,963,5.0,4.4182603241669405
786,451,2.0,3.6905065479363763
92,71,5.0,3.3490590784576915
899,238,2.0,3.599401121233763
650,644,3.0,3.2487008629488114
276,420,4.0,3.829527770050766
436,187,5.0,4.407118760581083
543,111,4.0,3.1720565695909224
851,160,5.0,3.2735456614463696
682,143,3.0,2.9073889465443172
201,582,5.0,3.4382331065758573
262,727,3.0,3.0250831251328303
854,512,3.0,3.657538522075327
848,165,5.0,4.765047073700452
128,702,3.0,2.8937841661737016
54,597,2.0,3.205352193012697
327,962,3.0,2.998166485622181
551,1518,4.0,3.296315147738211
693,471,3.0,2.9279407595422864
315,180,4.0,4.440066200364442
770,275,5.0,4.91847619059338
59,550,5.0,3.856035913041449
427,341,5.0,4.50533562194311
877,203,4.0,3.9820645356299544
60,211,4.0,4.238489816148131
194,735,4.0,2.9082365406430135
907,125,4.0,4.97821944218638
568,30,4.0,3.35774076359663
222,816,1.0,2.1903831053675487
328,82,4.0,3.7507184743161384
104,405,3.0,2.305081676001525
830,226,5.0,3.1184368350556584
529,875,4.0,3.1857371369221243
262,1147,4.0,3.4780712696706675
270,200,5.0,4.508138154672839
326,565,3.0,2.4320871632716266
184,231,3.0,2.7279776541945866
749,1228,4.0,2.469441297484318
246,1044,1.0,3.080698855578831
783,880,4.0,3.3152191530006765
689,121,5.0,3.9584186054425827
880,879,3.0,3.292592582039547
515,292,3.0,3.200695210008667
545,524,4.0,4.12757954678153
780,467,3.0,3.608451119879427
391,180,5.0,4.150360676275878
318,1063,3.0,3.77072068657302
655,694,3.0,3.50831567227799
376,197,4.0,4.223571082291491
679,322,3.0,3.046029305073693
445,831,1.0,1.1525475734145714
773,895,2.0,2.644804322931969
450,274,4.0,3.804245276838183
405,1580,1.0,1.9394328711988769
405,643,1.0,2.127305404204629
889,433,4.0,3.70174833837544
271,461,5.0,3.5212589925627404
483,101,2.0,2.851592249113243
396,106,4.0,2.977232456070803
199,322,2.0,2.5666308288956574
145,331,3.0,3.5612231132581873
768,682,3.0,2.6236098291220418
82,414,4.0,3.3116398801928564
83,717,4.0,3.1813027964479517
297,17,3.0,3.3647589734125187
327,1100,4.0,2.8106713673887285
299,503,4.0,3.467325178686718
299,1068,3.0,3.2278543311763745
405,806,1.0,2.277511266993581
927,204,4.0,4.387177337501444
927,38,5.0,3.9477745967967675
287,346,5.0,4.005681002743795
94,684,4.0,3.6443169579981554
156,48,4.0,3.784998843352969
916,561,3.0,2.7665917230385384
483,1,4.0,3.3247389610562728
727,63,2.0,2.7955508740893693
137,748,4.0,4.036380078741264
883,347,4.0,3.908679140006763
878,515,4.0,4.1108001835430725
671,864,3.0,3.3789965211847846
474,736,3.0,4.11142596106339
272,98,4.0,4.57117574514024
892,845,4.0,3.9014869585565464
450,388,3.0,3.2286327243791657
713,272,4.0,3.5975576997855048
531,751,4.0,3.6983764898325875
254,238,3.0,3.230451139667684
57,194,4.0,4.337280872070927
314,1291,1.0,3.1202430106332155
533,328,4.0,3.7386805058453727
698,435,3.0,2.9244336607018635
639,660,2.0,2.9615790382085714
305,527,5.0,3.5338773295202794
379,186,5.0,4.290000613898357
487,978,1.0,2.834368279424937
373,651,4.0,4.220595029512091
334,483,5.0,4.300254843669995
42,28,5.0,4.500497200126205
393,930,3.0,3.2989221922846
13,226,4.0,2.401939547078515
566,1437,2.0,2.8090344636577855
524,443,4.0,3.519491022914579
64,77,3.0,3.3312261815953637
177,156,5.0,3.965188421253505
567,640,4.0,2.965395412563252
254,622,4.0,2.8910174597223786
908,322,2.0,2.970824222632111
165,260,3.0,3.0205355669722684
7,9,5.0,4.598659823885975
389,475,5.0,3.900555755714333
269,940,1.0,2.4058792017156367
877,748,4.0,3.496070229423429
553,134,4.0,4.515208094974512
382,276,3.0,3.323935366248067
279,71,3.0,3.9476664863957365
284,315,5.0,3.7293028538764266
839,825,4.0,2.6812739410393815
110,68,2.0,3.142356783295951
94,41,3.0,3.3363629926956393
320,3,4.0,3.6315758181725366
75,408,4.0,4.585127893728756
232,98,4.0,4.131518884596719
863,344,4.0,3.475010146361297
145,69,5.0,4.063386414782012
401,275,4.0,3.3784126649161488
15,931,1.0,1.9300268142754415
371,237,5.0,4.139983165796833
862,174,5.0,4.8602921432309065
198,203,3.0,3.367413200862634
72,233,4.0,3.655782275345002
734,483,4.0,4.081795425345304
864,231,3.0,2.9849188675871083
925,185,4.0,3.6819407378205704
101,840,3.0,2.642059448859001
537,4,2.0,2.9428445128527803
697,682,2.0,3.491788238539312
30,678,2.0,3.318303798729799
866,889,2.0,2.931901608197594
529,288,4.0,3.727110685521554
346,358,4.0,2.6377769805876516
162,403,3.0,3.57043810731622
776,5,4.0,3.1446487721179337
416,418,4.0,4.296971558206087
653,210,4.0,3.1590648528388536
393,9,4.0,2.7848219460570163
200,188,4.0,4.179882540515481
314,12,4.0,4.887865342156184
726,535,3.0,2.86853981548328
158,659,5.0,4.2236984395067125
748,183,4.0,3.9937486862234155
497,29,4.0,2.767202433194646
437,812,3.0,3.1932034966701215
234,1020,4.0,3.3706665225376273
214,462,4.0,3.9407712561066646
938,275,4.0,3.967792711958143
300,948,4.0,2.4145486546208246
104,313,4.0,3.477470456810957
782,349,3.0,2.633503125958573
593,211,4.0,3.773762353543636
766,179,4.0,3.424444947841919
308,679,4.0,3.596294469875929
561,428,4.0,3.8719419921862825
56,386,3.0,3.156677998295712
239,923,5.0,4.680692962762374
93,125,1.0,3.8575863834242132
707,1381,3.0,3.2045059052471667
703,323,2.0,3.024200965907689
59,232,3.0,3.6718344209740685
409,339,2.0,3.1768366715651406
567,513,4.0,4.535588250134719
346,134,5.0,3.787950229448011
405,1408,1.0,1.891537919222514
489,245,3.0,4.225641916348181
637,690,5.0,2.7953219175499298
641,209,4.0,4.194704372647006
344,530,4.0,4.065575320822797
194,22,5.0,3.977286406689382
438,118,4.0,3.6136531318115686
234,2,2.0,2.643660650619574
184,496,5.0,4.16758733131329
429,679,4.0,2.8708260980512095
914,692,3.0,3.243402504003311
16,197,5.0,4.57552672899943
94,216,3.0,3.980727463653882
709,219,4.0,3.1794628822145174
841,331,5.0,4.121688218121717
506,194,5.0,4.376069708592553
256,728,4.0,3.5038778937832378
243,69,3.0,3.7058635977586754
234,515,5.0,3.924134612095923
708,319,5.0,2.704336943799402
758,236,4.0,4.193890244694746
590,864,1.0,3.0255257537595632
253,806,4.0,3.606863769224551
217,405,3.0,3.071953986843883
774,233,2.0,1.8597070766374217
158,514,3.0,4.0560097293917075
299,965,4.0,3.4227702191030787
618,531,4.0,3.5118178906032633
2,307,3.0,3.888744918129108
336,1249,3.0,2.864602651297414
517,1047,2.0,2.606882939864094
48,690,4.0,3.1294624599068745
694,15,4.0,3.978984304203884
92,28,3.0,3.978389639270802
777,202,5.0,3.88282411059329
361,53,2.0,2.8206252477822336
694,448,3.0,3.713089654742123
50,823,3.0,3.172424128780384
250,196,4.0,4.102855245956194
798,1337,3.0,2.6183923282689565
497,603,3.0,3.963054897405891
746,720,3.0,3.146741344914651
60,1060,4.0,3.425663605717614
682,175,3.0,3.324273988464345
457,232,4.0,3.957093354091667
365,124,4.0,3.9395041520614655
1,101,2.0,3.42582525079781
496,147,3.0,2.859022873653452
567,199,4.0,4.126874437520412
409,708,4.0,2.93695654477015
500,43,3.0,2.693018871730911
666,566,3.0,3.5155225260231338
59,926,1.0,2.8429475172248253
56,7,5.0,3.7937835813831313
181,476,4.0,1.3881188815098904
834,316,5.0,4.461018671701919
1,28,4.0,3.9884093137645937
308,17,4.0,3.575861043567151
870,395,3.0,2.314691544386548
436,1119,4.0,4.007459581318181
323,873,3.0,2.943764564804452
312,513,5.0,5.0
253,132,5.0,4.1793487568634955
939,890,2.0,3.392020867043461
504,476,5.0,3.252676494983763
315,164,4.0,3.675639183007535
767,141,4.0,3.9754770477359176
101,1,3.0,3.440459126045244
782,298,4.0,3.189722086981399
244,66,4.0,3.5283731315992397
190,696,3.0,2.983026123259576
207,79,4.0,3.9037210996617633
91,64,4.0,4.470767051332493
427,263,5.0,3.517060204114231
101,846,3.0,2.8750801248024205
655,895,3.0,2.358834347100686
234,874,1.0,2.4322452914117747
889,177,4.0,4.186698641465395
551,17,5.0,3.3206440374563133
409,171,4.0,3.894117998946981
334,268,4.0,4.122640369346285
932,7,4.0,3.809110189278177
90,705,5.0,4.252939515135513
405,708,1.0,2.0076065845051114
150,13,4.0,4.125263374613408
406,663,5.0,3.7855225045825986
916,211,4.0,4.21191838174161
213,181,4.0,4.629202762178486
30,181,4.0,4.041061165465209
533,322,4.0,2.9204038160289616
739,359,5.0,3.118670277852256
456,582,5.0,3.330012802761834
761,243,3.0,2.2822840431066727
178,96,4.0,4.742561929901371
27,123,5.0,2.8964353060314583
254,313,5.0,3.9867710457239616
659,492,3.0,3.914140857222527
295,559,4.0,3.7470009501925707
210,121,4.0,3.5216863748236995
450,96,4.0,4.377840161970143
378,620,3.0,3.034173746342145
429,222,4.0,2.890102504201484
136,257,3.0,4.045536692552731
389,72,3.0,3.0850205253095764
457,169,5.0,5.0
280,845,3.0,3.0301111224693718
345,1096,3.0,3.448088180802887
653,294,2.0,1.888951453709969
665,96,3.0,3.795098033941512
851,338,3.0,2.945805395504038
49,70,2.0,2.9867144573713102
807,140,3.0,3.7334662905559743
871,237,3.0,3.2455740238201494
653,1139,3.0,2.0515374086671834
498,985,1.0,2.8075913769606387
563,70,4.0,4.136991983160958
84,4,3.0,3.927735498837001
59,710,3.0,4.0755180749771895
385,606,4.0,3.524543197553549
131,100,5.0,4.402104500360958
278,315,4.0,4.527476228292407
158,1098,4.0,3.8052098294554217
846,570,4.0,3.1065596234724118
886,475,5.0,3.743981264132857
648,122,1.0,2.048249135053188
392,180,5.0,4.659477006585169
56,38,2.0,3.5571925541422207
457,559,4.0,3.9358575310899795
558,286,4.0,3.645114785339402
92,1207,3.0,2.6023083052129494
525,762,4.0,3.3469270518217136
405,1210,1.0,1.573571094207949
653,1023,3.0,1.52922027410618
684,181,4.0,4.026400092174657
680,9,4.0,3.9452357800817364
59,241,4.0,3.6755628419679125
336,276,4.0,3.682940984522567
206,362,1.0,1.1927254719829843
164,748,5.0,4.089882494048314
499,98,4.0,4.047291909738185
215,238,2.0,4.095967392558028
1,123,4.0,3.5789844055068523
3,343,3.0,2.6564358811641364
716,470,4.0,3.403908112147093
119,9,4.0,4.192800541921726
831,245,2.0,2.850373652794949
295,951,5.0,3.517377917035165
920,301,2.0,3.243456886311839
97,357,5.0,4.183849189298504
313,588,4.0,3.8426576933254277
82,275,2.0,3.414500173236339
504,384,2.0,3.0807988623044804
181,763,1.0,1.9612762663673526
28,12,4.0,4.473684824609858
635,300,3.0,3.3632508825221996
416,433,4.0,3.855620855957607
488,69,4.0,3.870801051183544
92,402,3.0,3.193067173983893
225,64,4.0,5.0
230,420,5.0,3.628995736108051
829,408,4.0,4.091469891864365
862,205,4.0,4.724213047735187
346,132,4.0,3.731255916745845
35,258,2.0,3.6060454410126126
11,383,2.0,2.196493681496798
216,210,4.0,3.8376640446849812
6,257,2.0,3.053424216672811
298,208,5.0,4.146501179383594
116,324,2.0,2.315992697062563
332,245,4.0,4.3110607554411144
896,1217,2.0,2.7506004308489773
497,195,4.0,3.602039093354736
18,88,3.0,3.4420614690727067
95,385,4.0,4.038621028355822
745,203,3.0,3.1361284086835433
878,15,4.0,3.450888722780005
843,228,4.0,3.0557174231329607
299,692,4.0,2.896376333839782
192,1061,4.0,3.0284465752578407
178,458,3.0,3.0082822348637706
49,346,4.0,2.842153696403854
475,313,2.0,4.081179438465094
91,172,4.0,4.515885926849231
315,504,3.0,4.346546493613119
714,410,3.0,3.5605254013972196
619,188,4.0,3.663690740336292
125,999,4.0,3.036185489082709
112,331,4.0,3.469491980340426
453,427,3.0,4.084775665817705
539,275,4.0,4.345761054693992
554,717,3.0,2.8319278999396627
518,829,3.0,3.086149311792518
817,597,2.0,3.2239882568590894
299,1050,4.0,3.4229667825566352
627,175,1.0,4.164371837864812
405,719,1.0,1.1738886588597848
592,305,4.0,3.7276209410913306
232,170,5.0,4.065358493666315
413,284,4.0,3.3616272846715547
307,1,5.0,3.866630725248967
650,443,5.0,3.394368863604835
75,742,1.0,3.4477441425416053
234,588,3.0,3.1975880529822263
318,64,4.0,4.65313962079806
484,161,4.0,3.887513427633931
234,428,4.0,3.293166404150436
617,582,4.0,2.038939658293793
32,271,3.0,2.9519300267412736
546,7,5.0,3.838990804392716
268,721,3.0,3.069768220060806
214,302,4.0,4.210348227716858
161,181,2.0,2.740203862641518
745,531,3.0,2.916558702628722
151,657,5.0,4.4955838723815
167,1308,1.0,3.5816498735069353
400,690,3.0,3.4604764125171816
425,294,2.0,2.987043340413357
815,179,2.0,4.242749992170885
705,797,4.0,3.461759391135815
157,289,4.0,4.0528723813143
95,62,4.0,3.062973627177961
787,748,4.0,3.0748656084523085
577,996,3.0,3.0640680005647383
49,1075,2.0,2.7710749734490454
452,164,4.0,3.2480573582084213
592,178,5.0,4.762267323394191
642,378,3.0,4.169146238404024
587,289,3.0,2.9132206327445465
178,984,2.0,2.9268201686744786
437,496,4.0,4.415006594740578
831,237,4.0,3.8054168257400347
334,86,4.0,3.642064792600908
293,272,4.0,3.7386263342095254
586,295,3.0,3.4375759527519314
280,5,4.0,2.975319249996562
428,751,5.0,3.69923144968305
218,209,5.0,4.062356339308984
397,1001,1.0,2.823936550216194
495,403,5.0,4.082240618011591
707,1281,4.0,2.8833332364686237
16,11,5.0,4.360553873812521
840,134,3.0,4.881818737706682
752,750,2.0,3.0117084451071703
567,127,5.0,4.180267687189456
189,197,5.0,4.490559975523162
395,240,1.0,2.9897897056701357
322,64,5.0,4.572313623194721
135,653,4.0,3.740006736597549
559,191,5.0,3.959565277225853
445,272,3.0,3.0836996760937834
913,222,3.0,3.035516117282393
15,754,5.0,3.025583990223118
495,577,1.0,3.2819611634925936
293,425,4.0,3.5219538133424675
452,172,4.0,3.7088030762251
445,121,1.0,2.053423782627125
401,511,2.0,3.6747366053049357
234,516,3.0,3.2414142248917996
434,237,5.0,4.029510096862621
201,1423,3.0,2.890572881338949
846,195,4.0,4.288457560111371
85,589,3.0,3.9497169350424177
244,1132,4.0,3.209340028009596
137,1028,5.0,3.601372290511743
60,229,4.0,3.544131631541419
475,302,3.0,4.070425320761838
331,486,3.0,3.5909098250283127
666,23,4.0,4.238696622561678
548,291,5.0,3.642431713693351
436,132,1.0,4.2421450507277685
591,523,4.0,4.0439515777038
790,72,2.0,3.212824788673909
804,128,5.0,3.6467779777093545
566,133,4.0,3.710755618596796
472,419,4.0,4.03513250573512
87,153,5.0,4.292041297521429
308,100,5.0,4.418079157144048
386,982,3.0,2.9785488932806667
463,1067,2.0,3.237542425628307
126,323,3.0,3.09419170839387
327,1141,3.0,2.9487903052102586
91,183,5.0,4.265186771990879
332,64,5.0,5.0
416,157,4.0,3.808447146411524
303,3,3.0,2.7910644339988555
516,212,4.0,3.534660978452914
916,558,3.0,3.768865225264668
566,755,2.0,2.917585517924056
798,996,3.0,2.873025067681205
815,217,3.0,3.425696121124283
389,283,5.0,4.032659856420361
276,210,4.0,4.350577120439312
188,159,3.0,3.449285354905249
849,133,5.0,4.639240450171126
627,597,3.0,2.752932658306489
276,1109,3.0,3.4059561614129747
484,172,5.0,4.9247113818249915
913,164,2.0,3.1191924951505565
587,271,4.0,3.1061321280660317
889,493,3.0,4.0572453783104185
698,132,4.0,2.695700661284293
150,325,1.0,3.20129759347499
921,760,2.0,2.808673611937675
537,226,2.0,1.6435240373474729
450,727,4.0,3.5212624409612205
218,654,4.0,4.010013729860518
398,284,2.0,3.1604332591504267
293,474,5.0,4.362958664394581
260,270,5.0,4.184352465392815
940,1167,4.0,2.9723362450091964
805,135,4.0,4.3057848570798
728,1355,4.0,3.2375308942526804
95,1227,2.0,2.9597801282539757
708,742,1.0,3.9509278900578937
577,71,5.0,4.034461921199791
109,550,5.0,3.568787454156361
151,66,4.0,3.9336385162563774
537,192,4.0,3.7237931644049804
62,483,4.0,4.039879570909751
276,76,4.0,3.3747277952645764
49,1069,3.0,2.882796402561714
280,172,3.0,3.7105799218895887
561,1267,3.0,2.4906633414644928
20,423,2.0,3.4846850131591154
378,222,3.0,3.7729151407428865
12,195,4.0,4.575099058881248
157,405,3.0,3.5570628610496464
632,131,4.0,3.6383550046798305
894,1592,4.0,3.482415181528557
892,265,4.0,4.44101176460451
717,748,3.0,3.2601216993871507
768,597,2.0,3.263326779800755
642,155,3.0,4.301879754062833
346,210,4.0,4.101718645451413
592,121,4.0,2.921831131537447
581,844,5.0,3.624552809427987
94,1012,4.0,3.56356695494823
7,583,2.0,3.568748009879875
488,510,4.0,3.482543681722902
4,362,5.0,3.612678124741931
421,197,3.0,3.8669037614105584
222,409,3.0,2.827050625524756
18,191,4.0,4.17212976125618
437,710,4.0,3.425240706005133
456,403,2.0,3.0128389027335363
592,1039,4.0,4.408274126342753
936,312,3.0,3.618730949324651
269,22,1.0,2.5355604349593417
276,276,4.0,4.0279001569200865
927,82,2.0,4.269645838440536
506,66,4.0,3.775860992674349
79,311,4.0,3.877130855110428
781,286,1.0,3.2142167484260646
690,186,4.0,3.840209258970731
776,192,5.0,3.9254488542279367
112,289,5.0,3.622611235096631
87,121,5.0,4.214721971163617
425,293,4.0,3.4429013241606605
499,430,3.0,4.094124698126586
274,234,5.0,3.8428370940275967
350,1,4.0,4.385492265505823
806,254,3.0,2.374745633771372
782,1511,2.0,2.868029296735277
933,1028,2.0,2.2624675379847567
181,871,2.0,1.2615952791139697
713,344,5.0,3.2750553413324868
193,294,1.0,2.590806171948073
290,216,4.0,3.72409021153039
805,94,1.0,2.5115400315832117
429,473,3.0,3.30341246415081
298,98,4.0,4.518068665905356
853,748,2.0,2.798714850981815
221,407,2.0,2.490761900213619
7,23,3.0,4.38663379070171
1,13,5.0,3.9622582068224834
892,739,4.0,3.9727944010814555
410,690,4.0,3.2771777391935637
442,569,2.0,2.377530346739084
682,395,3.0,2.519526644674211
835,257,3.0,4.202268448594743
664,318,5.0,4.234414324195512
268,679,4.0,2.7693613415877927
630,568,4.0,3.756429637848279
798,748,5.0,3.8043997784080172
265,237,5.0,3.8933230450118166
624,15,4.0,3.532060359306335
650,162,3.0,3.0436996500797173
426,435,3.0,3.886910429504607
25,527,4.0,4.001104476516158
200,99,5.0,4.189068502274041
125,734,3.0,3.0343455082632182
64,476,1.0,2.6993135218024285
328,56,4.0,3.834034630618921
399,432,3.0,3.2012871187101957
828,328,3.0,2.5763733090503673
648,70,2.0,3.3552413948684374
867,186,5.0,4.2215931728228755
391,480,4.0,4.527181868955051
417,725,4.0,2.8310722124924643
58,514,5.0,3.795246302867936
210,173,4.0,4.577716827263035
787,347,4.0,3.5634868036499174
70,1035,3.0,3.262734120437422
880,1041,4.0,3.2798581627394032
174,126,5.0,4.304433618177598
216,221,4.0,4.040760606776808
85,588,3.0,3.719458283008256
567,9,4.0,4.099959268429441
286,329,4.0,3.9375048869474076
394,795,2.0,2.9356301459567034
486,1047,2.0,2.4041418343652436
690,208,5.0,3.6132339855210622
916,69,4.0,3.2483722669238686
436,1489,2.0,3.249666748155047
189,498,5.0,4.558250165405214
378,722,3.0,2.8576705110284473
499,191,5.0,4.319702694433175
790,977,1.0,2.2349903920300602
80,64,5.0,4.478249715009291
389,181,4.0,4.085839041233809
195,386,2.0,2.8130549646888325
64,333,3.0,3.4763648341754627
264,656,4.0,4.5711715964368285
200,373,4.0,3.497345084392721
262,1048,2.0,2.718132909243947
650,823,3.0,2.3987800420745664
726,274,4.0,3.1748225686335694
199,285,4.0,3.9056617845014925
780,97,5.0,3.9425697521216643
154,137,3.0,4.184450837772156
361,26,3.0,3.2460742334807993
131,1281,4.0,3.6733126009978765
152,451,5.0,4.339213911361357
85,79,3.0,3.665711277832493
330,117,5.0,4.783966576792104
92,558,3.0,3.5364267201479374
899,291,4.0,3.235610645857448
918,487,4.0,3.5566419760161394
292,173,5.0,4.504834802418282
472,581,4.0,4.006619027785963
624,690,4.0,3.6815273716996764
119,407,3.0,2.994893481228485
548,762,4.0,3.153262766604172
437,82,3.0,3.084970077719891
613,64,5.0,4.735279725567657
280,673,4.0,3.7589771908039946
374,117,5.0,4.543554069005354
823,770,4.0,3.512252560910289
210,864,3.0,3.4245124367323996
496,532,5.0,2.579597643695576
311,177,5.0,3.684012143308058
506,274,4.0,3.7194718936679156
378,496,3.0,4.2684221238210345
760,185,2.0,3.670603815177844
661,174,5.0,4.982729070159939
109,88,4.0,3.5669325074787706
279,172,2.0,3.588778756427039
343,744,4.0,3.692853542673454
92,196,4.0,3.816927891981552
94,50,5.0,4.008881152470021
591,72,3.0,3.1008743108632104
450,51,4.0,4.049768935793938
226,480,4.0,4.385332205565326
268,455,3.0,2.554876143148058
864,230,2.0,4.1846248722087775
804,1411,3.0,3.1463365672060903
806,923,3.0,4.154040985692468
336,1011,2.0,2.8731642468531176
13,90,3.0,2.722266940884185
216,97,4.0,3.9502510040211747
650,357,4.0,3.6940233579012336
312,713,5.0,4.383401546876037
263,1020,3.0,4.025440712180172
130,721,3.0,3.784364622745801
43,215,5.0,3.751479153864285
268,188,4.0,3.247189041848237
13,860,1.0,2.56925103347572
882,147,4.0,3.9717958214213223
769,473,3.0,3.0718542887662483
343,260,1.0,3.0462499910706637
92,53,3.0,3.4311198011385757
201,919,3.0,3.76039493389532
553,485,3.0,3.9826747451179982
889,160,4.0,3.420741948930312
853,333,4.0,3.535304104373524
718,405,5.0,3.606670939663092
605,269,4.0,4.447216100910978
303,255,4.0,3.2206584879631346
416,401,2.0,2.7606498283313474
715,233,3.0,3.318596714599958
42,63,4.0,3.7125337757016164
727,1437,2.0,3.024434250359813
44,175,4.0,4.438561220227564
621,383,2.0,2.6340546116884607
586,186,2.0,3.971478445558111
181,413,2.0,1.0
896,86,1.0,3.3480167346358933
402,19,4.0,4.161807814383805
59,489,4.0,4.1783840132156955
796,447,3.0,3.2803676968532263
519,874,5.0,4.2688150393199065
883,724,4.0,3.5351187311598773
807,172,5.0,4.312979659745715
727,90,3.0,2.8669066584743943
682,772,4.0,2.765176843612237
645,195,4.0,3.7811294363867387
336,202,1.0,3.993752790521759
492,69,3.0,3.291618395865035
311,83,5.0,4.1998593301848945
875,176,4.0,4.071659865241535
279,44,1.0,3.680588931308495
72,972,4.0,3.2869251375660693
504,72,4.0,3.188005391362289
468,248,4.0,3.85035386591341
932,611,5.0,4.396946241884238
802,444,4.0,2.825744890410242
59,428,5.0,4.481232249011722
495,1079,5.0,2.897147110283728
716,484,4.0,4.2075359667646035
404,307,4.0,3.495250956751199
342,179,5.0,3.816980720936825
442,144,4.0,3.431718292755053
251,535,3.0,3.5457425808096152
63,277,4.0,3.3843832794005198
255,324,5.0,2.902036845348482
263,294,2.0,3.4429956861672073
48,209,5.0,3.72191478106781
796,326,4.0,3.476770527930305
655,1022,3.0,2.760795260404755
466,117,5.0,3.275061294263223
416,591,5.0,3.8369358805736242
693,196,2.0,3.700346011635955
104,271,1.0,2.7972010832995235
189,15,2.0,3.2403001906941427
201,855,4.0,2.9873353476594438
255,872,4.0,2.514681794321121
690,1,4.0,3.670881933252239
660,328,3.0,2.6563406227822663
177,210,4.0,3.570436683122323
221,568,4.0,3.4618382277558366
472,29,5.0,3.3733695712634715
354,694,5.0,4.1332871888921074
501,181,4.0,4.032907877815575
109,742,5.0,3.9530250184088094
339,81,5.0,4.305777905586119
308,480,4.0,4.3235857022683835
655,129,3.0,2.9596086765441134
318,121,1.0,3.891797801931249
923,1028,4.0,4.221549731828703
379,52,4.0,4.007787540543016
721,327,2.0,3.5730919071581817
833,379,2.0,2.3861295012093784
363,940,2.0,1.6751033865460974
637,1060,2.0,2.3632937375613325
851,455,3.0,3.454524352389135
903,994,3.0,3.5648014464913906
5,214,3.0,2.6431820473640117
406,216,3.0,3.3513412658569472
453,158,2.0,2.3451462157278806
416,1011,4.0,3.366876965652332
130,174,5.0,5.0
487,720,4.0,3.170996517916094
223,185,2.0,3.80406314447085
638,554,3.0,2.7053606878449385
815,1133,3.0,2.9890620408265547
84,546,3.0,3.365792905076304
747,672,4.0,2.928728763630236
758,298,4.0,4.534994731888291
339,241,4.0,3.7354059712910543
412,70,4.0,3.577283848891054
802,197,3.0,3.893415177001479
896,343,1.0,2.490795583673578
456,485,4.0,3.5952641635247016
262,22,4.0,3.7323752306602342
200,229,5.0,3.7985407537452485
694,237,4.0,4.031011753650753
704,193,5.0,3.8243004518701773
416,202,4.0,3.9983591335955935
773,72,3.0,2.691987167996074
92,66,3.0,3.3699519800476416
892,367,4.0,3.945556901042236
345,200,4.0,3.5726816571566156
215,179,4.0,4.145514023988426
648,498,3.0,4.5852690188706235
1,268,5.0,3.992914709913581
698,588,4.0,2.8308856071708437
181,1376,1.0,1.356164601920962
145,1102,1.0,3.4401675481733527
875,131,4.0,4.348209282936351
934,462,4.0,3.571187822424265
933,70,2.0,3.119587453359533
575,357,5.0,3.7168976118708974
311,211,3.0,4.058889747470562
524,66,3.0,3.134076302613081
127,227,4.0,4.33440688536286
243,86,5.0,3.726974478805155
652,288,2.0,3.476234616527226
653,1444,3.0,1.9000882315959602
339,80,3.0,3.2749620082017183
18,142,4.0,3.0040956704144617
88,886,5.0,3.270174069267911
551,827,5.0,2.985016921743848
595,289,4.0,3.1466346552104354
339,121,3.0,3.219248452074808
358,1529,3.0,3.130976633803897
97,429,4.0,4.561526612024081
262,195,2.0,3.473057261298939
22,648,4.0,3.8141405425221904
671,779,3.0,2.8589648887548536
821,281,3.0,4.08316457837306
630,732,4.0,3.571571824291122
85,42,3.0,3.793034710699834
537,654,3.0,4.142664409109317
593,234,2.0,3.636921449343717
405,1575,1.0,1.9394328711988769
620,678,3.0,3.1440324910054085
333,748,4.0,3.3578326880738274
833,657,4.0,3.8362418422151023
145,592,3.0,3.63234971762305
495,843,3.0,3.5876787398367105
468,39,3.0,3.4742102437909264
342,1008,3.0,3.281207030934643
778,168,5.0,3.6632481940853436
747,519,5.0,4.530349145992738
902,181,3.0,4.024934695418697
169,683,3.0,2.467599671839009
764,22,4.0,4.673297705400872
416,339,5.0,3.8780862278179526
373,166,5.0,3.9848093848320025
246,226,2.0,2.846591716425908
913,180,3.0,4.388944079763862
796,553,4.0,3.1585832660304174
936,14,4.0,4.6422869631715304
605,132,5.0,4.358543055271789
550,50,5.0,4.649715897904856
454,603,4.0,3.4385868466380707
1,106,4.0,2.763698445850184
548,9,1.0,3.780077802211214
601,71,1.0,3.077808211637204
92,452,2.0,2.6455461581676585
710,318,4.0,4.371549444698431
373,843,3.0,3.0530039332444376
936,281,4.0,3.4127221517205455
27,925,3.0,3.145830856681713
476,715,4.0,3.1518296076797534
280,499,4.0,4.038868980734295
760,71,4.0,3.5487053257449745
828,547,2.0,2.822281736373053
109,940,3.0,2.1138613899544088
452,186,1.0,3.394003757261065
59,959,4.0,4.382311905718568
56,73,4.0,3.749984326547033
331,277,4.0,3.1451137740782107
534,151,4.0,4.12984957015408
691,50,4.0,4.794342234107094
880,845,3.0,3.575905251563506
873,342,4.0,2.3474483814603415
239,187,5.0,5.0
126,266,5.0,3.035388851977498
321,275,4.0,3.770806348821452
391,491,3.0,3.8398309978251577
194,792,4.0,2.9102235197038393
289,742,4.0,3.2131450395228156
525,248,4.0,3.638200878419107
767,242,4.0,4.375264264877751
592,173,5.0,4.783166939911675
496,483,4.0,3.751983621357357
361,129,4.0,3.6717298675664765
442,31,3.0,3.3396506247531104
814,565,3.0,2.522188767170826
733,1023,1.0,2.3697761689945946
938,476,4.0,3.0803761844389537
128,955,5.0,3.801994770803047
829,222,4.0,3.0437133590917185
121,282,1.0,3.0665497820139906
536,699,3.0,4.137324793668121
805,121,3.0,1.7533117427116427
61,333,3.0,3.5060005814410875
206,690,2.0,2.4112211528121397
532,982,3.0,3.3606337200378276
401,173,3.0,3.067964975749261
363,1010,4.0,2.667166884467168
92,116,3.0,3.9646258496174838
363,227,4.0,2.766942988118834
784,328,3.0,3.952316471160624
119,154,5.0,3.9798252084534615
141,245,3.0,3.568783889595501
176,508,3.0,3.8532572868362776
682,581,2.0,2.8572826647486673
179,271,1.0,3.2737140149323487
193,182,4.0,3.9131134768488103
932,64,2.0,4.607549257425554
332,370,2.0,3.5579008115867157
395,750,5.0,4.108512008468205
303,427,4.0,4.58040533310283
889,294,3.0,3.091112691070061
435,265,3.0,3.6374592922874123
446,326,2.0,2.909716572072654
48,680,3.0,2.61662379667855
524,199,4.0,4.353562833876751
843,183,5.0,3.2113813231737787
871,1024,3.0,3.4330866377030174
557,271,4.0,3.6382275904880803
43,931,1.0,2.5719746845559444
627,518,4.0,4.1927347355460505
186,226,5.0,3.3897455468221813
416,737,3.0,3.494353227485171
188,1263,3.0,3.1733138177859814
514,49,2.0,3.381813910117277
848,209,5.0,3.909241906393878
829,70,4.0,3.5898693313713603
17,1,4.0,3.2367329385766164
836,56,4.0,4.358405778314553
604,200,1.0,3.5977029793958866
760,98,3.0,4.261240789438354
887,100,2.0,4.1055994820250294
561,204,3.0,2.6738224010606593
151,28,4.0,4.122899949262872
851,302,5.0,4.877971665487077
72,2,3.0,3.643114034296206
198,187,4.0,3.9966916002119675
808,872,5.0,3.457819219296793
181,989,1.0,1.2033043572009392
219,303,4.0,3.8621469394329293
51,173,5.0,4.090213382169907
534,282,5.0,4.546651601998638
316,463,5.0,3.064673132630373
405,1567,1.0,1.9394328711988769
269,154,3.0,3.8284989683667927
233,495,4.0,4.254388296529277
413,275,5.0,4.032804363982281
647,147,4.0,3.4338969318741785
923,1001,1.0,3.694095134942488
487,566,4.0,3.92248870876569
484,226,4.0,3.4836055731668707
7,367,5.0,3.965333336646575
294,751,4.0,3.413336186402935
577,5,4.0,3.232865483915046
280,90,4.0,2.8920376559373535
621,94,2.0,3.4936881802716075
406,715,4.0,3.086907476138282
778,738,1.0,2.449366874152645
305,70,4.0,3.277906707315445
449,273,4.0,3.981810181687612
790,144,4.0,3.1930739853109356
130,477,4.0,3.7088988674862455
358,558,4.0,3.3956172833877525
450,277,3.0,3.9073013120855182
363,444,4.0,3.1766856086753776
250,151,4.0,4.015434828351374
139,460,3.0,3.465566014650041
194,165,4.0,3.3359431546433536
524,466,4.0,3.594640963078296
372,218,5.0,4.527347746152766
271,507,2.0,3.7256802510926965
279,922,3.0,4.3012109386516
551,825,5.0,3.673553528705699
311,56,5.0,3.6510823819806837
771,542,4.0,2.440174648646687
328,23,3.0,4.0072061797508
727,191,4.0,3.765346641097382
711,496,5.0,4.233933895464192
666,181,2.0,3.622330739906756
871,313,5.0,4.016465902141618
561,559,1.0,2.5140451755978734
321,61,5.0,3.6622424599947254
823,1,4.0,3.4782975057834475
328,685,4.0,3.2036185872836156
397,345,4.0,3.5188088576263943
488,28,4.0,3.6952693083632204
234,125,3.0,2.662645665379511
709,172,5.0,4.46277045190944
95,190,4.0,4.028479524214522
655,125,2.0,2.57926302965928
276,215,4.0,3.7637470827959225
933,172,2.0,3.691540141054951
263,879,2.0,3.630081916839751
116,888,2.0,2.916249834073456
629,416,4.0,3.9407898589052253
896,237,5.0,3.0557552058708017
825,406,2.0,2.822061523057455
872,323,2.0,2.831082263971933
286,402,3.0,4.055612121020064
251,281,4.0,3.4824161428591025
94,1065,4.0,4.113141744128926
463,1383,2.0,2.416986324035761
103,487,4.0,3.8545963666239844
592,24,4.0,3.7323629970510463
378,59,4.0,3.655528119991192
864,404,4.0,3.912409634462537
29,182,4.0,4.340807248573031
254,386,2.0,2.312978042688327
12,4,5.0,4.170063657439621
336,410,3.0,3.0867523700495787
145,22,5.0,4.726921072091834
357,291,4.0,4.45439348120658
919,272,5.0,4.398722970936421
130,58,2.0,4.438141390092006
330,549,5.0,4.412646299616776
711,941,3.0,3.080137571366764
308,186,4.0,4.034963844498183
682,125,4.0,2.6502269249569244
440,512,3.0,4.630035220243721
246,559,3.0,2.9051235709478584
374,483,3.0,3.5964482797955957
76,769,1.0,2.59905632526466
437,213,4.0,4.096258126024069
823,210,4.0,4.084555376284107
332,38,2.0,3.9685106439404296
707,499,4.0,3.978920794563777
749,167,2.0,3.2163263598398615
157,515,5.0,4.467349325685494
487,181,4.0,4.380490907084218
744,28,3.0,3.77179258906728
740,294,4.0,2.7981230332433653
110,578,3.0,3.2277495970565258
129,300,3.0,2.9016234436636954
409,429,5.0,3.644367374099407
476,66,3.0,3.5000625370861917
799,292,4.0,3.8982222310034014
222,1042,4.0,2.954601906761828
338,488,5.0,4.2231539656414165
198,101,5.0,3.007007515744069
676,688,1.0,1.8318435957642836
294,1245,3.0,3.6713284803008963
506,684,5.0,3.803675507495502
620,416,4.0,3.8116689008969336
234,686,3.0,2.9937859936445954
57,1071,3.0,3.138699436042394
508,1135,3.0,3.1252150432674592
44,194,5.0,4.093409868764367
361,659,5.0,4.174888712202199
7,662,3.0,3.7320129539323594
405,463,1.0,2.593602601448175
181,460,1.0,1.3285800307341684
922,391,3.0,2.5929071807684934
90,644,5.0,4.378163509247476
892,118,4.0,3.572162985877716
178,194,4.0,4.454900277456364
223,977,2.0,2.2382255572712864
292,197,5.0,4.361305452427163
881,94,2.0,2.9757999620398676
554,9,4.0,3.7044166208997034
606,201,4.0,3.516320044728006
151,195,3.0,4.2470780327494255
642,1023,3.0,3.095732446638339
426,430,3.0,3.9877943743122843
919,297,4.0,3.6657495094359067
693,423,3.0,2.9948261738451767
230,511,2.0,4.1616201253501774
655,192,3.0,3.386253411210759
95,28,4.0,4.039047866569515
702,683,1.0,2.019492648794434
146,347,3.0,3.7902333508184487
56,280,4.0,3.575673153211398
405,510,1.0,2.076366238343651
206,260,3.0,1.627369523984005
158,210,4.0,4.310558223465759
21,567,2.0,2.362779555321634
79,740,4.0,3.6534636301631367
177,135,5.0,3.9277047449376505
189,9,3.0,4.468700087063661
892,82,3.0,4.32163140940893
405,80,1.0,1.312670864025605
378,1037,2.0,2.0742028852930674
526,181,4.0,3.2397371591251187
308,448,3.0,3.3771109480110697
637,475,1.0,2.989125135686287
193,301,4.0,2.695102248901032
886,783,1.0,2.782280155333957
405,1072,1.0,2.0332509571359556
880,144,5.0,3.8053895826887896
710,192,5.0,4.265354782988299
671,4,5.0,3.367889976959274
533,676,5.0,3.629875825740613
870,13,4.0,3.618333211801831
795,3,2.0,2.497055109214128
416,451,5.0,3.722692320888929
262,660,4.0,3.6653987177538907
405,673,5.0,2.675174866103923
709,92,4.0,3.445339548996113
664,22,2.0,4.015670586895008
391,69,4.0,3.5319479717312947
170,687,3.0,2.951120459373796
286,3,2.0,3.528565225059895
746,8,4.0,3.953320455571665
230,447,1.0,3.49123029570512
532,692,5.0,4.233557809637128
526,475,5.0,3.7215909667466485
618,150,2.0,3.4319369145291967
717,291,4.0,3.6523536675843093
268,288,4.0,2.7531042746843415
174,902,3.0,4.285648058177794
458,509,4.0,3.854056021603058
871,515,4.0,4.075169370173652
215,28,4.0,3.995289438065334
655,512,3.0,3.564710218129932
37,7,4.0,4.178147360109245
934,483,3.0,4.410501019365513
262,15,3.0,3.510085576240942
848,476,3.0,3.18325144674792
751,1,3.0,3.9401537068251518
271,218,3.0,3.4733885304702388
280,86,4.0,4.4628959192811495
715,158,2.0,2.5780518447382703
203,477,4.0,3.6239001964759265
809,331,2.0,3.7034470745937207
893,1245,2.0,3.4433568705498914
43,123,1.0,3.0307207388431965
82,475,1.0,3.345826495379654
632,508,2.0,3.3865590657002884
63,106,2.0,2.763199556036985
308,254,2.0,2.6689344018448082
369,346,4.0,4.258689530845029
318,12,4.0,4.531215837346343
745,169,4.0,3.4241287715820246
456,69,4.0,3.4471692980448245
472,51,5.0,4.780386184443162
82,919,3.0,3.39921913331415
862,196,5.0,4.462718875131902
929,188,4.0,3.7340845773128906
890,186,2.0,3.9587606554610097
491,493,4.0,3.9260096793672115
886,64,5.0,4.383015409323848
790,283,2.0,3.4364213514982107
653,973,2.0,2.546237061282967
494,143,5.0,3.7194777280748945
141,323,4.0,3.3420730429558345
864,755,4.0,3.5676643142991407
13,799,4.0,2.698760687754291
751,90,3.0,2.976450413782776
880,467,4.0,4.037464389322528
553,1,3.0,3.8333273529694867
635,688,2.0,2.1386014188279665
299,289,3.0,3.014027036433835
889,513,4.0,4.298434446017523
303,93,5.0,3.809018862253056
881,97,3.0,3.887956467132475
85,157,3.0,3.551125463896398
297,984,1.0,2.968243372787901
121,736,5.0,3.8364449526660604
256,829,4.0,3.311392126292773
661,665,3.0,3.0130549629641954
608,126,1.0,3.785152667320692
519,1280,5.0,3.9751957731380783
879,292,4.0,3.591769466020936
496,554,2.0,2.158682278420486
81,756,1.0,2.689657710595559
308,591,3.0,3.7450834907454102
236,117,3.0,3.2634925287844165
393,15,3.0,3.978922400854805
308,802,3.0,3.0243972134820636
59,56,5.0,4.855704154222476
606,729,4.0,3.8630562733361242
836,1065,4.0,3.3637011993360226
246,173,5.0,3.4254246896995304
48,433,3.0,4.172093164620833
407,153,4.0,3.634350269153346
13,82,2.0,2.82979907038536
634,1011,4.0,2.960967127197781
361,216,5.0,3.864312505136438
101,820,3.0,2.6038080468030005
112,346,5.0,3.8136016021529384
705,526,3.0,3.6800459163218733
535,632,4.0,4.08708012052791
189,99,5.0,4.089448971258168
394,383,2.0,2.753629893406817
201,31,1.0,3.2427375098917888
373,423,2.0,4.2386602406849585
337,228,5.0,4.297713145203481
918,499,4.0,3.735678370209658
164,678,4.0,3.5199019860889824
763,28,3.0,3.7312810871394455
666,1474,3.0,3.3190442123547177
763,418,4.0,3.518808817199621
59,616,5.0,4.289913291399822
94,81,4.0,4.172233849921543
727,199,4.0,3.934198553174213
109,250,2.0,3.5116747414422362
500,281,3.0,2.7384031789860783
450,878,2.0,3.4811859501990066
504,181,3.0,3.9549817834491434
868,233,2.0,2.6623035845395817
188,678,3.0,3.142234334726162
660,97,3.0,3.0695027383210953
871,937,3.0,3.4120894196687237
361,655,3.0,3.7228572900650696
733,14,5.0,3.863876253804213
488,478,3.0,3.6842592694436065
266,874,2.0,3.4307922804096633
815,228,5.0,3.956257917319659
13,194,5.0,4.237966341948413
323,772,3.0,3.0825963883546463
78,411,4.0,2.8063243570718743
440,751,3.0,3.9330715965878107
200,195,5.0,4.479643549437528
29,678,3.0,2.6962247259400782
201,651,4.0,3.8139522179064818
429,23,4.0,4.07795423729216
932,863,4.0,4.063336728585095
301,269,5.0,3.3238656731017437
815,135,2.0,3.853306443497907
234,604,5.0,3.5800855450913858
159,881,1.0,3.1684156528356326
896,685,3.0,3.0416890434735953
185,514,5.0,4.219166148180983
506,494,5.0,3.5826316518688066
601,204,2.0,3.594609081178216
921,728,3.0,2.7684894311925516
3,300,2.0,3.0731873038685764
864,226,3.0,3.8766580119292806
326,170,2.0,3.878254795703193
322,656,5.0,4.179084758131946
32,245,2.0,2.816643066184876
378,96,4.0,4.167459278897961
630,323,4.0,3.2927256125173305
907,1051,5.0,4.586799406255721
405,480,4.0,2.9412514032049137
90,31,4.0,4.011710342582159
43,751,2.0,3.5435907806633913
671,159,5.0,3.2712188349427063
533,651,4.0,3.985733550521936
569,321,4.0,3.4063902313507097
27,515,4.0,4.0322928682302
110,550,3.0,3.3392952469760404
830,241,4.0,3.822270115228273
578,346,3.0,2.817088023674653
504,1084,4.0,4.161488317491288
456,608,4.0,3.8547134822358062
7,619,3.0,3.968575960537331
405,439,1.0,1.99938704883283
151,10,5.0,4.01523663191107
223,423,3.0,3.805904606710709
889,81,4.0,3.272571836231485
727,405,3.0,3.073538701433176
711,168,4.0,4.071766112322433
223,295,3.0,3.2393680182859454
594,515,5.0,3.674345214047721
807,298,4.0,4.206608328508899
689,300,5.0,4.0231251352466195
21,103,1.0,2.647173178186545
543,660,3.0,3.5842189374100615
790,1132,2.0,2.972293986482613
294,286,5.0,3.205452207368988
503,321,2.0,3.064881120100338
215,300,3.0,3.6900024175480826
407,405,3.0,3.0163874833613704
399,175,3.0,3.531983673535959
551,79,5.0,4.705065364439707
881,1046,3.0,3.034141057470759
531,908,1.0,2.8294376739807476
802,183,5.0,3.8652671031838644
560,235,2.0,2.760572491292684
693,298,3.0,3.4150299890189917
275,627,3.0,2.6526935047111264
790,771,4.0,2.4740299241184736
669,172,3.0,4.012828067282204
929,318,4.0,4.512625619263533
870,272,4.0,3.8620514598145457
201,402,2.0,2.6520488557505573
391,134,4.0,4.526482692328522
478,182,5.0,3.8294236502647614
650,432,4.0,3.4170886404793333
54,240,4.0,3.0304772089430023
221,566,3.0,3.379056402619822
900,618,4.0,2.6992286999433697
887,1079,1.0,2.6626672691748627
86,327,4.0,3.7627800258791364
49,347,3.0,2.482296213865805
378,213,5.0,4.151736413233044
629,732,5.0,4.170674202987213
886,128,4.0,3.314445385116714
561,239,3.0,2.6061929274889044
335,355,3.0,2.961731582177078
660,347,3.0,2.5828567312409842
446,880,2.0,2.549060320911566
840,1451,5.0,3.580328580193603
867,68,4.0,3.7589091036450855
83,56,1.0,3.9044835726604568
575,322,3.0,2.4008658259145585
270,93,5.0,4.155826710245203
328,117,4.0,3.6564136968140697
113,424,1.0,2.493501985473571
675,750,4.0,3.688982798705164
283,56,5.0,4.729474874851054
790,451,3.0,3.2562696021322175
749,50,5.0,4.669203796777491
158,221,2.0,4.201670734613259
141,597,4.0,3.2596413319177193
221,150,5.0,3.9599162214354044
151,83,5.0,4.165774106570765
665,125,4.0,3.3065060891396367
74,285,3.0,4.214017298416892
619,403,5.0,3.384472293654454
95,89,3.0,3.888281337353964
356,258,5.0,4.029745383673081
392,316,5.0,4.630825496496947
850,705,5.0,4.230195359443325
660,89,3.0,3.3041436453671054
934,414,5.0,3.4907805261137197
864,186,4.0,4.392690571527496
320,82,3.0,4.304650381478579
5,435,4.0,3.3101902092056474
303,97,5.0,3.7657222221556514
308,216,3.0,3.776800544412382
188,151,3.0,3.9068841646574155
94,824,4.0,3.0447203663870552
435,200,5.0,3.413905832782007
796,559,3.0,3.1844431139884164
383,14,5.0,4.054107329692796
527,513,4.0,4.374494588986941
847,173,5.0,3.7261786871668603
621,746,4.0,3.903123905510622
758,968,5.0,3.9825639239578745
286,1118,1.0,3.8188773212434497
13,857,3.0,3.127174401624713
781,1500,5.0,3.3927218709530513
780,497,2.0,4.126414723884612
435,572,2.0,3.178286376939797
83,739,5.0,3.9448806447174642
926,321,3.0,2.7200278781963667
579,676,3.0,3.1754819169328767
694,133,5.0,4.192870134241792
642,1146,1.0,3.3704956861965356
478,866,1.0,2.9742890483401077
296,187,5.0,4.97260659276364
933,234,3.0,3.1411062527649025
715,81,4.0,3.689941736951111
922,181,5.0,4.387933686313519
658,518,4.0,3.527345688928006
504,973,4.0,3.6129159134069035
90,1206,2.0,3.230750969058225
181,147,1.0,2.185602759713642
98,435,5.0,3.7215057415905473
755,269,5.0,4.003308061485183
751,50,5.0,4.153125757612262
842,344,1.0,4.1991841273069035
608,4,3.0,3.764541938648126
436,95,4.0,4.298089625007194
495,186,5.0,5.0
716,507,5.0,4.337321223683966
864,693,4.0,4.05081521280531
264,345,4.0,3.7183535845254845
188,300,4.0,3.667222001842913
660,474,2.0,3.4870434504447747
276,794,2.0,3.872474479278266
207,423,4.0,3.3565912496024315
648,216,4.0,3.6496272791653968
158,79,4.0,4.175673074858915
85,520,3.0,4.001654076244395
145,316,5.0,4.149214280806725
654,117,4.0,4.068319504249637
854,100,5.0,4.259393470211498
2,304,4.0,3.3934156660012915
466,510,2.0,3.4702719402412345
770,255,4.0,3.7536813243824447
291,85,2.0,3.3569261799869983
525,123,3.0,3.0784669163306453
669,187,5.0,3.7623173354313093
470,919,3.0,3.5517752815443133
151,516,5.0,3.910230878082424
234,316,4.0,3.689193782397153
399,735,3.0,3.410242873574185
286,655,3.0,4.615619843816921
590,298,2.0,3.8211173322085625
537,185,4.0,3.6960686746088163
889,24,4.0,3.2402922106036836
186,770,2.0,3.571572550342814
773,769,1.0,2.323503504908467
868,232,1.0,2.6700784897849377
343,118,2.0,2.746782571794051
373,506,4.0,3.5767952480603844
810,294,5.0,4.191265527996665
932,180,4.0,4.561168077687199
698,482,2.0,2.8381595510233315
891,409,4.0,3.8985029446543624
334,425,4.0,3.807163352031402
263,210,3.0,4.46354000863547
646,310,3.0,3.4292047570129256
770,258,5.0,4.938261371701983
85,161,4.0,3.180523291239043
684,553,4.0,3.235189193202468
622,434,4.0,4.009799066649667
320,97,5.0,4.314584878169942
493,171,5.0,3.7949967344395326
200,1060,3.0,3.7796791445795335
246,235,3.0,3.2861206692505367
772,302,5.0,4.463278564627666
564,289,4.0,3.104511417830143
189,517,4.0,4.198377072719979
332,409,3.0,3.734324560959543
551,527,5.0,4.747271361895941
552,280,3.0,2.8642153295460973
626,272,5.0,3.5145568852503453
497,42,4.0,3.5047411142532496
897,484,3.0,4.759661309643729
786,195,4.0,3.964325179446347
610,699,2.0,3.524973400941223
450,837,4.0,4.329148803821761
44,174,5.0,4.282859326068468
627,732,3.0,3.55632183607001
501,696,4.0,3.6213550762703344
552,117,3.0,3.1941988901974483
498,83,3.0,3.2619084418563937
862,151,5.0,4.142395829371234
575,50,2.0,3.901172555268126
757,11,4.0,3.666826183829452
184,57,5.0,4.065254916485081
817,24,4.0,3.3259650043974176
298,546,3.0,3.3258272741863575
661,280,3.0,3.4068024505773327
244,458,3.0,3.474361520961349
506,215,5.0,4.064617240109666
64,419,2.0,3.6927882791798674
868,209,4.0,3.807104742833451
276,1407,1.0,2.9614919835845632
711,283,4.0,4.504245929835334
750,688,1.0,1.9870003428622955
606,176,5.0,4.387690925336282
627,423,3.0,3.2905576098735096
292,124,4.0,4.260145391788481
95,728,3.0,2.974662671256981
394,222,4.0,4.217300071310861
232,64,4.0,4.5120991997587545
922,222,4.0,3.4407520103807423
814,559,3.0,3.051067113187031
244,744,3.0,3.853993938764225
301,229,3.0,3.439952947443757
222,9,5.0,3.134836672146602
318,167,4.0,3.1742823409632104
868,506,4.0,3.56064101652301
734,282,4.0,3.4161468154065258
157,258,3.0,4.3474267611492134
119,562,4.0,3.457962503563425
335,260,3.0,2.812903167158349
167,1126,5.0,3.414544553161784
98,629,5.0,3.2450897602221835
815,9,4.0,4.201588118059314
509,258,4.0,3.1567124343670634
221,53,4.0,3.1716377117406926
321,709,4.0,3.8046859514343954
394,780,2.0,3.705776128259375
650,100,4.0,3.622001449408333
497,174,4.0,4.185257706955877
535,9,5.0,3.81025012312059
474,92,4.0,4.2685160015751835
293,436,3.0,3.473691628646197
458,126,4.0,3.7736868797912733
843,590,3.0,1.742193363369295
230,378,5.0,4.22374265645713
8,385,1.0,4.034306085798954
347,928,3.0,3.4754799856978202
429,441,3.0,2.4927394331224764
495,631,2.0,4.22687333204049
880,44,4.0,3.4321856599706098
399,383,2.0,2.2517470310015835
212,179,1.0,3.3652653386594378
500,83,4.0,3.7664743588682557
311,465,4.0,3.873193215900887
524,649,4.0,3.214571410355338
393,569,4.0,3.14409299537567
222,294,3.0,2.786108486814432
161,315,5.0,3.1918221270961293
904,274,5.0,3.709063092043392
269,654,4.0,4.44619183087268
459,275,4.0,3.918096881893182
590,126,5.0,3.8299432770987316
213,234,4.0,4.5630661809617195
58,222,4.0,3.6683329977463504
417,121,3.0,3.2833764440245927
655,367,3.0,2.9428089391198706
548,316,4.0,4.016932699011706
325,137,5.0,3.3940657329635546
405,1359,1.0,1.661654572619169
22,118,4.0,3.3762742980268237
254,768,3.0,2.565815675052583
650,809,3.0,2.705243092131379
716,740,4.0,3.533467627505454
238,181,3.0,4.18849082737848
894,300,4.0,3.4015496982704194
672,15,3.0,3.32492155816952
301,1012,4.0,3.677567346353876
478,64,5.0,3.847824443598071
56,523,4.0,3.9752017122855956
665,238,4.0,4.149694766551382
693,192,2.0,3.9358627029072295
429,183,4.0,4.288063729092469
500,1385,4.0,3.1289072959690762
417,674,2.0,2.794661353771756
943,139,1.0,2.979178179014382
339,183,4.0,4.263362131824834
526,270,3.0,3.4454765388607203
610,751,4.0,3.312031001759532
454,1190,3.0,2.585657848690461
137,250,5.0,4.215192528077176
145,636,4.0,3.327906654113149
334,300,3.0,3.066867979384816
271,504,3.0,3.9768204920549683
10,357,5.0,4.848315143979904
2,313,5.0,4.353979150761779
416,727,5.0,3.3176170719301004
697,118,3.0,3.9387581059363614
216,790,3.0,3.0736062537841997
250,676,5.0,3.8382166035364382
535,953,5.0,3.4567800791121117
776,675,3.0,3.625715319882603
862,238,4.0,4.551229299681005
803,339,3.0,3.0867793960074605
90,185,5.0,4.526569167697631
782,344,3.0,3.256791923466628
754,293,4.0,3.5981714727211425
682,1303,2.0,2.6000756513179186
407,186,4.0,3.6872585660876585
567,223,4.0,4.32956505003487
795,4,4.0,3.1299110591643102
401,663,1.0,2.9393504493891487
870,569,2.0,2.2971645329593056
868,427,4.0,3.8805387343459685
118,421,4.0,4.586327207268701
189,137,4.0,3.9896811921990474
639,662,2.0,2.7564810728169715
844,97,3.0,3.559765968653263
232,270,3.0,3.4919436772721033
51,479,3.0,3.8716050424020687
342,289,2.0,2.869625531715081
643,423,4.0,3.5937657180111824
299,1258,2.0,2.70461279486591
655,24,3.0,2.712412430551004
655,19,2.0,3.2461761998571803
886,467,4.0,3.818187123207825
227,127,4.0,4.141181204459185
541,142,5.0,3.257547815073336
42,468,4.0,3.1236835655579416
661,215,3.0,3.754083593420466
22,89,5.0,4.216469145745413
391,300,2.0,3.4416518830719567
410,538,3.0,3.527136524962348
350,127,5.0,4.389023768393393
559,238,1.0,3.635588987009249
279,147,4.0,3.732447948238681
788,712,3.0,3.001444304132075
94,288,3.0,2.703383296245411
920,307,3.0,3.2563356389036784
562,435,4.0,3.6015158520736343
615,523,5.0,4.3326918211369145
326,48,3.0,4.0804208802765904
44,183,4.0,3.9362431453045157
416,66,5.0,4.0953166507075185
122,70,5.0,4.064139787734639
707,449,2.0,2.766072602897378
717,111,4.0,3.9267558848929798
523,72,4.0,3.841990367440748
548,283,3.0,4.144920878610478
216,1161,4.0,3.113014213257754
11,745,5.0,3.704155056139655
897,161,5.0,3.9352222107323707
846,215,5.0,3.8272414992712367
454,55,2.0,2.9056386524093165
249,68,5.0,3.9096204271082358
436,715,4.0,3.3394118777979562
909,326,4.0,3.6381642658464655
456,42,4.0,3.8397725511234704
425,529,4.0,3.416383041979556
363,435,3.0,3.189890632713315
508,82,3.0,3.5065409880739096
764,696,3.0,3.1195870235967518
567,83,4.0,4.126797196561812
279,105,4.0,2.1441877209775777
182,111,4.0,3.477990650847275
311,523,5.0,4.062791273999896
128,380,4.0,3.450714278973736
643,794,3.0,3.650863625291855
645,258,3.0,3.566004261376597
503,582,5.0,4.0278145188950685
307,215,4.0,3.8585872180385956
506,218,3.0,3.851068456243628
768,151,2.0,3.184227360632773
12,684,5.0,4.138377741482766
864,800,1.0,3.473612317872153
621,1016,4.0,3.7731767833359893
838,50,5.0,4.439418919280945
796,274,5.0,3.7623249300898136
329,198,4.0,3.680899077622367
343,528,3.0,4.530003678962345
279,1266,1.0,3.05160716492402
741,131,4.0,3.816856651135657
280,40,5.0,3.3198407461098585
757,97,4.0,3.5186098137977653
848,153,5.0,4.346179039423064
373,510,3.0,4.248739480258948
704,180,4.0,3.967530420647338
664,96,3.0,3.678466130119685
243,137,3.0,3.7203499868574132
60,606,4.0,4.565952630434171
528,210,5.0,3.8870871223514345
840,172,3.0,3.8995378578564943
666,98,4.0,4.307758544162712
38,161,5.0,4.362470209942186
94,125,1.0,3.1790857290374763
639,673,4.0,2.682061161179971
825,1087,3.0,2.8026270067435894
828,322,3.0,2.3216532884934384
885,756,2.0,2.712362110003494
653,732,2.0,2.9933414490335966
437,287,2.0,3.719061912406524
295,98,5.0,4.944994346994466
474,528,5.0,4.219872701159793
211,526,4.0,3.5714124907723392
717,866,1.0,3.4076513705779616
940,153,2.0,3.388361090113945
568,631,5.0,2.941546214310519
507,298,5.0,4.651689720799742
34,310,4.0,4.046385849567376
334,69,1.0,3.4683422827288184
707,582,5.0,3.915969848052203
463,985,1.0,2.843786394094411
59,699,4.0,4.006921284346882
752,690,4.0,2.616999240372037
902,300,4.0,3.387281799947781
694,138,3.0,3.16642847265131
552,628,3.0,3.28270490995478
92,134,4.0,4.204072704092629
406,665,3.0,3.2928728001401715
676,315,4.0,3.8202178635831343
195,384,2.0,2.9041310666911055
736,533,3.0,3.1915425684711978
654,742,4.0,3.508886316324786
551,281,5.0,3.004288131605127
350,340,4.0,3.7229858177084707
125,513,4.0,4.152712116564549
930,1010,2.0,2.776395700088964
387,268,3.0,3.8776353598231084
244,676,4.0,3.3632764457281366
610,7,2.0,3.6159198171952442
503,121,3.0,3.6399042342802366
458,514,5.0,4.524776635058278
7,626,5.0,3.5622223469157914
943,234,3.0,3.919658205975142
18,189,5.0,4.417623170711121
164,281,4.0,3.8010262133886084
269,167,1.0,2.7899888641310397
466,172,4.0,4.252017916534186
716,1020,5.0,4.063533775201014
870,378,3.0,3.6500028324427065
805,603,4.0,4.044571891341592
697,50,5.0,5.0
267,64,5.0,4.945347303356005
422,379,2.0,3.372595697257597
635,307,4.0,3.2546260612667375
151,492,3.0,4.2314044553641414
674,313,5.0,4.366781044941381
711,425,4.0,4.440420491336242
684,716,2.0,3.171810845040311
268,525,4.0,3.74610992684365
59,181,5.0,4.6113523728319885
57,588,4.0,4.083943091303551
264,671,4.0,4.192595455461917
201,26,4.0,3.2585093821052045
588,451,5.0,3.599835534177055
863,328,5.0,3.2217667886847265
838,318,5.0,5.0
468,12,4.0,4.6747942813802
831,307,2.0,3.4980630699882793
24,100,5.0,4.832930131667664
913,11,4.0,3.4464914307908097
586,39,4.0,3.0596871171277598
870,333,3.0,3.039286008214205
398,208,5.0,3.9332607028416677
207,127,5.0,3.8232344361630024
26,831,2.0,2.082387642125138
621,87,5.0,4.501354585184437
770,919,5.0,4.540101281839915
235,96,4.0,4.060978405587508
666,264,3.0,2.54142890428164
924,605,3.0,3.53026829641863
90,505,5.0,4.527115037628615
634,273,3.0,3.2170512228307593
561,942,3.0,3.1184680048237894
487,231,1.0,2.7781948907896625
334,577,2.0,2.5696279345585635
624,295,3.0,3.6567626838143714
523,306,5.0,4.62936155052114
491,124,5.0,3.9297493884831938
493,475,3.0,3.715869032415051
387,446,2.0,2.7677036763695493
343,510,5.0,4.411968147248837
650,692,3.0,3.1319146769289077
318,722,4.0,2.8206544664455357
195,887,4.0,3.7025562009629347
327,778,3.0,3.1279668902192364
650,480,5.0,3.825652549959831
452,492,4.0,3.544699119223435
870,653,4.0,3.7356465003323476
315,732,3.0,3.8086854337818083
429,475,4.0,3.93594451234116
668,993,4.0,3.469569549467072
270,283,5.0,4.805888194260772
445,823,1.0,1.8229415980347945
87,871,4.0,3.108884642318698
487,300,5.0,4.272585325173042
393,280,4.0,3.3611914850403983
535,83,4.0,4.247647062900899
293,257,2.0,3.134813977592239
344,176,5.0,3.944348104198289
234,318,4.0,4.2089192663935195
181,975,2.0,1.190561517434604
42,496,5.0,4.58364405578777
553,615,5.0,4.182742101445036
178,294,2.0,3.719024405909841
884,213,4.0,3.9721441022682416
938,928,5.0,3.080855871043646
787,352,2.0,2.1611339503507403
378,44,3.0,3.5467540070599406
481,204,4.0,3.6304142746931576
398,197,5.0,4.161172559094868
537,1197,3.0,3.0961403095972133
359,546,3.0,3.6651155336459085
848,72,5.0,3.8261983631887975
913,741,4.0,3.1295138262570186
747,653,5.0,4.195449880803004
663,151,3.0,3.322767423633432
798,87,3.0,4.0822342758293715
628,938,5.0,3.6560639566390973
269,616,4.0,3.299802766366417
936,106,3.0,3.379676646114291
627,144,2.0,3.51530791361213
901,756,4.0,3.5242073534509455
295,290,4.0,3.8239503837939792
207,845,3.0,3.255039133162859
290,385,4.0,3.505310822596939
436,642,4.0,3.9125402555172495
459,181,4.0,4.211002061066646
399,24,4.0,3.1930106613225813
645,512,5.0,4.415428204917973
346,273,4.0,3.0845931896123133
489,302,5.0,4.433262129705546
194,62,2.0,2.3669957159706185
653,125,2.0,3.5253981351731474
716,154,5.0,4.2810483692734955
499,7,4.0,3.781646349054547
409,115,2.0,3.364796401381782
862,250,5.0,4.108452063203222
181,278,2.0,1.408443950147745
135,183,4.0,3.741773767540101
653,1014,2.0,2.2651804849052932
908,318,5.0,4.153359644659431
151,770,4.0,3.773622345059985
74,300,3.0,3.4711937912193793
664,160,3.0,3.261270738261278
704,269,4.0,3.915552391637423
497,679,3.0,2.9983121287797667
115,172,4.0,4.328240938820789
504,834,2.0,2.640435366931076
15,742,2.0,3.2850050031495766
411,73,4.0,3.459695482099634
911,465,5.0,3.7861012667526337
268,566,3.0,3.284835127571605
130,433,3.0,4.542186008882169
504,295,4.0,3.719373814779598
868,621,2.0,2.490370259039111
390,740,4.0,3.6308526072417444
468,772,4.0,3.386938805631061
296,285,5.0,4.796587508282561
804,651,4.0,4.220824904339001
537,133,4.0,2.7957831706822684
774,228,4.0,3.1335796346014373
130,419,5.0,4.6533386211266485
650,530,4.0,3.6162457201718765
238,258,3.0,3.5074034364537954
733,245,3.0,2.7516668773163278
331,302,5.0,3.976828115087161
639,28,4.0,3.1249443106671793
767,648,4.0,4.518231498577782
864,805,4.0,4.351646481145432
141,1013,1.0,2.3169537742458473
194,182,3.0,3.468353598408629
393,77,3.0,3.6901947828359694
660,17,1.0,2.383978483737943
771,181,4.0,3.7009968139546574
311,180,4.0,3.4277696363353334
287,815,3.0,4.0899506150026985
887,289,5.0,2.951436551427186
303,284,4.0,3.2038818309531067
840,607,4.0,4.312418730951096
798,265,5.0,3.9560041666030545
8,96,3.0,4.426501521843024
6,301,2.0,3.1475088831053513
138,133,4.0,4.233112699082232
875,22,3.0,4.458998269903842
466,882,5.0,3.2553545142656737
250,174,3.0,4.4952364380334515
72,480,5.0,4.462869091197209
399,475,5.0,3.2657192182473995
719,69,5.0,3.292317451081596
59,473,3.0,3.804924835286146
59,647,5.0,4.677752464729883
721,680,3.0,2.6204967996643984
763,61,5.0,4.222485746338207
766,1050,3.0,3.201723566944917
85,195,3.0,3.6120627819015585
49,147,1.0,2.4890925495524865
28,227,4.0,3.1936156893835843
336,692,3.0,3.3420321041707597
774,186,3.0,2.7581244216731275
450,305,4.0,3.9520220323196154
844,168,4.0,3.9499637670292107
293,168,4.0,4.082730478449804
243,1115,3.0,3.3205754232099474
488,176,4.0,3.4948288416488635
222,627,3.0,2.922379625452439
174,147,4.0,3.4837906744285174
807,399,4.0,3.638678601413235
11,526,3.0,3.8930132871591887
943,625,3.0,3.285857952182292
655,1007,3.0,3.239207084009857
159,595,5.0,3.3519477682307564
933,710,2.0,3.004904028801143
385,745,4.0,3.4811578194891264
453,90,3.0,3.128773701324071
561,284,1.0,2.2830663957428614
693,77,2.0,2.9787042288244012
605,14,5.0,4.098516503799615
268,450,1.0,2.261320737633108
429,591,3.0,3.341229667933131
593,157,3.0,3.314273787334142
59,705,4.0,4.034253738870451
327,302,3.0,3.9628000429753154
932,482,5.0,4.371177305823861
239,114,3.0,4.667104267481523
483,9,2.0,3.4180086109784718
497,268,4.0,3.434921993705625
818,751,5.0,3.0646035752817182
738,136,4.0,3.973303391276138
66,281,4.0,3.1343376167438546
768,257,4.0,3.4378739465758503
117,268,5.0,4.168929338119782
290,546,2.0,3.321263047513143
374,24,3.0,2.757562430381267
85,629,3.0,3.1904207560040363
804,288,1.0,3.6636493778548056
102,202,4.0,3.150944659819781
405,1556,1.0,2.1663123572727794
438,284,2.0,3.441477048947032
343,134,5.0,5.0
416,1428,3.0,3.606572200608584
409,210,4.0,3.9896670111563055
450,423,5.0,3.9488818413443423
470,319,3.0,3.315541113579355
10,371,4.0,3.5964636408796165
604,637,4.0,3.0032108051218445
707,478,4.0,3.8938245183231497
543,183,4.0,3.7044925765181733
280,1048,4.0,3.594852438516802
334,1051,4.0,3.2299063075166923
328,570,3.0,2.902321879134936
94,100,5.0,5.0
200,202,5.0,4.539284917646089
44,1058,4.0,2.95007192277169
119,492,5.0,4.132142679990594
271,13,4.0,3.1779851939281123
452,234,3.0,3.532716789910474
869,412,5.0,1.692181539808045
318,610,5.0,3.9052737899158148
109,159,4.0,3.415505019710265
34,299,5.0,3.564284259443972
473,9,5.0,4.287441406426113
711,58,4.0,4.146897524786187
747,625,3.0,3.5752443643383987
721,755,4.0,3.7870867129745207
790,91,3.0,3.7103570008699824
393,802,3.0,3.120154607299421
304,879,3.0,3.2154882047044038
393,356,3.0,3.5597634843168167
805,588,2.0,3.7194637562444792
392,1226,4.0,3.879597934356335
655,293,4.0,3.0801694404820874
852,100,4.0,4.179680230258112
184,399,3.0,3.219636499775935
184,182,4.0,3.8548302938268635
935,118,4.0,3.9602270676386087
637,744,4.0,2.8157321476943773
586,756,1.0,3.0912791123765766
896,511,5.0,4.0385290655197705
885,949,4.0,3.096043363554586
275,419,3.0,3.135807074299195
650,969,3.0,3.298627213896521
154,496,3.0,4.3300230221446
69,235,3.0,3.0826289215045497
1,112,1.0,2.9514433542237883
194,762,3.0,2.982147440031849
789,1007,4.0,3.8742459094569375
635,358,1.0,2.524648481880101
884,285,4.0,4.079994762820474
774,54,1.0,1.6574559579715806
177,322,2.0,2.6887525946118522
469,641,4.0,4.661572201977629
474,173,5.0,4.733641982666076
10,712,4.0,3.5102625604120443
276,388,2.0,2.4577210672021796
757,260,3.0,2.7982099029690093
48,202,4.0,3.7351163072213938
587,304,4.0,3.4102042038813165
630,243,2.0,2.653862964456423
831,56,5.0,3.5534316162489312
507,250,5.0,4.69467151190001
479,325,1.0,2.8163461610888554
459,220,3.0,3.6733113205448973
886,144,4.0,4.166520261313705
216,56,5.0,4.952303887317457
451,1280,1.0,2.384807763547725
472,400,5.0,3.5439531783127145
561,48,4.0,3.4019666548789163
604,567,5.0,2.645686513648894
479,500,4.0,3.602758790163701
745,79,3.0,3.1009661817666867
847,164,3.0,3.1051364045133085
361,1074,3.0,2.589290203829296
299,347,4.0,3.114371559704856
347,282,5.0,3.9892630374956624
14,276,4.0,3.633703696044073
648,178,4.0,3.8232259823986303
122,469,5.0,4.366310220328239
422,200,5.0,4.001026332073923
371,186,5.0,4.2288406962445215
167,726,1.0,3.10080071259901
97,100,2.0,4.382823701028173
288,237,4.0,3.6213706057020674
121,118,2.0,2.4444129273749606
221,24,5.0,3.196820447460362
608,56,5.0,4.136932383641371
627,183,5.0,3.7737742109094805
542,70,4.0,3.453050739102914
14,81,5.0,3.9358238570887516
313,121,4.0,2.955965730662947
77,518,4.0,3.864635729940511
373,238,4.0,3.620082595032429
268,83,4.0,3.7319008036335988
334,50,5.0,4.293005145794777
56,233,1.0,3.6025657350574933
416,42,3.0,3.8859497417776483
167,831,3.0,2.5824638709082843
504,257,5.0,4.192133025947609
249,125,3.0,3.508145397192586
207,185,4.0,3.891392966811079
933,392,3.0,2.733045964183313
417,684,3.0,3.6141482430610554
441,25,3.0,3.3181541794493623
645,208,5.0,4.279362949868091
65,237,4.0,3.703104804634309
806,133,5.0,3.7904019259907646
790,131,2.0,3.673525823234044
286,107,1.0,3.561497829159714
805,212,3.0,3.735190041955334
416,278,3.0,3.5517140480379843
640,1073,5.0,4.6436452415192955
591,367,3.0,3.331424093709111
591,238,5.0,3.8797216395799787
73,1073,4.0,3.748866095283598
579,1047,3.0,2.637720832127302
265,294,4.0,3.247145267105632
842,313,4.0,4.434978818136697
448,750,5.0,4.004780772142998
308,98,3.0,4.390740058662097
56,447,4.0,3.8297500662497916
712,228,3.0,3.972716451173948
18,223,5.0,4.474480164909346
2,315,1.0,4.597131870557735
495,1135,5.0,3.6183729356042007
434,15,3.0,4.270939525646103
563,692,5.0,3.9414377996238046
258,315,3.0,4.232467096826954
116,191,4.0,3.9810851512260124
655,127,5.0,3.4944998584188665
537,515,4.0,3.457481379731006
248,405,4.0,3.1293954161533177
13,234,5.0,2.8664689101963123
253,175,2.0,3.779362261899846
853,334,3.0,3.159531662131789
13,202,5.0,3.4393477529536276
152,313,4.0,5.0
320,147,4.0,3.6198462411464303
817,124,4.0,3.740522835770098
892,1444,3.0,3.0398319819427537
429,820,3.0,2.256551878378823
330,91,4.0,4.493652514416858
653,429,3.0,3.08496165810513
58,240,4.0,3.027271008032958
21,406,1.0,2.229181614765025
882,33,2.0,3.966412947674887
909,286,4.0,4.32825354547211
496,22,4.0,3.4869025141246137
201,1229,3.0,2.055433575510222
59,367,4.0,3.624801597657986
214,151,5.0,3.3676938848983404
269,3,3.0,2.9493225416266107
342,135,3.0,3.8169583297829517
13,662,5.0,3.3471819804133967
234,724,4.0,2.996417018813999
474,509,5.0,4.0827674251484
577,684,4.0,4.133145023423126
618,485,3.0,3.572957349586999
80,58,4.0,3.357444175712955
42,729,3.0,3.7391297290567738
889,193,4.0,3.6980793186987073
167,364,3.0,2.742719743123895
178,222,4.0,4.004051966232413
261,117,4.0,4.459721989185496
477,36,4.0,3.77783468967663
379,398,1.0,2.994466946145118
796,623,3.0,3.016095749341959
318,132,4.0,3.8523922744697003
467,1017,2.0,3.5208480892019685
21,447,5.0,3.2440183939693936
279,1288,4.0,3.4579338546060927
650,449,3.0,2.471050065760751
840,179,5.0,4.379841577351854
315,185,4.0,4.371771752553909
506,749,4.0,3.098889818743466
671,1597,1.0,3.4409885759292815
244,220,2.0,3.545200216931703
249,161,3.0,3.604112135043002
308,649,4.0,3.709441047819795
831,742,3.0,3.3949383586301933
870,1073,5.0,3.7457443995040585
176,475,5.0,4.057474302820456
313,417,2.0,3.1112881202459532
417,1047,4.0,2.447505163341444
397,171,5.0,3.627647796246435
536,275,5.0,4.027633388523888
303,230,3.0,3.3484755690828134
587,264,4.0,2.322041539977943
622,1039,5.0,4.005474084191373
293,429,4.0,3.419649901939149
343,1067,3.0,4.201168934712199
671,226,3.0,3.3842011674926393
828,753,4.0,3.0921784758842747
350,50,5.0,4.475600796051658
393,826,3.0,2.848090636816572
805,338,1.0,2.569244515477226
151,176,2.0,4.134347648207497
303,778,4.0,3.602461743106552
407,525,4.0,3.830968457634942
846,401,5.0,2.8352038800399786
423,329,3.0,3.369278604726101
56,237,5.0,3.971976468818432
128,131,5.0,3.5849046199812564
190,333,4.0,3.539300449900308
398,134,3.0,3.911561326044631
929,284,2.0,3.167085469723273
373,181,5.0,4.623798185241228
487,559,3.0,3.585101460405486
807,597,4.0,3.7335976748960866
823,418,4.0,3.568250327193416
90,69,1.0,4.2036776214635525
286,781,4.0,3.515255681963109
346,302,3.0,3.7536091966689087
307,431,4.0,3.5477796634065717
345,1281,4.0,3.343966689863098
248,475,5.0,3.924534796436168
503,303,5.0,3.953833303953362
933,210,3.0,3.059404530981433
883,8,4.0,4.302563721759045
94,673,3.0,3.908247584295968
883,770,4.0,3.6542829779769055
380,956,4.0,3.0347063908113374
798,1446,4.0,2.946858284601209
110,791,2.0,2.984559108987407
833,234,3.0,2.8824153789656344
934,313,3.0,4.51237540678647
1,222,4.0,3.124853780099318
99,300,4.0,3.742448585107371
331,221,4.0,3.7191452461577748
57,1093,3.0,3.4403471974537623
287,39,5.0,3.5758674125907084
896,719,1.0,2.403012251030621
378,674,3.0,2.8293341528661484
763,845,4.0,3.3702628247545405
201,212,4.0,2.5248098047718837
393,272,4.0,4.310140705982054
886,234,3.0,3.7429792675472533
899,111,4.0,3.1360405036831067
352,653,3.0,3.8372417285787845
790,585,2.0,2.586913228163167
515,347,3.0,3.1677512926671545
480,319,3.0,3.229809576218584
532,226,4.0,4.121916322524478
299,487,5.0,3.807343499413946
121,742,5.0,2.8826096698739616
504,755,4.0,3.669593108867569
374,466,5.0,3.160689334214035
314,819,4.0,3.1386291831439554
855,171,3.0,3.400699091487558
379,9,4.0,4.162341679285485
291,655,4.0,4.447195486748327
847,11,3.0,3.3979518805987974
201,636,2.0,2.9512237210003365
224,54,3.0,2.9676924887216902
749,944,4.0,3.1471868440459874
363,29,1.0,2.2000683863312753
816,259,2.0,3.4628062569831872
747,14,3.0,4.430206531490942
119,194,5.0,4.598112299573434
234,662,3.0,2.5117067610150814
694,131,5.0,4.087398289820726
699,929,3.0,2.561012468586886
16,227,5.0,4.135126901109464
551,70,4.0,4.115878037811359
624,411,4.0,3.044392013327247
63,596,2.0,3.1111752283943295
403,477,4.0,3.0050462179367288
531,688,1.0,2.243734373095608
390,475,1.0,4.312713929234759
538,215,5.0,3.54430523045427
324,282,5.0,4.324935123052546
256,552,3.0,3.243125255523723
919,748,1.0,3.39820601975173
52,498,5.0,4.761645426755231
198,180,3.0,4.228039308008036
655,31,3.0,2.947632046081261
305,482,2.0,3.8604119902133074
123,185,4.0,4.012345671337352
297,100,5.0,3.9698380117423784
87,111,4.0,3.9135659874275497
471,627,1.0,3.198161758432751
903,410,4.0,3.8722158246508176
79,370,2.0,3.1511478807923563
345,387,4.0,3.651555419247609
796,728,3.0,3.3248412823472324
429,732,4.0,3.359003287862115
805,89,4.0,3.9272821637891213
826,771,3.0,3.096203759710644
764,595,4.0,3.049089504116911
934,174,5.0,4.175343810337036
716,499,4.0,4.250517539271672
264,240,4.0,3.1904260434990777
132,50,3.0,4.362944890936156
851,831,5.0,2.786573870412294
883,96,4.0,3.569638143320612
880,554,3.0,3.332880728861936
846,212,5.0,3.1128849398451606
189,105,2.0,2.6134797808454944
534,687,5.0,2.9614010346277952
835,654,5.0,4.371425740184431
188,470,5.0,3.452418191031787
502,258,2.0,4.115595863618693
417,157,4.0,3.68653348264274
721,197,4.0,3.6329889146906273
90,258,3.0,3.8567592653381864
125,198,3.0,3.7529540999443625
840,495,3.0,3.8225197231435817
428,332,4.0,3.774964453343085
488,56,4.0,3.0871761023234074
200,652,2.0,4.5411023093834855
401,117,3.0,3.2421319844047796
304,322,4.0,2.9723317732723182
269,504,4.0,4.031520790303659
919,1173,3.0,3.1185628369794864
406,664,2.0,3.4629060177686237
919,21,2.0,2.7135608517807377
896,121,3.0,3.6841403454312855
145,394,1.0,3.576761919903127
308,663,5.0,3.9560892993792707
394,156,4.0,4.218537095954728
178,295,3.0,3.542139037065119
382,756,3.0,2.4664949832962395
805,569,1.0,2.4174431829297194
640,315,5.0,4.870773794632369
693,79,4.0,3.4749489091240156
405,1470,2.0,1.7588680742898946
220,300,5.0,3.782619464642541
554,202,4.0,3.798311542152676
683,271,3.0,2.591931070639716
684,386,3.0,2.958120902582209
435,90,4.0,3.0367514704414518
481,88,4.0,3.8045969145714373
23,224,5.0,3.754919440938287
159,1013,4.0,2.503706431141431
503,166,5.0,4.275653720804908
112,327,1.0,3.671382855450092
862,70,4.0,4.279954990733819
13,233,4.0,2.783748004105829
882,243,4.0,2.6080077657395444
308,203,5.0,3.722373017073649
70,431,3.0,3.1610809046861235
804,447,3.0,3.442182545368997
760,202,3.0,3.355284419554083
230,10,3.0,4.073229116341238
411,566,4.0,3.421029296523683
486,1405,5.0,3.2222501557885
839,458,5.0,2.9159461228155132
587,268,4.0,3.304668490758582
838,283,5.0,4.158514120486771
758,705,5.0,3.9410225285526423
829,1120,2.0,3.054002087480342
217,176,4.0,2.9264541045684145
716,102,2.0,3.5841699265486042
868,327,4.0,2.7816967458594357
264,23,5.0,4.59799581487303
417,727,5.0,3.2794744164643417
618,1,4.0,3.9280049279671942
497,722,3.0,2.500544344906876
193,259,2.0,2.918211071755979
184,742,3.0,3.375252695864988
56,597,3.0,3.31655629300936
655,66,2.0,2.746990720634823
868,189,5.0,3.660071830183027
130,82,5.0,4.446404436694973
429,431,5.0,3.4041286215118176
345,235,3.0,3.1703582987009833
561,72,2.0,2.613074842272466
280,225,4.0,3.4575605447150344
1,93,5.0,3.8993825930158406
69,321,4.0,3.6292976483042656
49,433,5.0,3.2653891429557858
740,340,4.0,3.2877539814961914
450,417,4.0,3.8082252615328143
193,195,1.0,3.780138901499513
397,322,1.0,2.9381310837461667
699,870,3.0,3.2054229875736606
757,195,4.0,3.859274025559855
246,672,4.0,2.0645176371180147
230,568,3.0,4.145898691204684
883,168,5.0,4.0873447096603694
616,349,4.0,3.266494397987871
85,433,3.0,3.779998629036121
634,819,2.0,2.728344832698225
738,403,3.0,3.433836941409735
676,144,4.0,4.032541828814756
893,258,3.0,3.7664744832575106
212,631,5.0,3.411621815317061
308,265,3.0,3.5736123962244424
922,596,4.0,3.198538480698071
56,451,3.0,3.420307297665847
447,474,3.0,4.339834464688255
429,167,3.0,2.692392893783774
686,26,5.0,4.014370986819095
435,53,3.0,3.2947524967071393
747,580,5.0,3.7512675723518765
222,51,3.0,3.3010998588096196
44,946,3.0,3.0032519201965835
794,150,4.0,4.325533121919295
405,860,1.0,2.022153707206093
881,432,3.0,2.9090924124671322
753,272,4.0,4.10461526622188
20,931,1.0,1.8333010691775722
880,295,5.0,3.65682958887287
932,529,4.0,4.323097438966796
164,237,2.0,4.348365621718479
58,483,5.0,4.44688997628216
377,154,5.0,3.850426296079867
29,270,4.0,3.5292049699103867
643,451,2.0,3.4558376823273904
389,722,2.0,2.820088842477152
321,205,5.0,3.977744557122614
286,168,4.0,4.3839835214402045
63,475,4.0,3.7897358558719727
263,323,1.0,3.124767903993046
394,96,5.0,4.592570849784135
268,823,2.0,2.5774771332435042
234,646,3.0,3.4319013996156253
614,25,1.0,3.3340898839751074
83,1035,4.0,3.0266285828872155
388,266,5.0,3.3975763913056816
881,188,4.0,3.3581146716950623
804,141,3.0,3.6930438438660866
244,856,5.0,4.2429793292638935
546,294,1.0,3.8880871067684177
622,215,3.0,3.795070591742495
442,943,4.0,3.0983909223135995
13,915,5.0,3.5171088358218823
531,895,2.0,2.9731701492813505
241,288,5.0,3.0901124872724246
44,636,4.0,3.284972580180947
16,202,5.0,4.419769732609635
18,56,5.0,4.019108999060921
631,332,3.0,3.1787390566339613
776,234,5.0,3.486654213142275
727,5,3.0,3.0279626818236793
495,144,4.0,4.299139020584567
94,235,4.0,3.323060823066959
495,452,2.0,3.4646919707283415
940,692,4.0,3.1218007019782923
360,511,5.0,4.198136393768416
498,186,4.0,3.431925954281649
766,481,4.0,3.401717494491369
610,527,4.0,4.119327144740299
751,479,2.0,4.163677020477428
775,315,5.0,4.151577043513663
835,310,4.0,3.9478175909073028
708,538,2.0,3.592738968526845
640,732,4.0,4.434163202126129
332,696,3.0,4.043972335652092
334,537,4.0,3.8540922270110913
823,79,4.0,4.386656025297594
219,13,1.0,3.7156737064829914
405,1509,1.0,1.3542846630395609
674,827,4.0,2.7328520775666005
800,25,4.0,3.6139444297535217
328,614,4.0,3.843131005547865
839,117,5.0,3.2665099101566937
18,963,5.0,4.422829329445644
907,172,4.0,5.0
714,15,3.0,3.9664869362661817
495,357,5.0,4.606828418878558
452,102,2.0,3.5296086418147468
641,484,5.0,4.185794486703626
43,315,4.0,4.351622541055419
561,52,4.0,3.4825785575173107
37,79,4.0,3.9849205734464785
669,190,3.0,3.762364777327142
891,978,4.0,3.350487688320916
421,516,5.0,3.5926886012596086
393,751,2.0,3.2696418419600763
738,164,5.0,3.533790339893374
933,866,2.0,2.665483525240183
268,70,3.0,3.1891573524919723
92,88,3.0,3.4371250142906646
433,303,4.0,3.6142556503278773
908,133,5.0,3.799797627931766
407,182,4.0,4.0094806145296085
128,276,4.0,3.476411745086343
854,1013,1.0,1.8888106164151484
414,272,5.0,4.698177335459836
303,300,1.0,2.6608969369741304
883,83,3.0,4.191695637275258
424,427,4.0,4.114492407224931
618,497,2.0,3.607367902041773
344,12,5.0,4.496905542445
527,275,3.0,3.574032785973004
155,988,2.0,1.9569713417798573
115,357,5.0,4.58833969506972
848,195,3.0,4.53269838281033
66,471,5.0,3.7032690885574975
870,1014,2.0,2.635162293270554
379,64,5.0,4.575807740614736
805,1,4.0,3.3671575248691155
488,245,3.0,3.066310297094053
94,581,4.0,3.642136582557786
283,588,4.0,4.580265986051366
38,1033,5.0,3.223007899819387
406,154,5.0,3.7929757375406865
665,147,4.0,3.013567058457983
849,588,5.0,4.75561320785193
21,741,3.0,3.050712464414828
883,98,3.0,4.574144672457923
214,154,3.0,3.96379331747028
405,842,5.0,2.1311413304375075
246,735,4.0,3.307413287480764
661,255,3.0,3.1291139749352035
68,275,5.0,3.4934922978435723
1,126,2.0,3.787468633223668
393,56,2.0,3.347090586046143
230,419,4.0,3.9230219191218527
379,701,4.0,4.112326861274782
556,302,4.0,4.628627841021728
730,258,5.0,3.5516577367190902
655,1194,5.0,3.6848782672533624
235,701,4.0,3.8118898837940054
130,930,3.0,3.3787899654478983
429,233,3.0,3.1334799150110864
280,58,4.0,3.5972662480464765
327,298,3.0,3.7553062944952136
851,261,3.0,2.82455096422213
10,168,4.0,4.3950656841536615
12,97,5.0,3.9304918212307514
828,961,2.0,3.012550768266315
786,28,5.0,4.20879975638155
722,458,4.0,3.21394591221175
534,1047,4.0,3.7990744320354084
13,589,3.0,3.922315692642147
343,64,5.0,4.786563247155953
916,164,4.0,3.478657996895428
406,661,5.0,4.119520743011196
484,554,4.0,3.5021003684307646
276,354,4.0,3.7389744958557074
435,39,3.0,2.924910520255992
3,271,3.0,2.437379962468652
126,340,5.0,3.293617586285397
916,566,3.0,3.078899059344223
406,528,4.0,3.9311982182042953
82,474,3.0,3.915312096006689
788,684,5.0,3.6966689918165963
561,660,3.0,3.0066220944724495
823,172,5.0,4.529002120843661
432,249,5.0,3.5917460306842672
769,222,4.0,3.4519219391421427
524,168,3.0,3.999985560671438
780,385,4.0,3.8659171456413377
554,22,4.0,4.248542162455923
630,871,2.0,2.8155271516973115
888,237,5.0,4.0139322968194575
20,22,5.0,3.688117224983584
870,7,4.0,3.2961058369504306
788,73,3.0,3.2825059618406294
299,297,3.0,3.680477723433397
593,210,2.0,4.258132450713021
455,455,3.0,3.0892987796883293
239,482,3.0,4.40122871235441
703,508,3.0,3.703313367294269
693,216,4.0,3.4819694989828576
49,90,1.0,2.443053250394297
932,489,4.0,4.19380250304208
532,1221,5.0,4.122664552844469
10,420,4.0,3.997847593929953
299,1056,4.0,3.0128741446054828
774,250,3.0,2.718076043143351
699,886,3.0,3.0057992496034176
216,181,3.0,4.147077395558388
537,216,3.0,3.2287326554790527
460,458,2.0,2.9556239154329
297,4,1.0,3.5782500709561518
485,319,3.0,2.815834972967558
42,121,4.0,4.171766922519273
887,993,5.0,4.30805645471612
708,845,5.0,3.749267447693885
271,276,3.0,4.311708592385579
802,264,4.0,2.9180405296253813
588,133,5.0,3.6662371777307294
96,183,4.0,4.082611353559347
445,276,3.0,2.0051227625109664
473,285,4.0,4.46700097677769
676,286,4.0,3.95687242822945
299,14,4.0,4.081429523488038
916,1109,3.0,2.968713626746492
238,458,4.0,3.236170005430985
279,191,3.0,4.103655871554816
896,1423,2.0,2.835752531777212
357,826,3.0,3.5149668002941814
890,215,4.0,3.8074384716510976
92,931,1.0,2.1763956661025343
83,748,2.0,3.6379491624782894
450,1192,5.0,3.904530751817466
494,194,4.0,4.406050529414262
890,501,4.0,3.5829315904446952
416,678,2.0,3.399141762874155
798,941,3.0,2.9279990361089414
119,174,4.0,4.260686251335786
561,243,1.0,1.2545341363700917
221,763,4.0,3.7636723811341337
417,508,3.0,3.538609193618001
823,762,4.0,3.8668137677460144
919,112,3.0,2.67290792245363
387,208,3.0,3.6780854610790072
305,471,4.0,2.4606006564675322
294,347,5.0,3.598140099608298
379,447,4.0,3.8314927466982773
389,955,4.0,3.720294279269432
524,215,2.0,3.0532782404715255
210,763,2.0,3.8027340622642916
310,257,5.0,3.8729149370118807
629,265,4.0,4.332828432698276
94,1188,3.0,2.950287039181843
181,1242,1.0,1.5779795329424031
650,479,5.0,3.681399581448412
639,962,1.0,2.6060055250372294
921,1028,4.0,2.9986670461865144
806,188,3.0,3.6540388750018327
894,83,4.0,4.174092814243188
276,797,3.0,3.1127390627528695
868,480,4.0,3.9427408654281857
682,274,4.0,2.9928535862502414
682,697,4.0,2.95824529171479
115,117,4.0,3.2142544696148088
409,514,5.0,3.7369015993420107
882,290,4.0,3.830320871002468
721,329,3.0,3.3838753854423245
752,286,1.0,2.537723847127671
222,391,3.0,2.3965614116038276
747,8,5.0,3.8870980606016157
387,678,3.0,2.0983783917897365
348,628,4.0,4.18482007368307
528,193,4.0,3.626276840284277
42,66,4.0,3.960562924940543
23,694,4.0,4.027181089145359
748,222,4.0,3.3123667773710386
833,1149,4.0,3.6676822324213347
296,10,2.0,4.135067047937229
806,518,3.0,3.8065079765109653
331,190,3.0,3.8675560849188284
339,32,5.0,3.9741093706894257
406,206,1.0,3.514898858095473
363,561,2.0,2.7313432435469966
201,1169,4.0,3.539445745959154
409,504,2.0,3.8115410604831523
821,1,5.0,4.457600078220417
13,906,3.0,2.7647228561101547
176,257,1.0,3.823737360528761
181,1379,1.0,1.549025248715265
406,173,2.0,3.8774353045184617
276,268,4.0,4.228766278585941
407,135,3.0,4.149718786455459
892,90,2.0,3.6296407612260735
429,1285,3.0,3.1606301050338748
44,24,3.0,3.3531734776820907
151,191,3.0,4.541378884222016
405,775,1.0,1.5242437944374239
16,22,5.0,4.989459812047237
588,144,3.0,4.254877167259203
495,448,5.0,3.850470479893403
416,187,5.0,4.121878385682042
256,1228,1.0,3.3766553634082586
455,286,5.0,2.9498248580714064
77,250,3.0,3.289463042545673
696,1062,4.0,4.281476949641815
439,240,3.0,2.8488436493265223
630,191,3.0,3.764915453830001
87,396,1.0,3.222482308913966
268,381,3.0,3.2950381574936256
907,317,5.0,4.6097500397161575
42,742,4.0,3.9583863979635288
756,66,4.0,3.107190817455457
155,286,4.0,3.8282154366144043
464,127,5.0,4.600308590715888
934,705,4.0,4.015357254145882
432,298,3.0,4.2588395705139295
735,1,4.0,3.461226144441264
535,192,4.0,3.8562033449499418
802,323,5.0,3.341926053346664
460,13,3.0,3.4847523201620625
480,96,4.0,3.9587683807401906
294,235,3.0,3.0018919914045172
372,581,5.0,4.253943292750993
145,544,4.0,3.11620025774137
903,1073,3.0,4.193773746150069
139,458,4.0,3.1818865138428167
210,15,4.0,3.881092208796779
541,1442,1.0,3.566166001554303
49,320,5.0,2.5050523909108424
268,1046,3.0,2.8824534966381314
500,421,4.0,3.305497232182037
279,671,2.0,3.575835290539241
238,220,3.0,3.1813642927728694
331,238,4.0,3.713499619007206
504,386,3.0,3.2182242298423573
42,111,1.0,3.9051952617225134
21,774,2.0,2.840297635131035
342,866,1.0,2.6038044820985564
276,732,4.0,3.8692565328242225
537,307,3.0,2.4575264088022615
437,86,4.0,3.804856896632937
360,194,3.0,4.095174157565653
60,507,4.0,4.114501323064135
721,318,4.0,4.63448263900542
299,259,3.0,2.7841129452367053
312,505,5.0,4.324076823248072
931,121,2.0,3.506343348627556
900,288,2.0,2.391832288396709
551,721,5.0,3.7645298821302613
392,324,1.0,3.1784596969235994
327,178,4.0,4.102056424844206
297,69,3.0,3.7700642055280116
913,789,4.0,3.114389982921112
18,6,5.0,3.5648336118915736
666,162,4.0,3.683221784385089
481,238,4.0,4.059728661663135
99,111,1.0,3.9613609938993055
474,478,4.0,4.619470578398974
733,546,1.0,2.066191029768479
308,42,4.0,3.838968349035536
364,875,3.0,3.2936718995643166
512,258,3.0,3.973133202731782
519,259,1.0,3.4680372156565538
286,250,4.0,3.472734931804989
776,95,4.0,3.519819989401202
95,1219,1.0,2.9969150487066507
13,844,1.0,3.2134584993233655
537,19,4.0,3.4488763268145135
405,422,1.0,1.8945345530077276
627,174,3.0,3.7486125616138417
480,863,4.0,3.8886250331196677
672,225,2.0,2.940199783734426
600,89,5.0,4.405509430495823
486,15,3.0,2.8994040671055985
10,707,5.0,4.473605129018947
881,542,1.0,2.7857342711888413
215,523,4.0,4.116343819278365
198,215,4.0,3.078634729136093
222,40,1.0,2.664287637659993
912,523,4.0,3.8301835177968546
215,432,5.0,3.9911346346526697
751,117,4.0,3.5895903059714196
823,708,4.0,3.96686329343737
389,154,3.0,4.0119599610271255
469,511,5.0,4.6666846403113125
334,208,5.0,4.169109876952306
197,1228,4.0,2.606006511978168
588,1180,2.0,3.581929502808011
796,284,3.0,3.6021342324353003
366,201,5.0,4.162242363201071
897,117,3.0,4.0954978692186605
498,10,5.0,3.540416283809873
796,1057,2.0,2.4860115015458857
49,300,1.0,1.9091048580461032
551,159,4.0,3.5994573986186538
622,204,3.0,3.7493809006137933
585,1475,3.0,3.5512399112695694
104,412,3.0,1.7189730355966013
313,176,4.0,3.7733388232145684
288,289,3.0,3.1493357580422288
445,64,2.0,3.1481262256550004
57,682,3.0,3.2864726245807496
223,819,3.0,2.597409878980623
883,1592,5.0,3.3558096939221174
758,151,5.0,4.677026344487497
31,328,2.0,3.80582314614481
421,238,5.0,3.583432068935442
224,328,4.0,3.3930375606617313
224,28,4.0,3.521393312469669
774,1118,3.0,2.114606288500492
634,294,4.0,3.277476207117507
837,181,3.0,3.781803515348739
201,282,2.0,2.5063096279377017
56,426,4.0,3.2502171582177564
815,216,3.0,4.39359730984419
343,196,4.0,3.893093873326315
271,187,5.0,4.141368742302386
87,451,4.0,3.5440382350031214
832,323,3.0,2.7793511775086204
345,742,4.0,3.47363493262055
472,168,5.0,4.97310140297014
205,984,1.0,2.4636290091337956
181,925,2.0,1.525793920230531
305,512,4.0,3.9317114973803466
358,639,4.0,3.7815145966421824
936,358,4.0,3.1281859899948343
854,919,4.0,3.4051219877787062
633,654,3.0,4.032943934052721
262,1095,2.0,2.312813641375364
181,948,1.0,1.0
562,174,5.0,3.9055323765274843
479,190,4.0,4.400154987520428
546,413,4.0,3.3572338686333807
623,659,5.0,3.950547335272563
847,301,5.0,3.077545999908782
901,322,4.0,3.1670297943847023
420,288,3.0,3.9110971804624817
200,892,4.0,3.136232216942618
295,739,4.0,4.263704666015341
749,402,4.0,3.564888755912044
56,230,5.0,4.063805509755663
766,747,5.0,3.105327470940498
648,4,1.0,3.024853899614348
92,521,4.0,3.953797548582588
401,404,2.0,2.7997211200869674
312,498,5.0,4.730925674209451
44,449,5.0,3.0679794424476543
405,1139,1.0,1.5115773085370863
435,462,5.0,3.7977938001258997
173,258,4.0,4.672029555501481
254,164,4.0,3.2560191956658864
541,403,3.0,3.495830377129132
642,88,5.0,3.826984201842217
397,8,4.0,3.8415139028243557
421,194,4.0,4.049235700060551
536,489,4.0,4.430524421364606
320,77,3.0,3.843907270797726
334,154,4.0,3.653726473785209
682,68,5.0,3.5606300514224833
389,1451,5.0,3.795442510492303
345,226,3.0,3.110792911558519
363,7,3.0,3.397402797264645
343,153,5.0,4.048972249191197
429,195,4.0,4.223501097896759
537,117,2.0,2.4485448788161235
804,135,3.0,3.908230943507315
409,664,4.0,3.6353563790911814
375,761,3.0,3.194810448303762
798,465,4.0,3.379005992509046
650,163,3.0,3.2186998487781944
795,1095,3.0,2.215123596644755
328,696,3.0,2.7356474118499055
296,1160,4.0,3.912392105945163
130,739,5.0,3.963099650450213
916,593,4.0,3.0771442979132484
877,727,4.0,3.4346480479122152
345,1315,3.0,3.438127567935678
450,609,5.0,3.8714109997409816
167,232,1.0,3.3228347370705067
882,177,5.0,4.259954070545934
279,233,5.0,3.2167665176277715
185,703,4.0,3.902605047022459
13,312,1.0,3.329479832884406
261,288,4.0,3.826684095895782
544,292,4.0,2.9447807257328287
655,793,3.0,3.0630157472530746
778,117,3.0,2.9832810658680557
201,544,2.0,2.9724191206206982
586,229,3.0,2.9227806072932645
786,708,4.0,3.5864265956960737
56,68,3.0,3.757778105080445
575,96,5.0,3.467860328437597
87,208,5.0,4.321359892849717
291,455,5.0,3.5576708975847193
291,31,4.0,3.9607606760163696
504,364,2.0,3.1927645273857923
13,822,3.0,2.971681297694876
709,127,5.0,4.110339719412568
697,1012,1.0,3.849171212202748
686,64,5.0,5.0
363,549,4.0,2.972299040237742
92,168,4.0,4.159203614453285
393,85,3.0,3.058515848841079
157,120,1.0,2.5511927885807606
382,258,2.0,3.3969893672737403
409,530,4.0,3.866130536772565
299,83,5.0,3.9616946533745696
782,295,2.0,3.1850672498630397
246,475,4.0,3.5899727089756905
660,164,2.0,2.7252784084251735
328,159,3.0,3.0036186862265275
854,492,4.0,3.44855298995026
943,284,2.0,3.237348928620247
896,85,3.0,2.586093864707799
267,1401,4.0,3.54785348301716
378,230,3.0,3.3863872704999847
847,121,3.0,3.1817184056009538
371,431,5.0,3.705174292170436
788,498,5.0,4.171996375965027
27,1017,4.0,2.9927895847149286
886,81,4.0,3.4499476121937707
280,127,5.0,4.282539557672567
453,496,4.0,3.7444354675166145
336,105,4.0,2.23265198108982
787,1671,1.0,3.282308228459251
489,340,4.0,3.5890209401498665
559,519,5.0,3.76046916651573
60,835,4.0,4.040326249875282
836,654,5.0,3.9619376181537524
345,508,4.0,3.671727671170076
506,418,4.0,3.549810666085323
637,149,2.0,2.5575007544206443
833,1017,4.0,2.8831094525037533
554,204,5.0,4.047230014042133
655,60,3.0,3.5217477408151545
198,230,3.0,2.6363960077575754
532,143,4.0,4.411850272309759
345,655,4.0,4.057989639385855
293,554,1.0,2.3755187406544476
221,737,4.0,3.2614793254046335
790,1040,2.0,2.444679158275183
123,606,3.0,4.234551655659546
861,52,5.0,4.105981910705518
741,5,3.0,2.941608145440496
456,447,3.0,3.3222003045874278
477,731,4.0,4.163805803624269
787,324,2.0,2.841175322918684
592,169,5.0,5.0
880,365,2.0,3.663627627200879
225,603,5.0,4.971668698789764
254,1060,3.0,2.890665431919997
880,71,4.0,3.686260073871041
846,474,5.0,4.34520779622286
295,72,4.0,3.7277409168751956
12,172,4.0,4.687991440610149
417,222,3.0,3.9254598407613703
167,392,1.0,3.6651705709925575
601,365,3.0,2.947799461299774
500,122,3.0,2.540953212169456
11,227,3.0,3.1630729969763016
535,268,3.0,3.356107694490305
222,386,2.0,2.70497756285481
229,316,1.0,3.644569607984676
83,751,3.0,3.743521304496041
429,81,3.0,3.616848617607623
588,578,5.0,3.590168465080939
447,7,5.0,4.0038964920087095
486,408,3.0,4.748636712853911
770,303,4.0,4.668915400961213
286,790,1.0,3.423770065036245
338,663,5.0,3.8422489797436055
659,143,5.0,4.048548563475862
577,82,4.0,4.286535747510658
385,48,5.0,3.4965429460593054
527,174,4.0,4.019267613332515
814,53,4.0,2.4928691292741436
610,477,2.0,3.2941696719085383
306,242,5.0,4.317611782758816
406,845,3.0,3.4170596185792315
870,447,4.0,3.238672590532256
398,2,3.0,3.1898146124391284
872,820,3.0,3.0415411685041627
238,286,5.0,3.8700304975397604
884,736,3.0,3.6020019095943994
92,433,5.0,4.0344533578472594
663,265,4.0,3.7531792378660525
181,718,1.0,2.0614385651941354
62,86,2.0,3.606283564508513
82,111,4.0,3.207540737309712
95,226,4.0,2.7338320346714737
361,70,4.0,3.9307558468091846
6,211,5.0,3.9420831058426673
472,233,4.0,3.9317859817762186
27,118,3.0,2.7656367354038585
200,495,3.0,4.185118140063113
393,833,4.0,3.0435960038836805
798,568,4.0,3.7813262702583703
18,971,4.0,3.8010650226992895
90,489,5.0,4.800852591114877
7,430,3.0,4.288130877174982
308,208,4.0,4.127372929758851
197,302,3.0,3.8411717687065527
499,251,5.0,4.4446873855648485
253,679,3.0,3.262007185218119
44,427,3.0,4.017490024545425
343,124,4.0,4.637503563854865
156,58,4.0,3.139154901801889
487,732,5.0,3.963892126277218
210,238,3.0,4.490021965800052
28,448,4.0,3.5467043212882543
236,56,5.0,3.8369770121315194
201,326,2.0,2.775458128176844
495,226,4.0,3.6865846456531814
648,429,4.0,3.540855105555941
826,228,3.0,4.258371128149161
10,657,4.0,4.499448450375408
10,192,4.0,4.470799139047262
166,258,4.0,4.188501168394512
398,993,3.0,3.331030006958281
653,239,5.0,3.0975361281013294
582,508,4.0,3.6467331920448243
214,461,4.0,3.7021152475084933
268,399,3.0,2.6679332461465757
620,795,4.0,3.069373079637472
363,180,3.0,3.3583318350936198
870,180,3.0,3.9446217968289843
21,564,3.0,1.9792088955396088
330,95,5.0,4.677990544147939
807,1078,4.0,3.5194077302033735
833,826,2.0,2.265117785162997
94,76,4.0,4.024355222663114
332,44,3.0,4.220198210674726
162,254,3.0,2.739631228466867
398,969,4.0,3.78617254617137
736,1089,1.0,2.172606193684019
721,294,3.0,3.2714242911979072
705,196,4.0,3.9192396915374443
59,528,4.0,4.443470634927105
168,284,2.0,2.8142508444273444
930,107,3.0,2.9023528156371454
892,760,3.0,2.948883962494418
486,270,2.0,3.4870137136734005
7,499,4.0,4.476258343755285
567,185,5.0,4.413016135338105
524,403,4.0,3.4413162532136923
621,546,3.0,3.267304654077629
502,264,3.0,2.9448303636846758
60,514,4.0,4.432882789498437
388,9,3.0,4.237710170814007
24,249,4.0,4.036394004671949
184,476,2.0,3.0338042560941405
496,53,3.0,2.9887194367811105
119,109,5.0,3.7049319406378483
707,168,3.0,4.222525532419306
840,419,5.0,4.166454298702311
363,200,3.0,2.800409649499319
497,185,3.0,3.6097390377268854
276,523,4.0,4.060782687227192
630,1040,4.0,2.856376769502072
254,843,2.0,2.7818527068972525
271,196,4.0,3.6093817653852756
658,195,3.0,3.9710616039448934
417,625,4.0,3.380215852386543
121,744,3.0,3.463883784268543
823,747,4.0,3.7000085798011257
588,597,4.0,3.4845113598480606
391,1163,2.0,2.8807219998905023
930,117,3.0,2.936659001846279
42,2,5.0,3.5182520339548033
605,275,4.0,4.073223792705501
568,134,5.0,3.5756447708613686
622,166,5.0,3.892638410300215
601,153,4.0,3.766455382640485
479,213,4.0,3.6339695746480722
711,197,4.0,4.082260265589092
758,239,3.0,3.6871130823502445
650,519,4.0,3.4196652998284156
6,530,4.0,3.886038076331344
508,175,4.0,3.962891088061662
922,202,5.0,3.681544430761766
25,141,4.0,3.814639232017256
687,988,3.0,2.618524253319068
626,302,4.0,3.2151522945262654
293,202,3.0,3.3296953740070885
805,83,4.0,4.18253425213227
389,489,4.0,4.31329770655364
95,110,2.0,2.7319675208913647
164,411,2.0,3.35043947862423
666,32,4.0,3.887427230112625
389,155,2.0,2.726102928336129
54,252,3.0,3.46454356997768
109,97,3.0,3.979397808741951
429,499,4.0,4.018428904855744
765,237,3.0,3.9326030906350162
145,450,3.0,2.668558996339827
193,237,4.0,3.5579735617922443
477,90,4.0,3.7979695656768717
548,156,5.0,4.2367186229147915
879,763,5.0,3.3247863325835967
642,1509,2.0,3.891042817982217
585,224,2.0,3.7810944780450106
253,100,4.0,4.189582769311634
256,684,5.0,4.802026344178994
541,655,4.0,4.058488352203886
94,443,4.0,4.421061163138745
641,1194,3.0,4.166844857643383
496,652,5.0,3.3066453731537666
385,273,2.0,3.3898189142581496
518,121,5.0,4.170538354868273
163,433,1.0,3.401475348822524
13,518,4.0,3.1384449654029405
303,475,4.0,4.294047228916467
538,181,3.0,4.106232595316522
280,690,2.0,3.584812557027432
62,1135,2.0,2.7274232424839098
894,885,2.0,3.092008222326373
151,81,5.0,4.084630545460246
537,518,4.0,3.357214494268891
27,978,2.0,2.431506041680656
619,405,3.0,3.4573582932018243
454,87,4.0,3.4898100363807893
693,514,4.0,3.479967617179769
239,419,3.0,3.74906046168617
751,704,2.0,3.2269618639204203
258,313,5.0,4.488442586261847
927,623,3.0,3.660651020933031
709,363,3.0,3.007381951800866
57,475,2.0,3.606742797644333
682,801,3.0,2.701995506251729
248,156,5.0,3.5475874161340637
276,928,3.0,3.19685772937428
786,709,2.0,4.377889642574348
514,405,2.0,3.472960445383717
301,582,2.0,3.651765616933899
716,568,4.0,3.8412162966349466
330,151,4.0,4.4293037410912985
878,179,4.0,3.5814189468346007
326,1,3.0,3.0806004831576415
23,227,3.0,3.2695465518789395
320,760,3.0,3.394518669878937
260,272,3.0,4.702666734599947
630,1047,4.0,3.684784609848638
1,246,5.0,3.964291313412966
18,28,3.0,4.019643682651994
38,383,2.0,3.0856367263602893
840,493,5.0,4.513360388140747
804,127,3.0,4.300760001775999
790,159,3.0,3.158150890833829
82,121,4.0,3.1804618083121414
90,9,4.0,4.6411517773488455
274,742,4.0,4.046772345431559
815,614,3.0,3.895716451066594
58,491,4.0,3.939846544520051
918,529,3.0,3.3577201235318794
762,875,5.0,2.324552008744689
886,631,4.0,3.4551822892377326
263,484,4.0,4.453210311374612
217,679,5.0,2.4240373563790922
717,302,5.0,4.423548090725814
2,251,5.0,3.9795979082329342
865,117,2.0,2.256918614453684
785,886,3.0,3.141366975806428
417,384,4.0,2.942790750592494
391,131,2.0,3.9024150469969796
270,242,5.0,4.779623201560555
515,294,3.0,2.866416819990018
396,840,3.0,3.1526237363133562
401,638,4.0,3.29952187837561
505,496,5.0,3.801634037546647
721,1026,3.0,3.4215656326453248
887,1116,5.0,3.7879477276432043
796,739,5.0,4.191018936953179
537,203,4.0,3.420155906797781
878,781,1.0,2.8263421004689797
110,338,1.0,2.498341754905553
465,32,3.0,3.4210936126219966
536,510,4.0,4.362353955807506
870,570,2.0,2.8783732068358447
462,100,4.0,4.549868660759514
793,106,3.0,3.2299865926080944
919,276,5.0,3.6032785940243857
790,358,2.0,2.5658611756717855
393,21,3.0,3.1258290992423414
13,333,3.0,2.8875809405386543
44,99,4.0,4.0761062050013
102,204,4.0,3.352962462216678
919,282,4.0,3.5718889634158852
110,230,3.0,3.2760816520785414
733,515,5.0,3.7217304545149816
397,192,5.0,4.435269525322869
863,288,4.0,3.4116229284777337
771,283,4.0,3.82769317801351
942,1028,4.0,3.853576518568522
487,546,3.0,3.7534835068060888
618,427,5.0,3.9533572454806922
738,211,3.0,3.8206198586339974
514,328,3.0,3.4695929413737367
751,178,5.0,4.401332487601332
782,532,2.0,2.8749766134789194
41,181,4.0,3.711883638888189
870,382,3.0,3.4274255847711403
125,722,3.0,2.8146188706449506
315,17,1.0,3.495756613462011
92,132,3.0,3.726285062191587
450,685,4.0,3.796682803775004
448,303,4.0,3.1135732016199493
648,5,4.0,3.222568814334887
338,650,5.0,3.912562342906142
22,241,3.0,3.7465485382110764
394,84,4.0,3.4007599269794806
256,82,5.0,4.870474621018236
870,203,4.0,3.7033451799359143
278,752,5.0,3.55175874977093
753,64,4.0,4.214454874105874
262,145,1.0,2.1963483541263353
744,237,4.0,3.5714019477877885
371,175,1.0,3.758156589924504
92,591,4.0,3.646405424135737
708,147,4.0,3.5977855533298557
194,582,1.0,2.863600605607712
654,143,5.0,4.287710607648164
709,217,5.0,3.3359263093335016
442,367,2.0,3.3811453039236152
178,866,4.0,3.7277758528370213
13,819,1.0,2.715845120838071
798,400,3.0,2.8957362915493197
896,824,1.0,2.451217773634257
396,300,3.0,4.008022349268015
643,665,3.0,3.207568505028674
236,237,4.0,3.897350544981912
228,651,4.0,3.4799608346110347
894,887,4.0,3.947397922757111
234,192,3.0,3.874441010667115
197,68,2.0,3.3126383165992297
912,97,4.0,3.8548052151440304
592,223,5.0,4.550787673268497
566,97,3.0,3.357996250892311
926,288,3.0,2.9521037794150096
353,326,2.0,3.3976440545773094
200,11,5.0,4.639703700556773
535,971,2.0,3.7848471867827955
493,274,5.0,3.64697329182367
130,672,5.0,3.6391161215814045
201,923,3.0,3.6209105703279922
417,180,5.0,3.949958774118654
416,696,3.0,3.3503126468277933
112,888,4.0,3.811934571664661
13,511,5.0,4.013909561942263
426,510,4.0,3.898668574434059
94,392,3.0,3.4962430209672295
293,251,4.0,3.9334611326021025
758,752,3.0,3.6269655718218363
804,988,4.0,2.2956097131025817
686,806,5.0,4.324522840327809
256,288,5.0,4.117231811630426
218,695,3.0,2.7870234825852855
267,227,3.0,3.583303213011902
846,184,5.0,3.599504015769461
398,69,5.0,4.124264499222234
387,195,4.0,4.436804191095645
616,343,4.0,3.145996241097669
13,229,4.0,3.4042854873553563
666,604,3.0,4.041083627336032
551,468,5.0,3.759018880503393
846,1069,4.0,3.6085825068341486
88,881,5.0,2.9958548943560643
6,81,4.0,3.509207833258157
860,302,4.0,3.8302071169484386
682,385,3.0,3.4664295228397246
263,199,5.0,4.197322299113294
41,100,4.0,3.852630811515022
699,991,3.0,2.54112413557527
374,173,3.0,4.327667305710314
724,259,2.0,1.927140956030643
398,1119,4.0,3.5121673103553372
601,195,3.0,3.4803049474757373
182,69,5.0,3.7103942234763867
33,895,3.0,3.537738090127334
907,647,3.0,5.0
20,678,4.0,2.8777995169994366
495,91,2.0,4.472364100322636
458,321,3.0,3.0505168628578
256,864,4.0,3.915377716819978
125,63,3.0,3.1708136013813135
507,334,5.0,4.679705610088505
921,71,4.0,3.8200367968212885
21,558,5.0,3.435229497959358
653,471,2.0,2.8927615346844484
276,916,4.0,2.860935205837146
385,218,2.0,2.5278242052683195
518,370,4.0,3.1695327428561937
406,211,5.0,3.7980397573675484
56,473,2.0,2.814495925642461
405,943,1.0,2.125441187390372
199,539,1.0,2.0413841311610783
222,196,5.0,3.7452504934316653
813,259,2.0,2.401485128969478
450,288,3.0,3.8813492621023093
407,201,4.0,3.2354468703811023
503,234,5.0,4.346933503773497
868,825,1.0,2.120045217673171
130,168,3.0,4.546577821110713
90,26,4.0,3.870820482042929
254,234,4.0,3.467129676921986
279,741,5.0,3.7397631792393646
394,218,4.0,3.9612431860623483
405,734,2.0,1.3245817843344798
110,69,4.0,3.715932824557924
276,655,4.0,4.4986850592795955
64,190,4.0,4.099411489076317
406,410,4.0,2.682720198444708
291,71,4.0,4.13875656911946
735,285,4.0,3.833068042768176
70,230,4.0,3.438786208769845
312,633,5.0,4.2722224499750325
289,109,3.0,2.813089061906283
184,79,3.0,3.626671714951328
301,196,4.0,3.7540558956287886
479,380,3.0,3.209992494406255
236,185,5.0,3.6529697686155647
489,313,4.0,4.751298075683307
393,303,4.0,3.5794696495522165
62,421,5.0,3.4264789671247406
551,410,5.0,2.7704692348042625
887,225,4.0,3.6130945789403466
524,831,3.0,2.2497962474696407
903,61,4.0,4.067993680567336
439,405,4.0,3.1161622323131684
111,344,2.0,3.7057158177020795
405,923,2.0,3.2807005566979965
796,934,3.0,2.603477004190579
561,925,3.0,2.9759396415102124
222,90,2.0,2.5945569034944436
405,58,1.0,1.7679856093860327
293,208,3.0,3.71856917156722
532,338,3.0,3.2381707374312887
253,496,5.0,4.50241841746722
497,153,4.0,3.532059668954424
834,276,5.0,3.55178468547603
688,338,5.0,4.018457836089191
846,42,5.0,3.2379674867050903
840,855,4.0,4.050117624418575
203,475,3.0,4.021670734952144
537,472,2.0,1.64315124643095
939,15,5.0,4.894631612960953
349,25,3.0,3.5312162870345185
23,131,4.0,4.111325453705824
5,368,1.0,1.5660021019043917
92,528,4.0,3.897914561832608
76,182,4.0,3.855183417933671
724,989,1.0,1.9106010617696643
642,1091,4.0,3.294864638610081
200,679,4.0,3.7285183553725063
591,13,4.0,3.74303592031805
549,282,3.0,3.938719169908302
543,199,4.0,4.10905971779295
35,243,2.0,2.5591220673047954
337,135,5.0,4.150449489249415
712,996,4.0,3.1581146512846203
195,451,5.0,3.104580575786453
655,186,3.0,3.1989347679178235
896,139,2.0,2.6957196884441257
862,92,5.0,4.555623477618091
263,521,3.0,4.3269383811503195
522,179,5.0,4.626230350780465
514,118,2.0,3.465162523393319
13,323,3.0,3.056051347354839
933,151,4.0,3.17076678768688
682,1016,2.0,2.9454135107669512
796,409,3.0,3.338572225964008
142,463,3.0,3.8193076691574674
551,28,4.0,4.3086915220401165
458,435,4.0,3.805165937214813
495,417,3.0,3.673722812211076
653,213,2.0,2.6072816313693323
450,312,4.0,3.779707495395053
655,1634,2.0,2.8051856134442197
294,872,4.0,2.979732765502071
833,1335,2.0,2.4777129741534085
727,196,4.0,3.794980257500309
308,616,2.0,3.4332865331312687
680,117,4.0,4.176405219122408
450,1208,3.0,3.589516912483422
321,153,4.0,3.505309064618982
226,527,4.0,3.9872171550619306
253,192,1.0,4.358510967040155
144,190,5.0,4.067255060135032
458,301,1.0,2.853630922538145
269,793,4.0,2.973750505399433
934,661,4.0,4.041655957223578
435,271,4.0,3.103010917652281
752,301,4.0,3.7486744785438515
625,183,3.0,3.7612676513070618
882,98,5.0,4.80039770533023
592,320,5.0,3.757489456615617
56,728,3.0,3.207405104295293
342,212,5.0,3.3321008845355364
506,10,2.0,3.50701442595592
327,90,3.0,2.697167041031218
229,875,1.0,2.3486960154850243
882,208,5.0,4.422699110556749
342,287,3.0,3.70870153565666
761,237,5.0,3.6856387908307773
301,288,4.0,4.070514854236927
383,134,5.0,4.624434405158807
114,183,5.0,3.7639959251427895
12,471,5.0,3.824982068293568
646,895,3.0,2.7079942698166803
222,571,2.0,1.914975919678512
223,535,3.0,3.039248252416506
655,236,3.0,3.1251045098541845
135,5,3.0,3.2189711209638547
821,742,4.0,4.28730405857276
837,286,4.0,3.5620545442670997
334,204,4.0,3.569317001262259
307,401,1.0,2.7589818608695307
151,491,4.0,4.3682955890482
728,286,3.0,3.5696248945669153
291,546,3.0,3.50000734610612
58,56,5.0,3.96463161743424
504,462,4.0,3.6188231821733146
843,132,3.0,3.140676951728942
429,7,2.0,3.591500171681722
613,603,5.0,4.796602756222993
901,498,4.0,4.62529892922751
13,520,4.0,4.189149219331308
620,118,4.0,3.662199300877433
311,553,3.0,3.3698041993906998
758,269,4.0,4.1636730167195095
923,338,4.0,3.5922179933873655
236,686,3.0,3.6434219312135254
353,333,4.0,3.532448422350047
532,352,3.0,3.100148572015985
222,575,3.0,2.0261417198542593
406,485,3.0,3.253830401671926
393,243,4.0,3.2427988091030855
2,283,5.0,3.7678116873613483
505,56,1.0,3.194399141782582
354,603,5.0,3.959467529063879
52,277,5.0,4.18912643123994
276,591,3.0,3.2863126414445674
7,11,3.0,4.520477832868167
249,405,3.0,3.4684151740712266
328,448,3.0,3.5587185135176322
532,292,4.0,4.358464786873642
795,181,4.0,3.2051415012131717
230,607,3.0,3.7424315387032765
385,128,5.0,3.3300772938651515
756,527,3.0,3.64694675965716
481,484,4.0,4.209364318262412
668,403,4.0,3.2701593108522986
880,383,3.0,2.4591911014305317
472,660,5.0,4.623798055623246
354,896,4.0,3.601699236111079
457,125,4.0,3.9453703178743305
223,1009,1.0,3.204444826695788
21,977,2.0,2.1987333893602257
466,210,4.0,3.8592856375045725
104,301,2.0,2.4297257195283857
864,780,2.0,3.430516693413974
184,127,5.0,4.216944431374655
707,1018,3.0,3.4583061010936733
457,48,5.0,4.734346162849394
551,385,5.0,4.1015663105416
405,52,1.0,2.6933232122271207
234,496,4.0,3.7412326374962603
416,307,1.0,4.087298491626246
374,77,5.0,2.8411615618210906
938,273,5.0,3.5581927497688386
528,751,4.0,3.326314012868882
452,207,4.0,3.8750882028034273
877,549,4.0,3.7017256248449324
64,435,4.0,3.6798469578015114
740,326,3.0,2.896046414801517
927,395,3.0,2.9976190151504927
626,268,4.0,3.1410125866758434
711,180,4.0,4.46343577656629
632,91,3.0,3.145679274876921
825,322,5.0,3.768010204087483
876,527,5.0,4.121603163274672
588,40,4.0,3.6509755484066226
870,134,4.0,3.946445603873874
733,1,2.0,3.7547340678504413
387,7,5.0,4.229354071444257
758,290,5.0,3.345160847761264
102,67,1.0,2.11637246446697
270,218,5.0,4.2178429153421515
624,1089,2.0,2.424534263104741
388,672,4.0,3.545206891143615
407,127,3.0,4.212633969197938
230,385,1.0,3.7850003235283434
909,165,5.0,4.426832123247142
130,330,4.0,3.7577922403325226
235,705,5.0,3.9124660023243174
821,15,5.0,4.457092653505313
276,603,5.0,4.718449991332213
312,214,3.0,3.952765797418264
790,417,2.0,3.033393041180456
291,670,5.0,3.5608897165399527
761,1272,1.0,2.787043465176385
654,1009,3.0,3.326505107314467
862,120,3.0,3.141203707147977
130,743,2.0,2.920449637927762
379,197,5.0,4.619531275228016
18,367,4.0,4.078444187470937
273,345,3.0,3.4584709532572213
327,132,5.0,4.047403547119832
293,155,2.0,2.2322459101355703
38,780,4.0,3.888208580945814
298,183,3.0,4.288579920677596
742,7,3.0,3.7208851226105395
573,22,4.0,4.187480753732495
812,333,5.0,3.6312231232515044
114,180,3.0,3.8569134105562717
42,1040,3.0,2.559124020031593
167,949,1.0,3.7636070850995313
116,596,5.0,2.720702767945569
198,631,3.0,3.5219047464189486
731,136,4.0,3.928759612739589
486,127,5.0,4.0627364110004835
455,402,4.0,3.162017669340001
473,508,2.0,4.032753802337858
94,12,4.0,4.877639709114051
527,429,5.0,3.7503450515411423
10,711,4.0,3.777552634233606
297,699,4.0,3.600503063154247
824,321,2.0,3.3267355711892113
151,781,3.0,3.3698640635059918
465,845,4.0,2.919199466214817
399,742,4.0,3.3457106525404297
707,311,4.0,3.7956851150514597
94,436,5.0,3.935522357472032
864,275,4.0,4.661787097009499
130,237,5.0,4.178339492166251
709,665,3.0,2.77419309896975
775,690,3.0,3.309293825089775
829,639,4.0,3.507745295730869
429,193,4.0,3.9179097833775325
782,1296,3.0,3.1053042128690937
293,73,2.0,2.6148348514550834
682,658,4.0,2.6558299429554917
299,820,3.0,2.527643450907725
405,1119,3.0,2.202939274434098
658,9,4.0,3.6526164098617926
264,320,4.0,3.9148811240632377
550,877,4.0,3.0925894512103134
308,792,3.0,3.82785255575997
268,479,4.0,3.7566330438847215
861,381,4.0,3.7023414761050892
326,96,3.0,3.53863816051539
846,555,2.0,2.7524894798262216
914,732,2.0,3.3552421524501184
814,145,2.0,2.367306517639996
405,1435,1.0,2.3682381849067657
293,651,3.0,3.742215189227295
498,381,3.0,2.960665949107767
593,106,2.0,3.032454073990575
251,405,3.0,3.6119909476191374
353,340,4.0,3.7419610636622256
92,271,2.0,2.7732670492085294
24,275,5.0,4.627542068979549
716,257,5.0,3.9710793897760577
392,191,5.0,4.7982090871579315
854,1086,3.0,3.1963540432924
406,170,3.0,3.960145204511459
495,55,2.0,4.466005677228988
262,609,3.0,3.338525021951457
314,71,5.0,4.4999526307241435
653,55,3.0,2.909766760040874
221,161,3.0,3.3660049861827197
463,150,2.0,3.0843407419087097
910,9,4.0,3.3546252103927703
197,176,5.0,3.868973642546428
312,169,5.0,4.870282421935532
411,209,4.0,3.893563818216546
429,498,5.0,4.086229700296713
92,106,3.0,2.548737399788533
661,48,4.0,4.285225008914656
896,1240,4.0,3.144760322667614
479,173,5.0,4.145006541709485
645,191,5.0,4.380631423924266
305,269,4.0,3.4755792408650743
521,829,2.0,2.381205167204932
869,1132,1.0,2.4262985076526564
109,72,5.0,3.2026449769902343
100,1236,3.0,3.0309247721441572
514,890,1.0,2.3586961687751082
385,185,5.0,3.7203971656710024
200,1028,2.0,3.7873095974240525
659,606,5.0,4.177446093908405
357,1047,4.0,3.7187129694322394
222,77,4.0,3.0399556884656276
110,794,3.0,3.3058360740144854
123,134,4.0,4.404689170777339
753,211,4.0,3.687335221227324
782,1014,2.0,2.4758908070248618
156,180,5.0,4.021312281985694
533,692,4.0,3.9264169969457843
531,259,1.0,3.0734344025416536
852,264,3.0,3.2055485199358382
496,433,4.0,3.11699971887243
18,221,5.0,3.692591901015676
518,919,5.0,3.519404797661481
401,655,3.0,3.2246721182350133
181,221,1.0,2.083497695063715
311,519,3.0,4.262574369473041
181,680,1.0,1.0
567,271,4.0,3.0127006570673105
302,258,3.0,3.2610253745806737
808,875,4.0,3.1131981897457917
872,272,4.0,4.226211465547963
1,257,4.0,3.616576560135905
848,197,5.0,4.448807485835147
223,1150,2.0,3.112450590565178
406,825,4.0,2.999669131578704
194,135,3.0,3.489502642715416
193,96,1.0,4.209232985145071
193,94,3.0,2.9527059537410456
573,144,4.0,3.5849548656885313
795,407,3.0,2.374341990190855
15,244,2.0,2.677039879430142
911,205,3.0,4.160173718922381
452,265,3.0,3.741525324478053
759,257,4.0,4.394023143353913
211,257,5.0,3.205979638271363
518,289,4.0,2.71167442770279
666,410,2.0,3.0824001617610475
796,871,1.0,2.4486511017894013
207,471,3.0,3.305949439457207
457,792,4.0,4.346976496280809
450,223,3.0,4.203609260893954
194,405,2.0,2.267907650793167
741,67,3.0,3.0896214000906683
493,284,4.0,3.50738050834404
865,928,1.0,2.0819066777079307
399,431,2.0,3.2564176163759306
194,9,4.0,3.4530166615094227
387,731,1.0,2.809878094107735
210,502,3.0,3.857799391762798
627,399,3.0,3.1797565085458728
622,229,2.0,2.7365920960825973
650,662,3.0,2.7843890747942197
620,627,5.0,3.796738367828574
7,659,5.0,4.510792288302941
566,20,4.0,3.5503639490424166
542,97,4.0,3.4346199392421815
334,508,3.0,3.745491506141146
780,79,4.0,4.089727418922872
181,121,4.0,2.351890975904487
330,651,5.0,5.0
91,131,2.0,3.9736126603297848
893,759,3.0,2.7550105696557288
603,176,2.0,3.90142590961806
886,940,2.0,2.2216781686314886
737,357,5.0,4.261259865862485
291,619,3.0,3.7128397229117636
435,729,2.0,3.1386258875219917
279,151,4.0,2.9679116811247406
204,301,4.0,2.9149890733034702
667,962,2.0,3.3888548529800038
59,288,5.0,3.7894300346424266
201,375,3.0,1.6773191435670045
921,194,3.0,3.9437575898303767
340,172,4.0,4.63389387404729
843,204,3.0,3.07974158805438
515,538,3.0,2.966085408047661
844,117,4.0,3.415821587309828
499,258,2.0,3.7254163480982077
83,732,4.0,4.021790622198366
401,157,3.0,3.0663147620846165
452,86,4.0,3.6190596187259017
144,961,3.0,3.531768612904242
403,925,4.0,3.24372807601006
222,12,5.0,3.700588880113973
782,1292,3.0,2.7846555737757797
716,83,4.0,4.243839169255446
903,179,5.0,4.266702983938674
569,748,2.0,2.9483972557116718
932,177,4.0,4.328803147644846
844,2,4.0,3.0046031251521
840,644,4.0,4.074297648901444
363,187,2.0,3.3795189465533992
887,206,5.0,3.996920567346097
486,1014,3.0,3.385776067564058
635,268,5.0,3.1797652149641498
59,200,5.0,3.999320805827625
889,509,2.0,3.594482512363541
776,50,5.0,4.163062505737726
629,22,5.0,4.6801150524140835
130,321,5.0,3.313501462295899
472,66,5.0,4.257199226242631
437,276,5.0,3.8243828376591376
314,150,4.0,3.353048265127398
682,895,4.0,3.0183015417605894
406,7,4.0,4.269921007562223
830,487,5.0,4.155814576187331
880,783,1.0,3.029614165780462
676,271,3.0,2.9179685846859105
315,301,2.0,3.6815339175797615
214,522,4.0,3.943285332129155
284,340,4.0,3.730326853869258
319,880,4.0,3.225578630851428
234,1447,3.0,2.878768850416715
846,836,5.0,3.5198897774650124
197,258,4.0,3.899067924701376
419,617,4.0,3.789976447072957
521,90,2.0,2.699352974545793
487,85,2.0,3.050656607563592
194,549,3.0,3.1347114269608
144,303,4.0,3.595884809740041
85,372,4.0,3.388341130413837
11,731,4.0,3.2797932480118996
7,485,5.0,4.4228279036890426
534,748,4.0,3.9076353032981546
18,427,5.0,4.560628930482217
47,683,3.0,2.9171572132643746
13,340,2.0,3.648451587675097
198,871,1.0,2.1414205690146737
655,1370,3.0,2.856065694338096
383,357,5.0,4.600737073734335
731,611,3.0,3.615214377409589
698,202,3.0,2.994160161237897
697,1059,2.0,3.0871350589620774
396,717,3.0,3.22726350925442
63,121,1.0,2.755242461051054
573,286,3.0,3.6916608876582497
864,722,2.0,3.2748074528242643
758,288,4.0,3.5040038905657487
648,500,5.0,3.1001179664288987
500,294,3.0,2.750364567241109
200,465,4.0,4.277547215115842
237,174,4.0,4.495308534713804
506,465,4.0,3.3834663683191444
452,318,5.0,4.311567913606724
141,100,4.0,3.696972490336395
311,499,4.0,4.307498969688153
474,435,5.0,4.262141052637289
94,385,2.0,2.9758440729694726
190,100,4.0,4.091878423453959
437,249,5.0,3.2731743815246155
897,925,5.0,3.4216127298871437
235,1134,4.0,3.255870857496393
303,474,5.0,4.672323896254705
484,153,5.0,4.0474540699313994
286,372,4.0,3.9519155330811895
525,118,3.0,3.159930005549708
83,728,4.0,3.004837357281267
860,894,2.0,2.2219161755955885
315,46,4.0,3.8836524610923315
800,223,5.0,4.214843888974063
296,79,4.0,4.353778220398383
59,53,5.0,3.0969947873207997
262,845,4.0,3.18236302622483
916,132,3.0,4.108014189065529
436,856,4.0,4.0418571779739265
548,293,4.0,4.083119968814173
825,100,4.0,3.6320727712629353
889,386,3.0,2.9314684509068876
178,276,3.0,3.507318227174962
253,4,4.0,3.685943237238573
922,1,5.0,3.831573748109413
545,810,4.0,2.8993371129614225
608,661,3.0,4.050206524629385
26,109,3.0,2.7112317672322335
805,99,2.0,3.5907624650369603
810,338,4.0,3.7940123401750196
563,118,4.0,3.37895225711829
676,748,4.0,3.3041091529761824
488,1025,2.0,2.462948464901659
116,532,2.0,3.049697852214374
697,326,4.0,3.8344525034647905
400,689,3.0,3.2923385511664414
440,300,3.0,4.271616751871944
531,311,4.0,4.235814082157563
49,547,5.0,2.7545679320526766
254,435,3.0,4.000807033144561
919,1134,2.0,3.595092340646622
631,334,2.0,3.5531938489203885
932,470,3.0,3.8829118744170747
90,906,2.0,4.004866156118278
490,919,4.0,2.9783927696885826
164,823,4.0,3.8139607667861823
756,176,4.0,3.5373612498472204
188,100,4.0,3.804942489169188
314,932,4.0,3.5648456723929405
878,796,2.0,2.398676913393572
405,442,1.0,1.58238261197591
756,419,3.0,3.373780042186378
158,430,5.0,4.1096400362181615
925,327,3.0,3.3715045129339916
85,152,5.0,3.594604443856089
394,62,4.0,3.227877962444929
325,58,3.0,2.9841277420481953
320,195,5.0,4.435257521073583
497,1077,4.0,2.7708725013105497
374,975,4.0,2.6091814588909092
350,183,3.0,4.193666218431494
433,95,3.0,3.466406299196544
299,20,3.0,3.3750191240482685
854,122,3.0,2.386212814684114
184,210,4.0,3.687530484963895
625,476,2.0,2.7046878618820265
445,100,2.0,2.402390627997277
847,735,4.0,3.189615016823423
215,22,3.0,4.3968380236118465
928,877,5.0,3.211925990563915
643,5,3.0,3.358711962065411
877,83,3.0,4.212119187484715
804,1,5.0,3.791929431347136
158,163,4.0,4.111266628191131
109,796,3.0,3.176646095665442
542,282,3.0,3.379568058081572
551,735,5.0,4.069270038896551
870,208,4.0,3.616908494212412
406,591,3.0,3.6088429910195496
653,180,5.0,2.994091149806542
942,315,4.0,4.493547624713304
695,286,3.0,4.102700426668434
311,70,4.0,3.8094601631014764
741,70,4.0,3.6858078683495985
650,1474,3.0,2.805737695442861
145,1245,5.0,3.4252063570452815
766,131,3.0,3.796392740499836
62,697,4.0,2.8599160427541443
222,154,3.0,3.325241947023224
325,133,3.0,3.4213537901834603
291,84,3.0,3.5994312343058628
413,690,4.0,3.3866479188679124
604,183,3.0,3.833951759076841
615,286,4.0,3.8378077501846777
13,287,1.0,3.4688532253010105
738,152,4.0,3.2681365222408676
31,611,4.0,4.122103358271495
643,671,4.0,4.026081470374415
552,815,3.0,2.941925217649133
301,235,2.0,2.897511303647858
892,671,5.0,4.347625065427921
85,95,4.0,3.639503478435278
255,827,2.0,2.025331600440551
181,18,1.0,1.5601721782550366
600,435,5.0,4.124918094852975
554,411,3.0,2.8938617277457195
31,303,3.0,3.841946423368106
40,316,3.0,3.602109895224712
714,7,4.0,3.802255531530279
796,1042,4.0,3.154648186205563
659,153,4.0,3.584965363678534
816,326,4.0,3.932241935199036
301,184,4.0,3.518545292975277
703,1012,4.0,3.3122234171250815
290,596,4.0,3.268938340700205
500,396,3.0,3.1038220084618997
914,371,4.0,3.0089552844365746
374,1197,4.0,3.778230028774123
393,423,3.0,3.8203940636033553
267,3,4.0,3.4624600662572282
234,519,5.0,3.6152621318982647
303,81,4.0,4.034327047431771
44,91,2.0,3.6560114193178084
892,151,4.0,3.658908580719186
145,109,4.0,4.252535865131065
416,990,2.0,3.6878425489425335
240,751,3.0,3.756748181954872
710,234,4.0,3.7744463776271613
456,268,5.0,3.3235192240694884
73,64,5.0,4.096950775540138
138,117,4.0,4.020924429866377
5,412,3.0,1.7706504308686932
292,511,5.0,4.937173236243308
373,946,5.0,3.42062317043426
405,33,1.0,2.074344549506965
23,174,4.0,3.8928014864060736
450,842,4.0,3.2356216384356875
158,283,5.0,4.157107572340755
455,237,3.0,3.5614342910872603
416,1495,3.0,3.9684875513689124
795,97,2.0,2.9661251340130335
529,310,4.0,3.8350876956090683
185,515,4.0,4.373056301600639
277,405,3.0,3.0071605798503707
43,301,5.0,3.5221171335094916
727,176,4.0,4.133175157888314
290,210,5.0,4.005929188084404
223,1197,3.0,3.338058756889708
882,407,2.0,3.1298578659152954
211,199,5.0,3.7565577657170013
624,689,3.0,3.2174820320131943
363,216,3.0,3.397659250320501
193,210,4.0,3.746927961926368
397,325,3.0,2.6222045096937987
276,240,4.0,3.1829079555786004
645,430,5.0,4.327455734825897
310,251,5.0,4.1853076620963625
104,1017,1.0,2.6796962204403147
178,280,4.0,3.5061800326409336
339,469,5.0,3.8779651541644977
833,328,2.0,2.874597622085943
450,630,3.0,3.4611427547359335
537,86,4.0,3.3581795611783023
263,678,2.0,3.2387002004253773
916,48,5.0,3.950091687070178
719,410,1.0,2.7920874364991652
417,685,1.0,3.23071920667237
351,289,5.0,3.501718076441058
798,486,4.0,3.8419120204948274
896,135,3.0,3.6796488606562208
256,370,3.0,3.689447615969989
326,479,5.0,3.528937295807351
144,514,5.0,3.945130277486804
64,11,4.0,3.83681183158867
471,477,5.0,2.979533616331429
336,294,4.0,2.999081247102591
178,118,4.0,3.898528831812795
12,402,5.0,3.907219628074313
908,12,3.0,3.9177423474932196
279,101,3.0,3.241557239694828
60,660,4.0,3.9048654591374743
244,155,3.0,3.3629580837879596
11,196,5.0,4.003939089646554
757,161,3.0,3.450929389700435
749,172,5.0,4.443370801357867
690,514,1.0,3.5024702928789933
60,513,5.0,4.769204816566125
543,44,3.0,3.4185346188886254
466,226,4.0,3.0482325565350834
503,213,5.0,4.371099790655092
653,151,3.0,1.9467201117874326
645,243,1.0,2.2351250137554826
194,661,5.0,3.518166160200368
92,273,4.0,3.517896307273666
727,2,4.0,2.8183035797028566
478,150,4.0,3.650121686279026
155,288,3.0,2.837922909989099
719,66,3.0,2.9726114279372444
524,823,4.0,2.9233322787181115
863,329,2.0,3.1744010578702717
685,302,3.0,3.3098043213351422
942,216,4.0,4.380901225924799
321,1028,2.0,2.78893259512034
916,101,3.0,3.192704335997919
216,408,3.0,4.659079923530372
660,470,2.0,2.835535172660604
710,22,3.0,4.09192391154878
500,175,5.0,4.245959040603901
406,9,5.0,3.7085314057677428
44,147,4.0,3.359022211174122
659,178,5.0,4.358463423446466
867,690,5.0,3.5206610738049093
393,66,3.0,3.5705779343974475
435,821,2.0,2.979077347540481
201,215,2.0,3.1349656601810993
561,228,3.0,2.5118258255122208
423,879,3.0,3.0755388034984277
770,294,3.0,4.06308041213235
804,737,3.0,2.8846161306790634
435,715,3.0,3.1355926709731246
450,491,3.0,4.050419884848886
405,436,1.0,1.9268068441932138
747,480,5.0,4.772135142442382
363,121,2.0,2.616004291693677
95,32,1.0,3.3701064393274858
650,510,3.0,3.4077270352882847
394,67,5.0,3.455759066757959
354,650,3.0,3.6315481303052968
226,270,4.0,3.5315230469501437
321,212,3.0,3.3157181328774383
207,265,3.0,3.6680865983366044
290,818,3.0,2.7772281366900646
269,411,1.0,1.7679300756097232
405,540,1.0,1.2006396400895452
906,284,4.0,3.317896703809036
487,540,2.0,2.9375147959802304
193,100,5.0,4.4864891477384425
648,565,3.0,2.5798384334960898
393,99,3.0,3.5941088032616917
503,416,2.0,3.723475917134765
450,604,4.0,4.132618591056946
568,1050,4.0,3.0363928362711423
181,411,3.0,1.5616479861045256
527,183,5.0,4.2786468961195085
500,554,3.0,2.747144489762013
303,1335,3.0,2.976454180401366
18,488,3.0,4.355722948450659
792,546,3.0,3.064810174056229
257,59,5.0,4.389669747807537
169,243,3.0,2.386718434221883
229,286,4.0,2.887884090927919
757,693,4.0,3.5479528673049443
181,682,4.0,1.7145762263889366
435,384,3.0,2.250083544893917
932,1456,4.0,3.878784618170644
44,480,4.0,4.14302014580536
856,322,4.0,2.645535666725699
279,517,4.0,4.06880838175405
790,235,1.0,3.1620651343284174
309,1393,2.0,3.1473744790061775
858,334,4.0,3.4727644520371928
405,2,1.0,1.3248278196448866
130,731,3.0,3.6910579907727445
919,892,3.0,2.8513457671963076
655,133,4.0,3.335611197581459
373,748,4.0,3.7836038333414646
350,589,5.0,4.486305631144587
378,566,3.0,3.3373494550972733
413,236,4.0,3.8701683513640757
655,761,2.0,2.3696322678436648
505,151,3.0,3.254565709405151
232,133,4.0,3.690547456791496
416,331,4.0,3.8406824137876816
661,173,4.0,4.160725225179414
425,259,1.0,2.8897259497289194
864,511,4.0,4.830046559806202
472,21,3.0,3.778273759554198
909,86,5.0,4.3359780133065575
698,1149,3.0,2.6693741343792854
162,237,4.0,3.7404327099325103
406,382,5.0,3.5180978118435475
445,174,4.0,2.7464297961642044
113,100,4.0,4.193964314923151
271,518,4.0,3.6002886835815766
189,588,4.0,4.065791315112092
747,651,5.0,4.461158508209426
936,321,3.0,3.4135158628518107
551,578,5.0,3.5204807736972477
378,631,4.0,3.478775807420805
334,310,3.0,3.510379974155565
574,312,4.0,3.1773763746696924
240,898,5.0,3.548139982775561
43,479,4.0,4.328820830672259
11,435,4.0,3.7795241547155096
836,611,5.0,4.028559120547047
57,111,4.0,3.881412168976786
802,681,4.0,3.056622853499384
880,287,4.0,3.7672146952052605
161,135,2.0,2.8840821042632294
181,1384,1.0,1.546482641681941
679,222,4.0,3.4814650293533824
261,892,5.0,3.573941476669331
269,1040,1.0,2.026911640975119
918,83,4.0,3.999858872161611
311,43,4.0,3.142530772244246
70,820,1.0,2.5306420972772923
901,82,5.0,4.031867994178735
459,108,1.0,2.9836663661415677
305,511,4.0,3.597634361406729
271,169,5.0,4.221118041965686
391,427,5.0,4.364323242725036
346,182,5.0,3.3247463708389153
33,313,5.0,4.981553710486955
84,203,3.0,4.5053069032921655
456,143,3.0,3.2427392847296748
896,198,4.0,3.4418802391749983
234,607,4.0,3.5120486715789454
807,610,3.0,3.899877642634043
311,468,4.0,3.3859134381581226
619,144,5.0,3.929622557522744
7,561,4.0,3.3730913203493564
455,144,3.0,3.8740227551383564
313,151,1.0,4.209809308187527
865,240,2.0,2.1418839357483526
476,70,3.0,3.5774962121608658
1,98,4.0,4.6681236576519884
146,294,1.0,3.4644496213715397
698,86,2.0,2.903819646340372
854,1077,3.0,2.8570707635635393
222,377,1.0,2.368868442007934
148,432,5.0,3.6394104540274617
506,67,3.0,2.7155216463941723
693,1145,2.0,2.527518767161971
206,903,2.0,2.157242021506666
291,1273,2.0,3.2415212758319143
540,455,4.0,3.281923922063092
709,427,4.0,4.260813198423785
391,58,4.0,3.6755200336994838
296,475,4.0,4.09856975364317
152,412,2.0,3.1062737387936057
249,411,3.0,3.415872417521636
385,421,2.0,3.737356814594701
900,318,4.0,3.5753555422273284
933,94,1.0,2.0368606436827816
565,1396,5.0,4.2310200682520005
96,195,5.0,3.8967182817099753
537,224,3.0,3.524518597473121
690,402,3.0,3.4622704896037364
387,511,3.0,4.518142031597387
456,71,3.0,3.718126575564965
592,251,5.0,4.747117810104321
730,7,4.0,3.500451591658395
676,916,5.0,3.005848333387452
23,385,4.0,3.3161876233616363
588,485,5.0,4.1665322670427996
716,655,4.0,4.265092590002634
461,305,2.0,3.4343791822086778
13,806,5.0,3.3780395335841247
867,64,5.0,4.986924116256161
405,1475,1.0,2.3835741029535797
822,358,3.0,2.4183635392309184
207,68,2.0,3.410230385107583
509,705,4.0,3.4702450187534413
798,1076,3.0,3.07086422444847
385,423,2.0,3.2143843650334745
330,38,4.0,4.0615325042532024
834,258,4.0,4.020976286304339
345,903,3.0,3.4200800106779483
548,443,4.0,4.112895013162644
1,34,2.0,3.1264853617786987
898,312,2.0,3.391149887368027
634,991,3.0,2.6232550258043674
495,139,2.0,3.7545225603855523
881,1057,1.0,2.390419710270071
708,866,5.0,3.4243825756994264
221,38,2.0,2.638604551585773
788,22,5.0,4.492230566786219
14,242,4.0,4.220154113597386
761,7,4.0,3.3010832905468117
430,293,3.0,3.659038279821264
416,164,5.0,4.190542855421593
833,980,3.0,2.9735856882685003
643,1065,4.0,3.719918087877597
488,58,3.0,3.027456028889226
710,286,4.0,3.5318365690076687
378,88,4.0,3.474994638752793
524,751,4.0,3.5783766657282907
181,685,2.0,1.9706593589674406
216,82,4.0,3.8001378507362333
450,87,5.0,4.334795652156666
486,301,4.0,2.823114199671952
535,792,4.0,3.77805859382296
458,410,1.0,3.19577748574885
59,15,5.0,3.741477396919565
297,298,5.0,3.207276406177123
854,87,4.0,3.5370801618525487
323,764,3.0,2.9534881357136387
727,195,4.0,3.7706654464651743
777,692,5.0,3.5089113025645133
486,299,1.0,2.7339333322841433
10,521,4.0,4.132391529316006
178,597,4.0,3.76076377275742
782,1315,3.0,3.0074754678016133
622,176,4.0,4.142462370729482
525,405,4.0,3.3135793602111754
178,588,4.0,4.16066679819968
405,389,2.0,2.099471245167309
208,186,4.0,3.6120762164924574
727,135,2.0,3.2103665865240703
22,62,4.0,3.106002397506164
529,321,4.0,3.2233131346156916
576,7,5.0,3.8890805270824393
863,879,2.0,3.2470927826311407
271,1133,3.0,2.9516492706014614
128,742,3.0,3.5636968676825185
622,845,3.0,2.9985906745814535
692,211,4.0,3.8058606139491475
417,153,5.0,4.007192770597945
392,173,4.0,4.529051025193882
399,110,2.0,2.3859631829523575
92,230,3.0,2.960680655224638
894,257,3.0,3.7179912619964615
766,228,3.0,3.149600869985237
102,328,2.0,3.060020744931314
901,768,3.0,3.207212225733561
535,207,4.0,3.749994036098982
532,1496,2.0,3.9317897295722553
802,358,3.0,2.815318498904175
468,135,5.0,4.30570275203759
532,248,4.0,4.203420788170574
715,234,4.0,3.9800054172636044
406,727,3.0,3.2477063680644984
500,709,4.0,4.305373126568132
595,336,2.0,2.4329019443696076
446,690,2.0,3.0233929121954666
313,505,5.0,4.005113314237566
442,56,5.0,4.000679994571362
507,302,5.0,5.0
291,204,4.0,4.383864283342096
601,1615,4.0,2.668061781071615
889,700,3.0,2.833819510015617
783,258,4.0,3.8918862767349816
790,1063,5.0,3.362100865741481
826,501,3.0,3.86265680010294
664,227,3.0,3.3605579756177253
748,483,4.0,4.1065029288478865
758,312,3.0,3.4296767259655163
5,233,4.0,2.8529619829075443
364,302,4.0,4.147569469443448
326,1231,3.0,2.2769397669256204
301,866,4.0,3.3168039387092603
709,295,3.0,3.3717945252494625
621,82,5.0,3.960226243642686
890,229,2.0,3.052309078219181
717,1282,4.0,3.699417998576672
806,1074,3.0,2.81672010698167
763,382,5.0,3.78368631078943
850,318,5.0,4.9854323441119055
891,116,3.0,4.314056393538673
806,222,4.0,3.8797364587780336
600,391,3.0,2.5311055570454646
592,514,5.0,4.762046106709765
851,352,1.0,2.6787207788777394
177,433,4.0,3.66953674929348
640,550,4.0,3.9330787372079743
586,195,4.0,3.63119116602614
94,201,4.0,3.870819083192072
790,176,3.0,3.6495885560478616
531,302,5.0,4.383838241248605
54,595,3.0,3.6076726197223548
66,257,3.0,3.692934502842741
330,161,4.0,4.495728368667076
188,176,4.0,3.9593569659725696
500,16,4.0,2.772978821975026
293,724,3.0,3.0450784324550497
347,239,5.0,3.779199240089241
429,495,3.0,3.3214102008882547
91,657,4.0,4.110405600082372
269,276,5.0,4.167786182035762
474,8,5.0,4.583354910794319
412,193,4.0,4.110159590005567
164,282,5.0,4.417718476355526
269,432,4.0,4.21944695697446
243,215,3.0,3.7446395414774174
320,292,3.0,4.217854627081943
901,275,3.0,4.097127104344367
327,195,4.0,3.556163769703698
537,196,3.0,3.3659894279847022
262,432,3.0,3.4805557843206327
707,165,3.0,3.8563259899830413
82,1101,4.0,3.3112181873832838
796,12,5.0,4.207436480807103
620,8,3.0,4.323823711925222
1,130,3.0,2.4177977504273542
643,176,5.0,4.012490942835995
892,186,3.0,4.6629412832337325
290,474,3.0,3.606211769090951
846,463,5.0,3.7582497372461607
416,241,5.0,4.377807404319564
889,655,4.0,3.460980463138264
3,341,1.0,2.871189229316361
48,302,4.0,3.942347991230999
527,192,4.0,4.183163170755128
749,24,2.0,3.5936603679243078
1,218,3.0,3.6082728802577013
95,24,3.0,3.2012598076859295
533,525,3.0,3.7167260518978247
744,963,5.0,4.018429669568169
886,772,1.0,3.027426488816894
727,542,2.0,2.6748394931662647
249,318,5.0,4.48458595603973
804,238,4.0,4.275970534061435
882,988,5.0,2.6049538221360518
330,11,4.0,5.0
603,326,4.0,3.3838517189938395
911,98,2.0,4.2802123571080735
144,632,4.0,3.740002261860794
618,969,3.0,3.390397072036717
860,516,3.0,3.8328548433403897
932,222,4.0,3.324780528154011
280,118,2.0,3.16026195475844
25,25,5.0,3.8074321068912393
405,1553,1.0,2.46062231220812
217,7,4.0,3.1332511333728856
823,709,3.0,4.32493482666192
250,328,3.0,3.674869821011509
510,288,3.0,2.81704206160692
435,1069,4.0,3.447628735388764
846,102,2.0,3.1232764634197423
664,664,4.0,3.9115365878722614
877,475,4.0,3.930925270450658
432,121,4.0,3.5755694240370315
195,877,3.0,2.5519715510007543
456,1324,4.0,2.7195865659363663
293,638,4.0,3.6577980603503786
711,216,4.0,4.6658685252954
727,413,2.0,2.648866619755275
313,843,3.0,3.270631201450893
457,871,1.0,2.769416118816264
459,216,3.0,4.041931802485919
929,431,1.0,3.295847412271221
181,1163,2.0,1.4441600331415576
313,132,5.0,4.081423945664946
325,197,4.0,3.9645519074582785
107,902,5.0,3.5735936825707975
360,520,4.0,4.284542702602934
875,195,4.0,4.249364317659462
7,564,3.0,2.2800216911774216
173,995,5.0,4.158737204569797
633,128,3.0,3.2327510625728233
222,227,3.0,3.2640570940958082
514,176,4.0,4.126606733349067
416,1300,3.0,3.3569582295839866
826,29,3.0,3.1595572259456355
327,152,3.0,3.285335243926827
267,77,3.0,3.4755421046275408
796,393,4.0,3.7618309197471667
416,24,5.0,3.5459624616355363
6,484,5.0,4.102730074818223
796,1197,3.0,3.6502862038559014
810,878,4.0,3.404740920202077
405,960,1.0,2.3945516846777224
815,196,4.0,4.00257994078427
346,172,5.0,4.184650617910625
596,678,3.0,2.9118073391729293
914,736,3.0,3.646312227813093
880,407,1.0,2.860143830513215
387,258,4.0,3.859341748794391
7,481,5.0,4.439624990668083
391,132,4.0,4.242373610919803
287,222,5.0,3.965951142602323
60,735,5.0,4.104389949892007
276,1413,1.0,3.5635666205917436
711,88,5.0,3.3861984668152862
339,411,2.0,2.5802652274622386
532,914,5.0,3.9065665754070733
727,117,3.0,3.98943103714862
878,588,2.0,3.594430611683825
889,627,2.0,3.1924684382903123
417,242,3.0,3.534162010771523
805,154,5.0,3.6963732217902026
130,1267,4.0,3.865459810808295
314,246,5.0,3.892888093411325
7,577,2.0,3.0923986435903426
195,1415,1.0,2.928102210580591
393,1182,3.0,2.787619266008099
870,655,4.0,3.754538117612192
316,64,4.0,4.0528456338757195
429,481,3.0,3.6835464424116044
275,300,4.0,3.215189718664523
747,1,5.0,4.170116405054811
91,1126,1.0,3.3301943459929113
871,955,3.0,3.173496871989253
615,303,5.0,3.783279841847627
23,162,3.0,3.6227847391499575
416,417,3.0,4.096336945622566
54,50,5.0,4.705214101953288
885,71,4.0,3.8377635559906103
374,1,4.0,3.876911425792788
332,53,3.0,3.7945711337632377
308,589,4.0,4.032603417511575
497,80,3.0,2.802749819117742
881,795,2.0,2.28596650345083
314,412,3.0,2.5699615064118113
7,550,4.0,3.593092616992092
361,451,3.0,3.318358130841222
286,1265,5.0,3.9136128893646283
58,123,4.0,2.9254866708571687
452,515,4.0,4.217210195293482
378,275,5.0,3.7917862213970186
82,671,1.0,3.234387189092647
846,176,4.0,4.45447078642907
622,1552,2.0,3.015119044077704
426,200,2.0,3.6822186558899412
514,647,3.0,4.136824558716835
363,79,2.0,3.559861245776533
813,270,5.0,3.5009937812322587
758,489,5.0,4.477048421648482
695,323,2.0,2.8860791772082752
486,887,5.0,3.4685301052681945
615,428,5.0,3.873421258721534
877,463,4.0,3.9405492221356697
887,140,5.0,3.720536978065132
472,411,4.0,3.62608541841215
85,630,3.0,2.7459256387007103
785,423,2.0,3.851466825937821
872,685,4.0,3.6045989484943477
622,769,1.0,2.0700402656994683
276,195,5.0,4.873756644535763
280,38,3.0,3.1921328533737183
424,333,5.0,2.9475227071172316
868,136,5.0,4.018809076984336
526,272,5.0,3.9560894479035857
76,1157,1.0,3.209659476301891
524,192,4.0,4.388704643222239
742,294,3.0,3.065850041645512
774,72,1.0,2.1839947903884838
654,288,3.0,4.015011428145279
474,283,3.0,3.9058291494579325
683,626,3.0,3.1383916142564314
532,840,4.0,3.781644376823782
488,71,3.0,3.4742045041861607
878,317,4.0,3.4573188139917512
222,1178,2.0,2.353440559826856
881,214,4.0,2.992145230723373
184,92,3.0,3.2426576980698023
71,151,1.0,4.077523073522502
568,319,2.0,2.6288882859817413
66,50,5.0,4.558716795057675
661,135,5.0,4.4883333420557525
49,594,3.0,2.012664307571371
498,258,2.0,3.3722302514628466
190,273,4.0,3.329761236332146
804,87,4.0,4.392596827356909
110,195,2.0,3.905160425027572
542,451,3.0,3.0436765606591516
429,178,4.0,4.301311584338714
499,328,5.0,3.438667437171202
200,509,4.0,4.5576604393040645
871,909,3.0,3.5489044480710064
453,402,3.0,3.1122768400914596
141,333,5.0,3.704879095897706
227,293,5.0,3.657043352482793
838,124,4.0,4.19102061755904
830,651,4.0,4.2066134857612285
516,660,5.0,3.8507143748834713
343,403,4.0,3.8786995196567964
561,709,3.0,4.240882376044194
896,482,3.0,3.5178418004056264
125,1037,2.0,2.3037349953236883
11,365,3.0,3.3064942207634416
82,514,4.0,3.409240100112051
95,552,1.0,2.9998303669225668
174,715,3.0,3.1977689197426202
41,357,4.0,4.1619771437923925
104,307,2.0,2.6282395356655734
49,287,4.0,2.942236831231175
416,258,5.0,4.069150829373409
60,490,4.0,4.177713351278593
694,484,4.0,4.5259980245603755
84,294,3.0,3.6156426165261784
145,470,5.0,3.523138728644631
268,1208,2.0,2.6947573997952863
152,410,4.0,4.073028203004739
917,9,5.0,4.008496111890389
905,508,4.0,3.6548460821817845
536,480,5.0,4.486576195935085
106,956,3.0,3.75509406955016
642,928,5.0,3.456407201780774
497,274,3.0,3.2667621781184053
450,1263,4.0,3.385785946552933
304,298,5.0,3.7587801414514916
766,318,5.0,4.148431955537772
22,173,5.0,4.490752973778283
840,632,3.0,4.302831523785154
43,58,3.0,3.831907801563654
6,134,5.0,3.9562130255829637
758,176,5.0,4.150941822343311
505,176,4.0,3.4525336447866524
10,604,4.0,4.388701099032671
355,682,4.0,3.6433626746622707
301,117,5.0,4.368477194961584
301,180,3.0,3.6408613370426743
694,205,5.0,4.501747160457679
297,282,3.0,3.1869537500724836
336,1183,1.0,2.7866926074820797
907,185,4.0,4.884084700966202
285,194,4.0,3.940458901534439
110,905,3.0,3.2642889210724464
779,15,4.0,4.341852412951254
236,1013,2.0,2.084171586595493
884,275,4.0,3.693661119525338
14,25,2.0,3.8449361309413685
387,202,3.0,3.5612899499421715
122,1044,5.0,3.5128347029162783
805,772,3.0,3.2148619376613863
311,942,5.0,3.945284293353583
864,43,3.0,3.379846001103604
68,742,1.0,2.7781284293225146
450,91,4.0,4.029649369880318
113,116,3.0,4.261090973571632
562,393,2.0,3.0294064070920648
450,194,5.0,4.422320181239261
279,1497,2.0,3.46225330737187
291,369,3.0,3.050892877272049
537,1011,3.0,2.7569561248821763
268,860,1.0,2.0917186205746447
215,181,4.0,4.358455095417382
705,720,5.0,3.560340785049934
567,357,2.0,4.178260464579357
1,188,3.0,3.6757760888261446
676,300,4.0,3.6376809275137334
784,327,4.0,3.951287796396616
167,465,5.0,3.279915174109479
747,591,2.0,3.9578903836592847
343,708,4.0,3.8447483609408426
59,770,4.0,3.4336125141830167
269,441,1.0,2.3684496253196183
840,654,4.0,4.643248043887512
405,675,1.0,2.0855319773826313
194,204,4.0,2.7559840333106833
189,129,3.0,4.038588292639612
270,509,3.0,4.606418646683853
313,629,3.0,3.3270659493782992
75,25,5.0,3.383997770730234
362,323,2.0,3.3940815782819977
756,245,3.0,2.4560208967474484
62,511,4.0,4.175306864608035
269,186,2.0,3.1281901362742324
243,223,4.0,4.310509415309707
318,191,5.0,4.324249277964617
911,479,5.0,4.140812689671697
354,497,4.0,3.679254033002467
804,154,3.0,3.7884490545440306
471,465,5.0,3.5412544864643305
497,721,3.0,3.3656650991764208
561,1,2.0,2.7773241529911727
417,825,4.0,2.9145832620152365
1,242,5.0,4.50626686504921
773,367,2.0,3.4417211228845224
922,451,4.0,3.3248153481436606
543,318,3.0,4.397332408488447
143,322,4.0,3.299872288009542
848,845,5.0,4.1539905440554294
852,407,3.0,2.6828837640072685
669,649,4.0,2.9777578582705155
152,871,3.0,3.6096396607416072
5,373,3.0,2.229508436127589
11,258,5.0,3.3141008219526427
600,578,2.0,3.454921506110848
128,181,4.0,4.193814569274639
648,23,3.0,4.031061463255232
351,750,5.0,4.512973516431509
535,196,4.0,3.619400102882284
59,529,4.0,4.533921972251849
648,523,3.0,3.682441358595504
254,415,3.0,2.2084384113929274
7,489,3.0,4.329819330708695
756,435,3.0,3.705581165938023
692,66,2.0,3.2711514407425164
397,1018,4.0,3.434151252804554
711,955,1.0,4.029126577948123
210,568,4.0,4.067359910789335
868,567,1.0,2.3519845553484675
627,288,3.0,2.6560523633939006
936,253,5.0,3.8019046775167364
615,1021,5.0,3.762246218360932
845,1434,4.0,2.9603829065348806
639,423,2.0,3.3055473058347786
239,208,3.0,4.197889369012472
11,24,3.0,3.280867929121591
679,327,4.0,3.1791205491278336
943,1047,2.0,2.922099016307046
385,945,5.0,3.80349116803413
543,1555,3.0,3.2028356398190585
299,89,5.0,4.222772600560314
144,197,4.0,4.055617593925423
584,450,2.0,2.5324579136614163
711,393,4.0,3.4190421294355215
213,985,3.0,3.6978566473250107
73,748,2.0,2.8574473001251905
749,661,5.0,4.307637917669292
889,265,4.0,4.034847592265473
457,122,2.0,2.861803929070479
588,316,5.0,4.635073240547245
106,463,3.0,3.7880245183809786
295,794,4.0,4.454723053618796
807,8,4.0,4.020183118708919
178,823,2.0,3.271962991630584
193,541,1.0,2.6119240155165184
368,567,3.0,2.716328725614176
757,183,4.0,3.885767904934807
764,633,5.0,4.344113719907057
177,168,4.0,3.896029822737792
815,229,3.0,3.0963741302510552
395,1028,2.0,3.1322018218119796
97,89,5.0,4.372711735403004
727,815,3.0,3.1974885779252333
11,728,3.0,3.1119808397792217
130,1231,4.0,3.0662646969029015
391,507,4.0,3.849070259683901
332,226,5.0,4.371489605913167
828,1062,4.0,3.455563492904355
221,298,4.0,4.006301337239766
327,1,4.0,3.366042950252028
864,423,5.0,4.352295346557821
447,13,5.0,3.6502544104332135
188,484,5.0,4.292976054946874
864,625,4.0,3.7344373347264375
206,1022,1.0,2.451057935258952
21,242,3.0,4.101229350187312
14,23,5.0,4.424458826786659
72,48,4.0,4.186091246776819
463,103,1.0,2.679204394714874
272,79,5.0,4.181783802732407
833,1628,3.0,2.924134676726519
487,313,3.0,4.77869432224453
349,1128,3.0,3.169251601795767
308,293,4.0,4.000521001097832
279,70,1.0,3.238781246019615
445,9,2.0,2.285928634993299
207,204,3.0,3.585367443155218
457,956,4.0,4.373639920480383
495,629,3.0,3.6382514159328316
648,637,2.0,2.982696116798956
660,41,1.0,2.2157389786062547
373,380,4.0,3.695094588783554
62,159,3.0,2.74077079955771
919,300,4.0,3.8541060131740865
663,243,3.0,2.3875823813822676
214,166,4.0,4.110605104705653
622,22,4.0,4.109591008210545
339,383,1.0,2.6666560164579356
553,589,5.0,4.019290501471294
146,302,4.0,4.497203143336196
514,294,3.0,3.2159909635223345
487,652,5.0,3.9724644219182714
679,215,3.0,3.5964900545234992
450,1054,2.0,2.7917490819148356
343,147,4.0,3.6249539164070455
454,1,3.0,3.081927539550156
371,97,5.0,4.324273276005614
167,222,4.0,3.799001285581583
347,24,3.0,3.616591088985683
385,671,3.0,3.513503108680628
450,1119,4.0,3.8811905061859906
797,243,2.0,2.0931687504860927
328,798,2.0,2.919118907738193
1,270,5.0,4.023338273032071
200,841,3.0,3.5759960756871014
151,507,5.0,4.196053611317493
655,628,3.0,2.6066146884463746
95,523,4.0,4.165169159827598
606,827,3.0,2.9736347713288103
444,307,3.0,3.6794132174409726
94,68,4.0,3.5519957426348685
393,1210,3.0,3.6579826992328273
642,1011,3.0,3.5634270615113803
180,191,4.0,4.495732931284873
378,234,4.0,3.9303367410918315
524,175,3.0,4.216532258715389
380,496,4.0,3.528921169751277
707,869,1.0,3.0717340619106284
122,1168,4.0,3.74589462220861
465,191,4.0,3.3216016049257755
444,275,4.0,4.112417966146058
578,324,1.0,2.512728156338384
530,607,5.0,3.863644112883149
757,1210,2.0,2.6384508754174916
671,195,5.0,3.7210662443372913
426,617,3.0,3.555736163228412
94,228,4.0,3.673438054469044
828,340,5.0,2.765357640546282
660,1035,2.0,2.4963276578936067
544,270,3.0,3.17092795376133
784,323,4.0,3.3792183255389183
244,685,2.0,3.4471924721568694
315,137,5.0,4.273868431709133
622,742,3.0,3.3516038670640302
927,237,4.0,4.623442683753487
102,82,2.0,3.103395550060166
470,285,3.0,4.179978617587797
551,1067,2.0,3.5558186510802474
506,183,5.0,4.076767032097783
932,480,5.0,4.703463484388834
1,170,5.0,3.9010091125994975
554,692,4.0,3.692512361567362
450,59,4.0,4.28635355876811
611,301,4.0,3.3494869067269457
697,301,5.0,3.4632578950123394
215,23,3.0,4.195947004346669
890,403,1.0,3.6462360991742298
277,121,2.0,2.881080885519373
85,238,2.0,3.9505201679624533
859,25,4.0,3.9292831654678775
301,109,5.0,3.5798305039259146
883,589,5.0,4.555478739835493
601,419,4.0,2.7695504095159884
416,475,2.0,4.197457096740378
815,418,4.0,3.6372826744769955
347,70,2.0,3.832048333163703
363,181,5.0,3.8126846934457745
390,286,4.0,3.7680959938459386
648,38,5.0,3.113372375388668
648,399,4.0,3.514211719408806
666,510,4.0,4.077794152168291
193,56,1.0,3.8900616063367304
758,922,5.0,4.350699190594826
274,845,5.0,4.0273951727158765
264,42,5.0,4.299495453930816
344,476,3.0,2.985724905430952
314,1074,3.0,3.417599371957711
135,321,4.0,2.8318927045952207
340,418,5.0,4.00648732303537
293,70,3.0,3.5752947845818936
727,62,3.0,2.6471958168381353
892,1,5.0,4.082580947675505
92,183,4.0,4.343171397653942
833,761,2.0,2.3649500228510068
7,133,5.0,4.414377191099325
922,810,4.0,3.011413321007356
130,269,4.0,4.351455604231041
657,873,3.0,3.239489642637635
474,529,5.0,4.088669496791433
693,272,4.0,3.7772739310410213
917,473,3.0,3.367161252594359
269,51,2.0,3.135384060377811
524,708,4.0,3.637759969843459
786,285,3.0,4.335346436471606
311,648,4.0,4.544708649639854
747,169,5.0,4.450323051231386
450,790,2.0,3.2266776678876306
23,217,2.0,3.125753020806709
394,90,3.0,3.5278965404171303
711,1221,4.0,3.858274182112373
270,53,4.0,3.9862960713388054
934,498,3.0,4.385693307665467
296,209,4.0,4.268926539584929
181,1371,1.0,1.7517659765720903
326,419,3.0,3.495686748626998
458,427,4.0,4.14858723507903
116,325,3.0,2.2667023854560555
346,96,5.0,3.9847824687639917
276,232,3.0,3.51120232759692
66,405,3.0,3.529248727750622
868,132,4.0,3.4967125547988136
634,150,3.0,3.9261718135147836
101,826,3.0,2.3563821099338416
796,660,5.0,3.9262510834506457
271,514,4.0,3.3032850494113486
650,452,2.0,2.3270139496166733
280,554,1.0,2.871267471205521
650,928,2.0,2.6583181750807605
615,988,1.0,2.7139118449462054
268,627,3.0,2.60833802669427
416,333,4.0,4.006535440531171
344,272,5.0,4.121417925890167
474,1421,4.0,3.7973408025505044
488,22,4.0,3.9448400408509436
496,561,5.0,2.3146772337955173
910,684,4.0,3.2630472905319174
796,258,4.0,4.1861300655548686
169,301,4.0,3.136460033171622
311,118,3.0,4.113807866711367
890,136,5.0,4.062223190625013
390,1296,2.0,3.6093730376432
269,205,3.0,4.00990088453476
299,482,4.0,3.9217282828656526
92,515,4.0,4.1274303684820275
747,603,5.0,5.0
149,346,4.0,3.055660637843849
751,209,4.0,4.275419827116793
15,748,3.0,2.669643822887086
94,993,4.0,3.4331899686695317
13,173,2.0,4.097906978259808
92,949,3.0,3.2913186805705434
470,9,5.0,3.564862710642667
655,518,2.0,3.06381109196929
59,503,4.0,4.357353955410034
104,25,3.0,2.597893742025845
556,327,5.0,3.685403944271979
321,283,3.0,3.7136054859220184
75,597,3.0,2.9454937265103025
416,526,5.0,3.8669384969779905
450,136,5.0,4.4356026049580715
13,128,1.0,3.0896916512480863
416,689,4.0,3.6589320431106525
588,393,4.0,3.7752867567135837
727,755,2.0,2.637582068975332
290,252,3.0,2.717132469829905
224,1053,3.0,3.049790459424296
6,274,4.0,3.255155770518683
276,322,3.0,2.815695125611355
942,265,5.0,4.569052286801776
217,550,1.0,3.088347836054402
932,414,4.0,4.07033954191351
290,699,3.0,3.3361129837080674
736,1388,5.0,3.2799023829058327
683,133,5.0,3.4453502356544554
627,47,2.0,3.459328094478084
387,286,2.0,2.9368737456707485
892,155,2.0,3.3089040024897467
606,197,3.0,4.667894810453315
897,238,4.0,3.302303226109935
881,177,4.0,3.5643917746609035
524,235,1.0,2.395519276621386
504,234,3.0,3.865983594031428
937,268,1.0,3.962384308421992
181,1361,1.0,1.755126739383006
747,488,5.0,4.474104181211113
624,300,4.0,3.56699771054908
227,150,3.0,3.86909178320513
894,305,4.0,3.727584640603323
110,1090,2.0,2.660677794184139
653,472,1.0,2.456384805727925
206,310,5.0,2.726359063660647
276,383,2.0,2.5592378007044267
416,388,2.0,2.919240965897708
938,288,5.0,3.6140618777415794
200,578,5.0,4.1641146881138145
21,873,2.0,2.6102191855954127
7,386,4.0,3.551075226580945
347,163,4.0,3.684753401887897
650,211,4.0,3.481401582078308
450,601,3.0,3.9911013081672024
374,692,5.0,3.9820283811243478
303,260,3.0,2.50638611591417
652,259,2.0,2.647641751959788
500,285,3.0,4.1147490345752065
213,144,5.0,4.2753167234593885
435,159,5.0,2.9473212032065104
393,949,3.0,3.27535853529245
595,820,2.0,2.7728232417834744
748,154,3.0,3.7217804429932837
639,519,4.0,3.411915955410063
374,193,4.0,4.142489518165304
301,802,2.0,2.8638223169328003
454,228,3.0,3.2036110037298737
705,578,3.0,3.527594133634647
936,410,3.0,3.7202670354021845
181,1339,1.0,1.7270462328442502
486,328,2.0,2.400003123341695
660,1181,1.0,2.0249511427578604
627,1478,3.0,2.7091594964663903
533,659,4.0,3.8728331721128986
168,931,3.0,2.095674536743275
279,64,1.0,3.9949969445913025
541,393,3.0,3.507917380787234
194,168,5.0,3.404628170544616
166,894,4.0,2.7457707051455755
518,147,4.0,3.88155515964768
264,606,5.0,4.560745285536846
661,97,4.0,4.238946935746973
710,181,3.0,3.771434980945509
931,900,4.0,3.9771189218332372
195,227,3.0,3.2477410667654736
694,1455,3.0,3.6942380294321864
648,484,5.0,4.090898125121018
188,468,4.0,3.1137706072806086
618,4,2.0,3.2171190199202764
484,141,4.0,3.790583585204147
715,941,2.0,3.2373582821159568
83,301,2.0,3.1560286635822807
771,114,4.0,4.263158092263484
710,204,4.0,3.552125725277512
17,7,4.0,3.226336933421687
299,508,4.0,3.3190965446020906
117,597,4.0,3.5563984260364228
428,690,5.0,3.513514513801742
171,326,2.0,3.3366790391132635
881,1078,3.0,3.00496044408065
7,603,4.0,4.366458154714291
838,257,5.0,3.8610986964029737
830,568,4.0,3.6637958053836446
893,117,4.0,3.975404323056547
766,520,4.0,3.7199348810705084
921,1016,4.0,3.1616320461496827
848,451,4.0,3.86980506236451
399,763,2.0,3.214678886558151
59,23,5.0,5.0
10,157,5.0,3.992773414997732
456,60,4.0,3.8925365163958667
49,1009,3.0,2.8255800214470708
58,191,5.0,4.433069285978144
523,412,3.0,2.949788172967031
642,368,4.0,2.2583610391167293
194,518,4.0,3.6857725960449157
782,258,4.0,3.382581284272047
435,585,3.0,2.766441669285337
332,323,5.0,3.905408953582152
521,239,5.0,3.038827741702163
893,410,4.0,2.627214750971014
366,288,4.0,4.122623967656119
230,96,2.0,4.137329830104018
523,382,5.0,4.115675865020937
537,460,2.0,2.277542237775531
796,485,4.0,3.7977491651910467
145,682,3.0,2.27292048883207
243,7,3.0,3.670699236853862
730,1012,5.0,3.02165702510689
455,288,2.0,3.542184803186212
25,134,4.0,4.147556931326033
158,1011,4.0,3.3770178359583607
10,176,4.0,4.468656554379817
637,591,3.0,2.835793661686647
33,751,4.0,3.8564487250347663
802,484,3.0,4.004164178399892
707,1628,5.0,3.401174134301096
537,188,4.0,3.224850575977721
387,435,3.0,3.063527068673315
758,831,4.0,2.9412984204767842
435,172,5.0,3.9132861811576047
416,833,3.0,3.5376579520874425
276,31,4.0,3.5445102890505398
76,7,4.0,3.971864455224895
276,1478,3.0,3.032258967189941
268,67,3.0,2.5810231674171717
393,825,4.0,2.9771195826419365
556,340,5.0,3.8574774495139916
344,122,1.0,2.781994695557136
748,194,4.0,3.9354619615036373
203,7,3.0,3.8015349086719277
567,257,3.0,3.583684493371564
450,923,5.0,4.516823790291734
258,311,4.0,4.0587050293276326
897,451,4.0,3.889753947772505
457,144,5.0,4.618050499444829
770,328,3.0,4.194627310055142
358,221,5.0,3.3782954805194167
399,420,3.0,2.9492530578056866
301,431,4.0,3.354290019719897
524,77,3.0,3.1074071160053123
359,472,4.0,3.3731882156697606
583,286,4.0,4.317139036080409
665,1315,4.0,3.350829790395877
94,34,1.0,3.5225035036876666
570,301,3.0,2.8141993858910666
182,423,5.0,4.092577097494572
736,748,2.0,2.55031677488713
339,317,4.0,4.234457756676133
815,616,1.0,3.1350748144832603
707,1397,1.0,3.286795907827514
500,82,4.0,3.140445849730592
14,100,5.0,4.315881624877589
85,751,3.0,3.1283638941029617
653,431,4.0,2.7386101431955137
688,288,5.0,4.883011769748468
454,162,3.0,2.52926794740744
467,181,3.0,4.268516212501048
561,549,2.0,3.231202335857748
339,655,4.0,4.2315664204187495
189,253,4.0,3.8073977242832298
409,527,4.0,4.254285604346146
234,162,3.0,3.1393825854666986
393,265,4.0,4.064311263844694
102,79,2.0,3.374756975516634
620,173,5.0,4.847759551745897
249,129,5.0,4.017870628728253
883,265,3.0,4.083078667684111
389,1286,5.0,3.477993374474537
590,15,3.0,3.6061503975301563
915,346,2.0,3.3995188345223766
773,109,4.0,3.1614442370141864
314,147,4.0,3.8305852109167375
451,984,4.0,2.3588932366865296
94,750,4.0,4.149148854244291
551,917,3.0,3.525308706897056
345,40,3.0,3.205462435779412
210,172,5.0,4.622085696567186
73,285,4.0,4.3560997285486405
244,1012,2.0,4.035333201544813
119,459,4.0,4.264166249013115
409,206,4.0,3.2016162244210062
213,678,4.0,3.569038026177452
269,252,1.0,1.3102060574030532
222,448,3.0,2.997107231598983
58,174,4.0,4.456172206395955
150,147,4.0,3.601498940397301
279,203,2.0,3.7850626621614465
312,132,5.0,4.807370317848555
108,125,3.0,3.446351801666473
361,194,4.0,4.0960083918236885
747,596,5.0,3.7987876378079206
470,93,4.0,3.653547610229011
474,469,4.0,4.115474528221239
788,828,3.0,2.7701836752002924
328,318,5.0,4.582430003257981
89,880,5.0,3.511492371889598
75,1151,2.0,2.891040370878642
748,326,3.0,3.25896318672555
612,477,2.0,3.2074288071983106
943,391,2.0,3.0777599546736782
655,1466,3.0,2.767014211278567
486,1302,3.0,3.2248466292256315
340,50,4.0,4.670119532668999
886,1231,3.0,2.7440738627150165
332,291,4.0,4.2823193016892835
642,357,2.0,4.2787465403204665
328,523,5.0,3.952233842030178
432,405,4.0,3.558668798745942
342,1016,1.0,3.084771835961696
561,952,3.0,2.6919605911353135
387,856,5.0,3.888789334268614
846,1133,2.0,3.238717923808658
69,427,3.0,4.850465056809373
561,679,3.0,2.8627758831464543
533,44,4.0,3.2561144786256913
374,427,3.0,3.897697247145518
584,108,3.0,3.173928120836938
858,181,2.0,3.5210016240614332
312,483,5.0,5.0
181,1346,1.0,1.8802594348421948
869,294,3.0,2.8463984801862114
766,375,2.0,2.1376368016489207
92,672,3.0,2.2624060895625413
622,46,4.0,3.188246421523531
463,1284,4.0,2.4099630071167986
482,301,4.0,3.1419620049508863
45,278,3.0,3.0118194922144994
401,88,4.0,2.700476200755105
137,546,5.0,4.16492114996909
38,940,1.0,2.953441871163116
899,597,2.0,3.09455465178299
69,288,5.0,3.3027507658301003
523,155,4.0,4.103355759708713
574,900,4.0,3.8116551346853904
153,64,5.0,3.895495248195582
327,129,4.0,3.4969059459751755
393,323,2.0,3.1551774477664316
342,488,5.0,3.8612171378873197
610,378,5.0,3.6808179256269993
291,95,4.0,4.136773609248548
943,685,4.0,3.6502680347195016
878,517,4.0,3.1935009470306577
515,243,3.0,2.193865247097631
406,431,3.0,3.4439368563849277
246,369,3.0,2.268854689533147
147,292,5.0,3.9775402856244186
21,15,4.0,3.3597944280430534
846,76,4.0,3.418596624097835
908,434,4.0,3.5151369699719153
87,2,4.0,3.641841489762268
126,990,4.0,3.5766157718229987
521,147,4.0,3.0596466260575244
477,739,4.0,4.25543755032
593,815,3.0,3.187631166093459
747,82,4.0,3.7875285048111635
465,428,3.0,3.5813376056578115
56,265,4.0,4.261023080457523
437,186,3.0,3.6865641208294297
627,79,3.0,3.5660749671263203
807,118,4.0,3.9920498067195958
303,120,2.0,1.972901243878973
305,15,1.0,2.8649089828243763
305,382,5.0,3.4088612120361828
5,80,2.0,2.1686165970845366
405,446,1.0,2.117911979012208
634,137,3.0,3.5264673265307254
425,96,4.0,3.614689592860027
293,1286,4.0,2.843161426992815
151,692,3.0,3.81691063842493
934,514,5.0,4.001632174712437
471,422,5.0,2.4106362854060492
313,655,4.0,3.654388697956979
407,68,4.0,3.5398573583346744
847,602,3.0,3.073811023472444
662,319,3.0,3.626780538658002
173,984,4.0,3.685225468192307
269,448,2.0,2.740395444733355
416,111,4.0,3.527972774437611
218,789,3.0,3.302770713220685
264,1069,5.0,4.00758855841948
268,790,2.0,2.536458345087229
303,423,4.0,4.323636513925555
529,301,4.0,4.056798138300218
373,559,3.0,3.2264162503212246
311,520,5.0,4.312370193513944
393,196,4.0,4.0915115643145725
387,972,2.0,3.1768379703987235
633,226,4.0,2.837585313470102
447,866,2.0,3.253583363086632
506,271,4.0,3.2555118113859365
485,301,2.0,3.159179496758728
782,270,4.0,2.97460783945688
322,196,4.0,4.016805171611685
145,823,3.0,3.205084506490663
846,967,3.0,3.6940162039641313
881,511,5.0,4.430969219909765
146,311,4.0,3.9294894628719246
869,310,4.0,2.907405783433877
244,193,4.0,4.128988482913588
315,230,4.0,3.576013582802245
749,233,5.0,3.3396602342041035
788,679,2.0,2.8687724654675284
758,676,2.0,3.531233990462794
527,129,2.0,3.9344294339768275
619,226,5.0,3.478395277805936
932,211,5.0,4.079888231743026
534,595,4.0,3.686455508186653
293,367,2.0,3.2184228209847507
539,357,4.0,4.7240603111145045
279,22,1.0,3.8661435511196873
256,233,4.0,4.399409762220642
625,705,3.0,3.7853349681223194
371,746,4.0,3.654164773350009
222,441,2.0,2.6344382978634284
852,289,2.0,3.118728074704245
301,81,3.0,3.687038015300003
63,748,4.0,2.6334095112970353
354,321,2.0,3.5995345380355017
343,303,4.0,4.138031975627582
580,1014,3.0,3.174055135052303
694,203,4.0,4.063147882786967
361,430,5.0,3.7818806982103066
297,690,5.0,3.546157835240415
328,744,4.0,3.405469377580821
896,836,3.0,3.232072890248752
805,470,5.0,3.422218828785326
807,398,3.0,3.197377957133771
274,924,3.0,4.019360192906835
854,249,3.0,2.834707443192525
256,100,4.0,4.550643913326406
500,1048,3.0,2.898676593441553
16,125,3.0,4.06882515157339
850,50,5.0,4.775037489732949
214,179,5.0,3.8139086007079617
151,1041,3.0,3.1477908147822338
267,127,5.0,5.0
72,770,4.0,3.430142359448794
107,258,4.0,3.604572033452593
297,153,5.0,3.6581023798395718
624,1289,3.0,2.980395443704843
333,513,4.0,4.567446713783007
686,191,5.0,4.962856251183342
486,544,4.0,3.4564726671108295
313,497,4.0,4.054481377880798
561,582,4.0,2.81982071741794
270,98,5.0,5.0
497,840,3.0,2.6385473963039505
825,235,3.0,2.7208881931570525
393,1285,3.0,3.295797839791686
378,665,2.0,2.7904115016542135
378,949,3.0,3.335900515248386
118,164,5.0,4.398068884965057
387,665,2.0,2.715201635608645
234,45,4.0,3.274556965543692
151,546,2.0,3.2306996625001125
874,311,4.0,3.7955594039843654
168,151,5.0,3.322199326827729
629,196,4.0,4.356866090684045
85,530,3.0,4.034597365970286
224,748,3.0,3.2224860833117837
591,1028,3.0,3.242021032612284
324,331,4.0,4.209922104137924
181,251,1.0,2.5581103076549687
913,151,4.0,3.1252259008323606
293,1057,2.0,1.9215755059964408
416,1037,2.0,2.638175070572713
327,517,2.0,3.6050729192255178
407,729,4.0,3.331341740304443
782,313,5.0,3.8523697278479863
785,661,3.0,4.278207571577414
256,550,5.0,4.324342942722933
381,133,5.0,4.257799466525485
826,946,3.0,3.576384315452468
650,520,4.0,3.702977066886971
457,157,5.0,4.3635530099376165
399,1179,2.0,2.4039408260179678
682,627,4.0,3.036408969654194
406,129,5.0,3.9048706581142616
70,82,4.0,3.607178536376417
469,654,4.0,4.697383278823843
254,384,1.0,2.4468250003014487
234,97,2.0,3.2346616157404493
416,763,5.0,3.822440209215581
851,1245,4.0,3.435895268211164
373,842,3.0,3.279182724521726
839,111,4.0,3.205758577941425
43,323,3.0,3.2163226293474243
437,281,1.0,3.0215052786320857
378,405,3.0,3.251086793603647
230,739,5.0,3.8499910051464186
671,511,3.0,4.052963111062853
648,127,3.0,3.6933615228120775
625,4,4.0,3.1384931463982046
566,78,1.0,2.345141348638736
389,686,3.0,3.6913158990196884
416,452,3.0,3.5321578423081297
612,476,3.0,2.92703039289415
911,483,3.0,4.214344387955022
269,133,3.0,3.624468587958869
276,765,3.0,3.0520276343398005
273,313,3.0,4.418926848877838
640,302,5.0,4.926127037283703
519,1617,5.0,4.267041129353965
217,1222,1.0,2.5264919402594566
403,258,4.0,4.381487805713973
8,341,2.0,3.8244180125933895
234,1121,5.0,3.11174175400476
707,747,3.0,3.508958140317638
663,658,4.0,3.480141366332965
712,168,2.0,3.9895653320672126
453,797,1.0,2.9758469346325502
378,629,5.0,3.3597703328749784
712,4,4.0,3.6160560151106234
177,98,5.0,4.4081958036867555
91,750,5.0,4.197372951518575
763,230,3.0,3.554586569683205
454,140,3.0,2.5428007833907755
666,603,4.0,4.243349853722573
346,549,4.0,3.3544625315732746
266,325,1.0,2.7212523482612303
44,294,4.0,3.3768045677521474
345,71,3.0,3.784333268819967
392,249,1.0,3.75183429176563
378,977,3.0,2.6351300786796497
622,284,1.0,3.2117691006349594
71,89,5.0,4.0716637709252
468,257,4.0,4.074168102890763
660,432,4.0,3.2565038290522095
775,329,3.0,3.4006497690638033
39,269,4.0,4.223277408789829
889,72,3.0,3.1404335541827977
201,288,4.0,2.989139175280029
684,408,5.0,4.23889651959261
824,245,2.0,3.1856165599253328
455,269,4.0,3.6500065380230864
95,568,4.0,3.3673407098589028
901,142,4.0,3.5510159998628286
85,495,3.0,3.527600799434978
539,131,4.0,4.0051225693095995
379,284,4.0,3.475951127102011
857,348,1.0,3.8145780539016068
894,536,5.0,3.4469339390949316
330,73,5.0,4.526041375230709
927,928,4.0,3.8309393842064905
870,528,4.0,3.862762593852628
230,633,4.0,4.164870557362695
592,815,3.0,3.300933612205091
406,1008,4.0,3.3986028933022387
889,427,4.0,4.176625366486158
655,1012,3.0,2.894834458911414
363,555,1.0,2.2333077636933796
291,82,4.0,4.2210366173979015
864,317,4.0,4.187993633448194
89,197,5.0,4.255521285962564
279,176,3.0,3.7524157145287047
201,587,4.0,2.6642416839456184
457,744,3.0,3.8369392642843576
95,862,1.0,2.3506282061198873
42,736,5.0,3.944735496283211
486,766,4.0,3.294096277749191
875,511,5.0,4.800895139123024
701,292,4.0,4.308988590557117
593,1016,4.0,3.585526883964145
1,122,3.0,2.7007303869717667
788,12,5.0,4.006739826909009
339,640,5.0,3.3890660272658915
883,513,5.0,4.985779709244792
823,419,4.0,3.716692026090614
222,476,3.0,2.622801532898975
653,154,3.0,2.834710547175156
786,528,5.0,4.369567040964577
588,155,5.0,3.7339586969780894
13,1,3.0,3.8266315483593134
77,1,5.0,3.5508166665049936
130,876,4.0,3.436589212430923
279,1244,3.0,2.6547176102427654
181,846,3.0,1.4330118417511668
320,89,4.0,4.798449208811679
699,211,1.0,3.765131901079507
361,466,4.0,3.619347437176182
229,312,3.0,2.690960232833289
14,474,4.0,4.327542505230491
713,690,1.0,2.5838045074100253
292,298,4.0,4.201792953519814
1,120,1.0,2.259017038634901
312,654,5.0,4.695154267385043
484,14,4.0,4.066679467379182
344,716,3.0,3.091174836134241
806,675,3.0,3.5026862472604643
625,97,4.0,3.337883905122638
183,331,3.0,3.4232132560716027
758,496,3.0,4.16654322565211
299,538,3.0,3.2950245283519224
356,347,4.0,3.686722512999795
465,481,4.0,3.5707006992077885
163,286,3.0,3.6341375420492197
144,318,5.0,4.57207948682002
711,162,5.0,4.521068400961406
42,491,3.0,3.85945077328878
95,405,3.0,3.3633377633709367
158,4,4.0,3.8491485354353654
381,493,4.0,4.193688646592577
429,216,4.0,3.8155969449302773
428,242,4.0,4.534168031878289
144,248,4.0,3.705772877482246
678,111,4.0,3.1976131445083995
102,230,2.0,2.9035719390799333
436,869,4.0,3.5081724496799076
705,597,4.0,3.6279935895794986
934,648,3.0,4.090695210665637
458,517,4.0,3.957766901152113
346,226,3.0,3.3756380350301978
457,470,5.0,4.227691963850419
830,288,1.0,3.4452536462547036
249,56,5.0,4.497144178876724
774,52,3.0,2.779222461674015
655,914,3.0,2.247600266272298
889,182,4.0,3.859840131787126
157,235,5.0,3.453266899700721
293,628,3.0,2.7223392138838265
497,395,4.0,2.379666214467375
682,318,4.0,4.346800684341092
870,713,4.0,3.4809791473089278
221,1067,3.0,3.8216570136298005
15,546,2.0,2.8410853484156124
209,16,4.0,2.858169471003982
435,67,4.0,3.090433251454626
772,678,4.0,3.329392724192111
299,25,3.0,3.2032091929261735
448,305,4.0,3.515751068599444
643,655,4.0,4.032300755510488
234,765,3.0,2.7261194737160945
666,651,5.0,4.203329278840186
276,63,3.0,2.9330773611131686
122,553,3.0,3.796353765991269
328,12,5.0,4.224503978693236
1,224,5.0,3.8206295258577336
738,177,4.0,3.8307002531507623
930,113,5.0,3.029667244322481
875,64,5.0,4.620176507793899
380,518,3.0,3.2491600136573657
406,24,3.0,2.943870732639894
81,269,3.0,3.938403333741665
863,1024,3.0,3.2223831647300956
115,496,1.0,4.005954157511245
537,661,4.0,3.5962285700815846
92,576,2.0,2.9799747828800145
642,15,5.0,4.346328868688334
207,1170,2.0,2.7305036384698553
868,1509,1.0,2.734045293185796
305,1,5.0,3.509259688699519
577,208,4.0,4.020540397862294
798,394,4.0,3.728569294863346
701,311,5.0,4.1703310846955395
537,681,1.0,1.8596100747638387
435,1039,4.0,3.8745874932407003
669,271,2.0,2.6047095244141416
450,234,3.0,4.027940032354128
382,475,3.0,3.6893693070524827
749,423,4.0,4.470783535751592
405,877,1.0,1.1955032312560405
890,152,4.0,3.73330148861313
305,1485,3.0,3.073614252966178
495,770,3.0,3.8198045446011966
87,216,5.0,4.516064640542126
10,708,4.0,3.781833069534247
405,1229,1.0,1.0
82,1001,1.0,2.260621960693681
457,147,5.0,3.99942841374647
635,13,2.0,3.3504216509666014
42,185,4.0,3.8806649111416336
727,550,4.0,3.2577814822630615
795,173,4.0,3.417089562029176
189,847,4.0,3.8276948270163613
301,186,4.0,4.344978649067433
291,249,4.0,4.050208382860243
641,124,4.0,4.389677253112486
878,152,4.0,3.154483076938174
385,378,1.0,2.9303181222214763
788,227,3.0,3.1761840255242584
913,25,3.0,2.6114119037586407
542,959,3.0,3.521509184850787
450,742,4.0,4.501673504242599
930,257,4.0,2.905030464245937
716,143,5.0,4.787136510387407
57,831,1.0,2.649526914781392
829,268,4.0,3.7305986964556372
899,474,3.0,4.032789428615009
234,832,2.0,1.9466626956681843
679,42,4.0,3.57273799976102
515,690,2.0,2.8388441462096745
303,535,1.0,2.919012832774822
796,1037,2.0,2.422862882174792
591,466,3.0,3.5428350151235484
870,789,4.0,3.3049667297754666
792,405,3.0,3.2834257774755473
913,474,5.0,3.8835940622925245
437,730,3.0,3.7644913928700054
705,588,3.0,3.9982926005492354
236,420,4.0,3.3364612074611557
290,739,3.0,3.915940642636414
343,931,3.0,2.1841052545416857
421,175,2.0,3.7192241221186797
170,984,5.0,3.541137099465265
429,73,3.0,3.5444967242996976
547,289,3.0,3.138302620364696
682,834,3.0,2.25151256785375
501,591,4.0,3.9343995054511667
758,109,3.0,3.9209953225381233
892,500,5.0,4.015688750968395
892,121,4.0,3.640079913486742
416,942,4.0,3.7540638999237994
246,426,3.0,2.828436128341061
450,79,4.0,4.564217939413524
719,121,1.0,2.7762021444567924
405,670,1.0,1.8013295859708025
90,52,5.0,4.356757687372634
367,234,4.0,4.470125335419432
270,148,4.0,4.2722500638969665
287,591,5.0,4.235519933920438
325,191,3.0,3.9233797210340526
405,181,5.0,4.030863405164485
708,763,4.0,3.4716673108272724
381,483,5.0,4.986498038643702
922,579,3.0,2.7915030451999487
734,191,4.0,3.699325859065442
82,235,1.0,2.5937134966522986
330,63,3.0,4.211085892792129
144,655,5.0,3.836161055739842
543,410,3.0,3.2328528595898467
230,570,4.0,2.9139916470211045
838,300,2.0,3.966287902548038
62,815,3.0,3.0347113082318935
798,560,3.0,2.793876947632383
504,503,4.0,3.702323387113052
661,86,4.0,4.080734000843085
416,631,3.0,3.7448521276711113
804,1060,3.0,3.180055672658236
26,302,5.0,3.574946772042952
291,1109,4.0,3.682742266536604
458,513,4.0,4.549831404210212
406,747,2.0,3.1438497408598205
174,1313,4.0,3.2139480791812653
749,273,4.0,3.804675249513718
40,754,4.0,2.7130591107949473
421,709,4.0,3.7864358939672234
409,937,2.0,3.4171907228473706
429,1079,2.0,2.2128119182231316
399,400,3.0,2.3787198891861125
64,135,4.0,3.781342542392708
788,1183,2.0,2.3398068973603636
751,1140,2.0,2.3446967491345005
872,1284,3.0,3.1804402024280063
417,29,2.0,2.883600600189618
91,612,4.0,3.8885226408297497
745,168,3.0,3.2662820208019094
831,354,4.0,3.3688268801815666
334,286,4.0,3.344241606180403
545,732,4.0,3.9245390888230007
940,98,4.0,3.7680408275197377
468,1134,5.0,3.4822314659001967
588,72,4.0,3.3847427735022864
251,978,2.0,3.030776286154023
227,124,4.0,4.1607961134997655
751,436,4.0,3.6127573954664594
830,732,5.0,3.553019410667622
660,230,3.0,2.7351565336303914
144,454,3.0,3.003143780506545
431,327,3.0,3.35568282638232
709,1059,5.0,2.757725013006828
243,28,4.0,3.699053199323994
216,652,4.0,3.8678293410461118
655,435,2.0,3.278240376084384
938,106,5.0,2.892035275761591
943,12,5.0,4.097593371782838
18,517,2.0,4.050837518843161
318,307,3.0,3.6523615649984658
372,1090,5.0,3.4976039931760865
30,2,3.0,3.5611428101135285
54,1088,3.0,2.910112667595457
181,273,1.0,1.9303387262166778
543,86,4.0,3.847398624936641
195,413,3.0,2.508787816115032
326,153,4.0,3.5436844972740116
519,991,2.0,3.641945422410911
858,289,3.0,3.6076507647158444
567,23,4.0,4.648060298818996
499,176,4.0,3.808638078039473
234,389,3.0,2.8097063710254186
697,833,3.0,3.4389794487820846
385,98,4.0,3.8428645099037633
263,50,5.0,4.617762693687498
606,79,3.0,4.595047346586634
160,1019,5.0,4.225889025703701
785,496,4.0,4.1429312010831145
472,227,5.0,4.150578088685271
72,180,4.0,3.9219307263262606
828,510,3.0,3.1853021366066963
189,313,2.0,4.257623642748251
447,231,2.0,2.6813497270444557
846,601,5.0,4.096648898676944
276,14,4.0,3.853055521143911
234,842,4.0,2.4471751186488655
56,588,4.0,3.954695553467202
681,304,3.0,3.4713534620362436
276,382,4.0,3.4711095581774796
479,238,4.0,3.443962345359659
704,679,2.0,3.0413230620054605
500,763,3.0,3.142966196694083
391,604,4.0,4.344509308989681
654,418,4.0,3.8675180378819087
199,678,1.0,2.3890022994461777
615,519,5.0,4.067291642373126
73,480,4.0,4.134996449008711
543,23,4.0,3.8813870020769485
495,1182,3.0,3.1498621042086556
649,254,4.0,2.5651306716731614
577,655,4.0,3.7967300780068554
433,174,5.0,3.9705502873528236
710,510,4.0,3.919115804082416
605,325,2.0,2.6869522717730043
927,228,5.0,4.324469570269339
686,98,5.0,5.0
267,169,5.0,5.0
727,257,2.0,3.729364902513451
630,25,2.0,3.5856635602622045
632,475,3.0,3.439592981332608
917,100,4.0,3.850575171665707
573,479,4.0,3.968480294921899
693,222,2.0,2.7583061115906506
75,114,4.0,4.442314339791565
73,269,4.0,3.9179638267765324
5,380,3.0,2.999438979078701
222,678,3.0,2.4579810434175697
635,301,3.0,3.5058855414881958
280,324,5.0,3.5619764224512576
741,582,3.0,3.5240424873647833
303,56,5.0,4.610108760551169
650,98,4.0,3.7066163175282787
188,69,4.0,4.0409138814378025
816,1025,4.0,3.675537239037606
296,22,4.0,5.0
518,118,5.0,3.6010964980057043
621,40,3.0,3.4372784099624787
435,55,5.0,3.56156709596217
160,50,4.0,4.218818967316759
753,427,5.0,4.170852993873319
404,343,1.0,3.1980817453915087
560,13,3.0,3.5914720474538875
472,250,5.0,4.767558868292099
181,117,2.0,2.4607395166322594
592,323,1.0,3.171073172970854
892,649,5.0,3.66398874746747
798,1239,4.0,2.685410126513317
49,418,3.0,2.1431116350995607
293,589,4.0,3.6286688281369712
833,515,3.0,3.8785493050516786
530,98,4.0,4.516676910234388
779,275,4.0,4.252177489891893
881,473,2.0,2.586526273498673
707,1176,2.0,3.798442589624519
95,650,4.0,3.7619692499194795
642,186,5.0,4.562133314898957
724,272,5.0,3.036700253866231
303,79,5.0,4.497468908521463
334,23,4.0,4.190108375385765
466,127,3.0,4.213482688644369
478,124,4.0,3.8011118592509003
458,58,5.0,3.335344485289762
348,477,3.0,3.6063603973976393
825,174,5.0,4.669908057987924
588,268,5.0,3.4710718937000884
82,640,3.0,2.4551731142350137
148,89,5.0,4.018625602786655
316,283,5.0,2.9076132854215815
305,631,3.0,3.628413184015582
18,65,5.0,3.7114946056705387
397,210,4.0,3.769022905744233
537,81,3.0,3.0122031450930216
348,368,3.0,2.7047654642636223
642,1503,2.0,3.9565435471644186
503,488,5.0,4.531885559297787
482,249,2.0,3.245090344676339
536,73,4.0,3.9137983533602223
4,361,5.0,4.2151469152011005
18,317,5.0,3.654269095259241
673,898,3.0,3.5783023273695336
402,135,4.0,3.7312265348228744
829,213,4.0,3.8670514288004663
308,5,4.0,3.261604844959591
628,294,4.0,3.918880631877688
254,1469,3.0,2.8562263766860188
526,544,1.0,2.797675665840096
13,843,5.0,3.349453349535791
468,124,5.0,4.287895691852142
70,423,5.0,3.8055492276999856
405,1530,1.0,1.840298898088506
267,81,4.0,4.142507751267961
903,100,5.0,4.4735080223361825
617,604,2.0,3.224030650697322
451,938,4.0,2.212015267976932
454,15,2.0,3.214943021995077
152,1054,1.0,3.5699363193033817
699,298,4.0,3.6726928019220018
233,143,4.0,4.232111210757633
380,1116,4.0,3.0104135420766527
269,211,4.0,4.3621642668490175
92,56,5.0,4.592334550990502
95,420,4.0,3.753492123934201
630,118,4.0,3.4031056173945586
899,428,4.0,3.58337124572991
454,385,3.0,3.052845693641142
116,11,5.0,3.526615278112757
406,174,4.0,4.52529432749097
445,628,1.0,2.004523161341947
279,843,4.0,2.8950411268170066
313,768,3.0,2.925008069495287
801,313,5.0,4.8621934549288985
8,243,2.0,2.8842736843198287
405,1522,1.0,1.7784136672462854
243,125,3.0,3.4618804718213814
910,252,2.0,2.189219488323637
603,229,4.0,3.1662541086718368
378,126,4.0,3.7934993494365488
130,546,4.0,3.702975575164569
234,286,3.0,3.0718002240859383
235,1149,4.0,3.8637308914277195
867,657,5.0,4.787882991114055
478,393,4.0,3.3078197008776726
280,1313,5.0,3.508442685712843
370,199,4.0,4.050687789898291
70,186,4.0,3.763607132746178
426,199,5.0,4.15173023367587
528,402,4.0,3.5858191370918266
932,47,4.0,3.922198779882967
87,491,5.0,4.107370167868533
506,231,3.0,2.7310115204926384
201,209,3.0,3.6068585469557806
851,31,4.0,3.605688526349994
348,472,4.0,3.8282106494201007
211,9,3.0,3.208661018165879
569,756,3.0,2.8105111003729633
546,860,4.0,3.365347021148603
256,1042,5.0,3.744169520646519
334,28,3.0,3.6731078214856256
663,895,4.0,3.6578987362391544
399,180,3.0,3.2424466186685583
460,294,2.0,2.7169900937140756
896,19,2.0,3.3540754388177545
451,286,1.0,2.9173504153808425
64,188,4.0,3.340240179064363
299,52,4.0,3.68528329709235
405,423,5.0,3.179456997119554
469,173,4.0,4.5806042791814745
655,786,2.0,2.4843351502615603
297,218,3.0,3.478860715871419
701,344,3.0,4.268470591864573
724,682,1.0,2.456682206717367
435,578,5.0,3.32785784771951
59,611,3.0,4.679054710134586
198,385,3.0,2.7792230212208833
458,288,3.0,3.047318102157965
684,265,4.0,3.8164125806144504
867,1159,5.0,3.48166321351264
487,1244,2.0,3.4537184996757535
875,334,4.0,3.7087077762209915
885,451,2.0,3.319584959664303
450,1521,3.0,3.642376292080476
885,428,4.0,3.145906101009767
618,763,2.0,3.2145471111111745
304,742,3.0,3.6587933601819334
903,4,4.0,3.840207791004027
709,568,4.0,3.854755876204809
798,1249,4.0,3.3259452352596277
747,1456,3.0,3.8377393973900777
291,238,5.0,4.6173764411014036
671,405,3.0,3.5137232798441493
886,265,4.0,3.618124224983164
405,1562,1.0,1.9394328711988769
807,422,4.0,3.13714223212046
328,606,3.0,4.249618831304554
790,4,3.0,2.9913393316382533
796,880,3.0,3.1158899582443684
308,201,5.0,3.8981540253946227
291,1067,4.0,4.033479465164041
422,760,3.0,2.864008692755966
776,219,3.0,3.387500452465141
453,693,5.0,3.4425836920154804
459,358,2.0,2.8229731153228137
59,403,5.0,4.005754420774038
189,28,4.0,4.34551555385598
833,508,5.0,3.7182692278273386
479,1244,3.0,3.1221316556773315
234,746,2.0,3.1195889684423155
308,241,4.0,3.495094317098964
62,24,4.0,3.473266658745722
92,368,1.0,2.1395792579779225
563,301,4.0,3.614285873616579
638,472,3.0,2.9029583238144743
916,212,5.0,3.3684234643058426
396,471,4.0,3.8108548804958917
193,693,4.0,3.7985962147335304
76,24,2.0,3.022062391967473
865,676,2.0,2.2524916045554146
352,431,2.0,3.0532371919565575
887,65,5.0,3.630328293692419
293,588,3.0,3.3953940201103685
337,121,5.0,3.371521638786551
805,708,3.0,3.8881822613699377
618,1048,3.0,2.4034143662439633
60,97,3.0,3.7914300206267524
346,241,4.0,3.5872181050934797
659,675,4.0,3.42551243471826
846,780,4.0,3.3034137481562107
753,504,3.0,3.5812522413294183
1,72,4.0,3.231058712044597
392,286,2.0,4.126163767141175
148,189,4.0,4.116971675319437
166,315,3.0,4.17998553901739
814,17,3.0,2.8879309681591203
801,890,2.0,3.1460022804498173
807,186,4.0,4.5344372425794255
689,358,4.0,2.9337004318954256
787,307,4.0,3.3597145857762936
295,105,4.0,3.276667609740681
193,127,5.0,4.276930365818133
163,97,4.0,3.4461002582076365
916,559,3.0,2.8676884387490396
10,484,5.0,4.472033016522349
610,70,4.0,3.868558936650364
222,216,4.0,3.829219446993509
633,322,3.0,2.8547369965514493
872,273,3.0,3.7399493809196276
524,216,5.0,3.554723698681144
539,481,4.0,4.086849031789669
288,190,1.0,4.065261603444074
532,135,3.0,4.14966544134818
145,591,4.0,3.677315949334838
921,1287,1.0,2.965941403505287
161,1117,3.0,2.2366889405157058
758,616,4.0,3.7588634605792364
389,518,4.0,4.147854533529336
85,203,5.0,3.567471003815543
321,507,3.0,3.8011700039696086
181,1252,1.0,1.7736677411040573
49,557,3.0,2.6707842891602533
763,47,3.0,3.7938267571882345
380,483,4.0,3.6207559777397407
514,228,5.0,4.207498351800216
556,988,1.0,2.8406716288535603
665,105,2.0,2.458811150911805
847,174,4.0,3.9828510975792817
487,462,2.0,3.5549604859051938
291,581,5.0,3.706362758266563
620,755,5.0,3.8317351014446053
674,304,3.0,3.6278554382306916
754,359,3.0,3.4776232391512965
194,50,3.0,3.878337176221946
381,526,4.0,4.45906860841502
347,356,5.0,3.1032562696572614
454,879,4.0,2.9283557977006964
825,984,5.0,3.448375740455238
223,309,4.0,2.7986734859252693
450,381,2.0,3.9513030593213845
535,300,3.0,4.383446360882083
782,1379,3.0,2.959167502154562
711,248,5.0,3.995111570212981
165,202,4.0,3.84750830650699
293,1421,2.0,3.026151116444485
532,815,4.0,3.800806185541559
299,378,3.0,3.2957808414636993
682,742,3.0,3.104243425373928
83,993,2.0,3.7447549541815612
681,898,4.0,3.04639687022892
592,15,5.0,4.087049316467895
535,121,4.0,3.699155446495389
204,1,2.0,3.740673860398126
381,724,3.0,3.704637507760261
618,135,4.0,3.408170986446779
643,845,3.0,3.831860519263387
488,678,2.0,2.679076717552847
452,52,3.0,3.600136345651664
240,349,1.0,3.5878897428968046
732,286,5.0,4.071217559119802
468,955,4.0,3.6252986332021675
656,316,3.0,3.5931055929665283
313,98,4.0,4.052934533603957
262,44,2.0,3.250684142719959
216,405,3.0,3.321974201633104
305,1286,5.0,2.8182562248054244
901,259,2.0,3.0926514012561066
6,459,2.0,3.6927585502778517
259,117,4.0,3.847229152908894
92,674,4.0,2.751848159986917
271,705,4.0,3.8036439959779518
442,239,3.0,3.2257028556389886
223,477,3.0,2.906246963725186
6,405,1.0,3.009894017258509
922,77,4.0,3.3180594218580297
269,64,4.0,3.8386679089118827
347,392,2.0,4.1959045999321205
882,180,4.0,4.550015480018452
450,92,4.0,3.7468801291875082
659,186,3.0,4.148386110427727
629,504,4.0,4.162200076453377
519,908,5.0,3.83036734681907
308,419,4.0,3.442123699195723
409,170,4.0,3.84452857199293
356,315,4.0,4.369019120985473
239,195,5.0,3.857249928055425
919,270,4.0,3.7860048627826326
293,732,3.0,2.854061299520187
343,83,4.0,4.189102185197913
648,168,5.0,3.9006488866063114
450,608,4.0,4.174808902426765
847,756,1.0,2.3536911438836094
21,291,3.0,2.6798240736757237
880,12,5.0,4.503690504684386
234,136,4.0,3.5598221379221715
405,168,1.0,2.294067906524364
402,471,4.0,3.69478419017997
500,10,3.0,3.784791984775968
694,632,4.0,4.130154374165705
202,179,1.0,3.5055199658218568
405,171,1.0,1.9714646215136131
735,100,2.0,3.8111098830766865
595,273,3.0,3.5339885777293274
660,281,3.0,2.611152347541773
933,219,1.0,2.7076726111311054
422,181,4.0,3.7395531537857067
829,124,4.0,3.7807025588629677
862,515,4.0,4.714197336439218
59,1050,2.0,4.040630989994027
889,223,4.0,4.151671914687597
7,357,5.0,4.574238805185044
1,183,5.0,3.9891303189518648
716,197,5.0,4.109794288732429
150,288,4.0,3.732564537295681
551,230,5.0,3.191990291746611
60,8,3.0,4.313434155594815
382,717,3.0,2.5409165655896047
594,15,4.0,3.238664590190708
279,96,4.0,2.9268350982595397
184,478,4.0,4.143438732775176
554,238,3.0,3.420140444861892
523,210,5.0,4.773239213210962
234,285,4.0,3.5554228130821146
592,70,4.0,4.081577232446138
815,655,3.0,3.8170712882021776
567,194,3.0,4.141129829186207
393,363,3.0,2.4998478117722485
705,1544,4.0,3.5481721115841434
790,213,3.0,3.923956642265494
276,325,3.0,2.7197474185433195
117,588,3.0,3.9803547645496486
375,233,4.0,3.512970228551691
43,336,4.0,2.9079421693302634
153,22,2.0,3.337193418838699
869,126,2.0,3.384476325348923
401,477,1.0,2.8727909130440663
266,289,3.0,2.6141734472327767
235,135,4.0,4.000628258880339
585,1347,2.0,3.4281529796058976
724,327,4.0,2.4247407222403212
287,168,5.0,4.529500305485
366,436,5.0,4.413765178712208
70,398,2.0,2.6689135077116464
231,151,1.0,3.3365474780191073
293,303,4.0,3.222909822688575
756,919,5.0,3.3364788250483834
271,44,4.0,3.315857069799024
711,380,3.0,3.3082441132035165
75,427,4.0,4.258004178817921
793,458,3.0,3.1361331062851074
595,676,2.0,3.323592034954742
747,1067,2.0,3.9873389547611438
587,353,2.0,2.123398672550632
766,194,3.0,3.7805737002638047
746,566,4.0,3.4967298733706507
373,210,5.0,4.43934517722872
435,1028,2.0,2.8658737232839413
682,87,5.0,3.7305837948001437
181,264,2.0,1.028734949994747
682,1225,4.0,2.5188641149924487
87,21,3.0,3.357044300838808
354,387,4.0,3.646121424551072
12,318,5.0,4.731215213936241
308,428,5.0,3.9886817804359724
885,213,3.0,3.895425512264276
201,150,4.0,3.722294204327877
354,25,2.0,3.9308146012019662
389,208,5.0,4.219193652547837
751,419,4.0,3.3810867647128164
751,739,3.0,2.6441439944780747
927,1415,4.0,3.6306641696430453
765,15,2.0,4.13879322792877
83,71,3.0,4.443621490100013
193,82,2.0,3.5227867746258608
619,181,4.0,4.403841381315205
332,1315,2.0,4.383456416477261
307,483,5.0,4.515857463231652
663,588,4.0,3.6091208365246503
339,9,5.0,4.516281603938199
184,568,2.0,3.596938269641307
483,257,2.0,3.5825532739596615
254,418,3.0,3.256761740720941
142,362,3.0,2.7642216952228527
839,7,2.0,3.623933785205165
537,705,3.0,3.3317865301899525
293,22,3.0,3.5144987888621655
584,423,4.0,3.9118124250920556
393,477,3.0,3.622300974975319
488,493,3.0,3.681163553777366
406,652,2.0,3.8309693981519715
95,742,4.0,3.5943708648306774
773,29,2.0,2.4115111969646383
435,4,4.0,3.312558512112118
397,95,4.0,3.745769998837917
892,480,4.0,4.550530333780865
804,39,2.0,3.284735974183889
661,427,4.0,4.617942055960567
385,961,4.0,3.7686876706758765
588,73,3.0,3.886717066892217
145,1215,2.0,2.276037870282379
933,193,4.0,3.2534263555703804
40,333,4.0,3.2641361803320996
125,153,2.0,3.589219268031532
704,289,3.0,3.2052048292822892
334,500,3.0,3.6199605110398974
10,505,4.0,4.330355360786534
450,619,3.0,3.7480120499227825
285,198,5.0,4.036726932981489
661,209,4.0,4.271028518502312
440,57,5.0,4.6438477932269535
380,480,4.0,3.8544902724671086
661,170,4.0,4.121604608244406
774,554,1.0,1.6104967159242272
870,802,3.0,2.466196138309488
697,129,5.0,4.1911164265451735
13,413,1.0,2.24476124859082
618,151,3.0,3.619808507162095
864,794,3.0,3.9968923896265807
4,288,4.0,4.144028806421991
757,399,3.0,3.1431175952386865
109,122,2.0,2.026612498793065
312,97,5.0,4.191698666683771
921,932,3.0,2.8006793656363764
532,125,5.0,4.505750936696568
239,96,5.0,3.5291101326334986
795,72,3.0,2.7758849878718017
94,1032,2.0,3.04008025345863
431,286,4.0,3.7703650456642768
59,111,4.0,3.4431558520263352
344,235,3.0,3.4868439399520654
499,295,2.0,3.137458705552885
416,972,4.0,3.853642589738847
222,198,4.0,3.419518879030529
423,898,4.0,2.900032122214425
152,25,3.0,4.592092728059822
59,429,4.0,4.194702203233869
405,525,1.0,2.570692069667395
387,222,4.0,2.9305787543155173
286,85,5.0,3.373778285195625
642,133,5.0,3.781041169022796
910,125,3.0,2.769486060901492
807,748,4.0,3.638742151272874
293,222,3.0,2.569558375135081
445,1378,2.0,1.7595810496535729
334,527,3.0,3.8891592983585106
276,1081,3.0,3.386368712511373
296,652,4.0,4.1148814800737075
795,771,3.0,2.2749455889904784
661,756,3.0,3.017576965234538
632,100,3.0,3.768344548142
682,1220,4.0,3.123647523995451
152,284,5.0,4.264762346280868
736,254,1.0,2.277600074331663
484,315,3.0,4.29408495580801
73,59,5.0,3.900534196413193
393,684,4.0,3.918702063037438
397,498,4.0,4.085965718213491
601,21,3.0,2.337224230779275
887,279,5.0,3.816401946979752
195,651,5.0,4.164266797303046
250,340,4.0,3.7290179220556685
835,237,4.0,3.765103491706228
340,15,5.0,4.015412479979778
530,357,5.0,4.487705743888294
707,221,4.0,4.076125652174601
918,133,1.0,3.6870855536200824
85,194,4.0,4.2598111309918325
503,97,4.0,3.9653182472539448
848,739,5.0,3.9975236046232263
847,109,5.0,3.030816776309299
286,237,2.0,4.301385404309744
244,815,4.0,3.3693792663382633
325,176,3.0,3.385079816074653
180,235,4.0,3.3115271432624134
848,755,5.0,4.031961128113421
889,575,3.0,2.5422162767982335
416,1262,5.0,3.9807337474768603
301,227,3.0,3.73129585386634
648,208,5.0,3.413152178694687
843,298,2.0,2.8548677879023914
58,1069,2.0,3.3893002331473205
758,1019,4.0,4.381645401146791
644,328,4.0,4.314026977510116
650,494,3.0,3.5159115860918915
26,100,5.0,3.9098488774812505
610,195,3.0,3.6871008463191965
60,502,4.0,3.931984705547029
316,100,4.0,3.7381947003390796
299,235,1.0,3.0761637288483135
59,588,2.0,3.923104208303644
409,680,1.0,2.4455992633907306
255,879,3.0,2.5265273108905775
293,29,1.0,1.7198016950491817
551,979,4.0,3.921697829864953
500,729,4.0,3.2991110556687984
756,421,4.0,3.157978180701343
660,95,2.0,2.751730769446887
151,482,4.0,4.345336507729131
757,658,2.0,3.2954312446785545
204,242,5.0,3.8809755872623084
868,89,4.0,3.889235479197199
233,47,5.0,4.083454183588376
253,79,5.0,4.3946081396534105
49,313,3.0,3.373819461604079
672,1023,2.0,2.375645431343748
566,386,1.0,2.753055604358819
26,405,2.0,2.817559837038727
125,258,5.0,4.060525362232376
151,238,5.0,4.059696836492232
425,670,3.0,2.56073684727525
327,288,4.0,3.031437993807962
894,275,4.0,3.9845141012095247
698,427,1.0,3.188580280784176
60,661,4.0,4.496868287074685
786,179,4.0,3.8606235237781177
12,300,4.0,3.8829314262495145
775,286,4.0,3.277297594819871
293,51,3.0,2.797539153984954
429,162,4.0,3.586939907122232
437,218,2.0,3.632872514663228
398,603,4.0,4.473233116450202
742,284,3.0,2.956939924662667
503,174,5.0,4.451511710070952
181,275,3.0,2.1619997708313825
479,472,1.0,3.1484136908131335
89,26,3.0,3.919500013305821
870,100,4.0,3.989315613465481
864,12,5.0,4.576718253862478
821,707,5.0,4.646687555430031
407,147,4.0,3.3537875217116744
298,153,3.0,4.501372352270309
221,1210,3.0,2.9522892510241947
506,380,4.0,3.614812813673137
593,40,1.0,2.8350161237448854
243,13,4.0,3.157339215817136
104,124,2.0,3.2745473841551322
188,164,4.0,3.7315470908149164
755,301,3.0,3.446524098740693
561,651,3.0,3.210135102306641
752,302,5.0,3.9561470333294175
92,831,2.0,2.4640833201195917
882,25,2.0,3.9318366533258002
65,294,4.0,3.443496274034487
5,94,3.0,2.8663244302145237
70,128,4.0,3.3855936872073142
403,472,4.0,3.439839395727965
844,241,4.0,3.3657183514895217
128,280,1.0,3.0299566216669738
92,363,3.0,2.5820194060884845
45,473,3.0,3.294030398885402
1,190,5.0,4.372277156127387
660,392,2.0,2.581581874099345
939,409,4.0,4.037534792360122
411,1475,3.0,3.4414768506098468
757,64,5.0,4.191330924747842
537,208,4.0,3.474843829640246
13,838,1.0,2.640180163554189
268,840,2.0,2.345484674582609
608,478,3.0,3.4455724678079163
523,874,4.0,4.170961519000544
411,79,4.0,4.1459408093844115
804,322,5.0,3.1416581503449446
47,874,3.0,3.5190221619620994
758,506,3.0,4.332963842709374
658,182,5.0,3.811484050114429
911,584,3.0,3.4543704527874945
899,663,4.0,3.921534888013493
704,661,4.0,4.183381899764707
727,596,4.0,3.1999438791760304
624,1028,3.0,3.017796273926786
699,98,4.0,3.97266825214314
30,531,5.0,4.07934656517154
686,542,1.0,3.351395867716763
839,532,3.0,3.1891299140176192
639,750,2.0,3.0256324964816
592,619,1.0,3.584733675217463
614,1,5.0,3.829754333036262
831,28,3.0,3.850222498757675
570,268,3.0,3.578558701345381
435,386,4.0,2.4948302109328737
595,508,5.0,3.7295439571157774
387,641,5.0,4.20052285089574
476,1118,3.0,3.193838318824756
472,796,4.0,3.734863429237923
584,161,4.0,3.5216155101261775
548,50,5.0,4.774331847232831
181,1340,1.0,1.7270462328442502
663,1067,3.0,3.662939125391125
344,124,5.0,4.253115817094146
393,123,4.0,2.981413552705184
716,620,3.0,3.2591449465462694
195,67,2.0,2.920374846308119
94,380,3.0,3.0137456419692783
130,24,5.0,3.910767380261974
654,431,4.0,3.8534752647634347
727,840,2.0,2.89259500654903
328,646,3.0,4.048219407303685
739,498,4.0,3.927646100511836
606,228,5.0,4.3669051519520865
491,654,5.0,4.121685256661201
527,507,5.0,3.6685538001231643
467,7,5.0,3.8269403715767614
903,187,5.0,4.233807643576461
859,288,4.0,3.5651367686029336
429,66,2.0,3.248686158738243
592,408,5.0,4.654630681970217
224,949,3.0,2.7670162603182082
781,302,5.0,3.912489158547817
466,550,3.0,3.3485387931777773
684,50,4.0,4.33429228143352
402,25,4.0,4.089462426406042
580,271,5.0,3.4226644431020854
708,222,5.0,4.3325101919387095
59,258,3.0,4.545805359733883
10,663,3.0,4.087403305155784
381,228,4.0,4.018564658814292
391,705,5.0,3.9149177074673744
749,571,3.0,2.977035595546072
378,173,5.0,4.327399906836902
406,238,2.0,3.6405148610249767
102,5,3.0,2.644409463963411
659,762,3.0,3.2733198181994534
707,962,2.0,3.4386359509373565
370,523,3.0,3.8414649944470285
921,132,3.0,4.0256912109526395
537,732,3.0,2.6240516138005177
853,264,3.0,2.6222537292894708
234,87,3.0,3.1414318167748805
303,100,5.0,4.336790401066085
672,1061,4.0,2.913044622100068
934,254,4.0,2.894597614050897
275,96,3.0,3.7093659940192953
776,187,4.0,4.4695060995415155
628,326,5.0,4.404931381548631
62,742,2.0,3.1092471623621853
397,183,4.0,3.895337657358311
420,251,5.0,4.568973195661375
217,403,5.0,3.048103499181458
305,7,4.0,3.432672245139329
911,191,5.0,4.190020363494379
846,185,5.0,4.220075529052469
152,845,3.0,4.52262575037611
588,227,3.0,3.7988864548511314
311,941,4.0,3.6233338349003197
230,240,1.0,2.6355284454277057
53,845,3.0,3.78268025313502
913,613,5.0,3.6208164784822907
551,658,5.0,3.4343727809283866
506,514,5.0,3.978889075404532
339,939,4.0,3.658094497091418
59,216,4.0,4.040578164784176
747,40,2.0,3.376130662468278
54,7,4.0,4.2148107304832285
286,425,2.0,4.137242757267246
900,696,2.0,2.102146575273719
498,933,3.0,2.310274319475454
399,450,2.0,2.064983481028551
796,86,5.0,3.337013182403428
843,82,3.0,2.9004480718523875
545,161,4.0,3.5407690788293475
721,942,4.0,3.8159719326940764
144,66,4.0,3.6601457028819353
509,326,4.0,2.4680787658786807
293,235,3.0,2.674900059031215
85,416,3.0,3.242373049876453
38,406,2.0,3.336660355088912
717,995,5.0,3.6082035018402068
561,505,4.0,3.230562867337972
786,7,5.0,3.9764325967228666
894,886,3.0,3.156526421469374
587,350,3.0,2.8099807638515677
13,21,3.0,2.563922485949208
828,313,3.0,3.7555056604842676
291,202,4.0,4.135425156907567
804,10,4.0,3.832123048230118
110,366,3.0,3.485450262016863
125,482,1.0,3.626117432805782
128,451,4.0,3.241403721631468
840,202,5.0,3.966000798795108
202,423,3.0,3.2128627415441544
807,520,5.0,4.574902207577705
445,994,1.0,1.889808636339883
416,176,4.0,4.328727330112651
406,492,4.0,3.6733664038747516
236,523,2.0,3.5804709663565415
843,135,5.0,3.2626700646048135
535,1045,4.0,3.4345432127316244
276,184,4.0,3.689583696271084
11,180,2.0,4.024285350680447
682,991,2.0,2.3439585917901424
535,521,5.0,4.037932399115894
682,722,4.0,2.5011760683518975
758,200,5.0,3.712625193321987
272,11,4.0,4.003241707716089
6,192,4.0,4.130363893708635
881,215,3.0,3.4415090667558252
536,117,4.0,4.359000836593594
500,1166,4.0,3.263384743075775
122,1268,2.0,4.038468612814809
567,1019,5.0,4.00790569075817
144,410,3.0,3.234921374407253
119,257,4.0,4.346859693765746
181,369,3.0,1.0
262,358,3.0,2.4781251904389965
916,806,4.0,2.95386260056804
942,435,5.0,4.363918788414919
561,735,3.0,3.155022721040894
200,1139,3.0,3.5400154784818803
308,567,4.0,2.935553936816077
267,67,3.0,3.0984482586260933
275,625,2.0,2.998713514427113
763,22,4.0,4.069928073355365
868,498,3.0,3.57196626062243
222,94,3.0,2.9112475838876484
831,64,5.0,4.862244858793967
551,96,5.0,4.643211585564731
658,86,4.0,3.7167250068306057
689,258,5.0,4.076728158436572
110,651,4.0,3.8265762177767515
234,14,3.0,3.757725312746194
823,69,5.0,4.245025905581532
181,237,5.0,2.105418251129784
198,684,3.0,3.1027053435043057
102,447,4.0,2.7113585047009994
660,7,3.0,3.013375601710044
921,411,2.0,2.71007244245164
445,829,1.0,1.3001676992385258
498,1103,4.0,3.3529878253944156
790,570,2.0,3.0563725317406423
250,993,5.0,4.098755470123078
186,322,5.0,3.5092404593949187
344,647,4.0,4.226855020896707
144,760,2.0,2.890916325829132
346,245,4.0,2.6642872146676266
94,586,1.0,2.707321418858259
336,238,3.0,3.5780208195458525
18,863,3.0,3.990351026788076
655,98,4.0,3.618245298499925
934,614,3.0,3.9188463227526005
373,1066,4.0,3.425086361815392
302,301,4.0,3.1598320338675494
541,234,5.0,4.250965320055434
862,478,4.0,4.825039710017299
320,554,4.0,3.5180985856122096
90,83,5.0,4.579176518372662
94,1217,3.0,3.0520497547603784
407,250,4.0,3.2535898594382635
151,559,2.0,3.222846797548684
118,816,3.0,3.6883315918731037
552,252,2.0,2.6844190188501513
715,22,4.0,4.275198305721225
16,642,5.0,4.039081989065515
629,566,5.0,4.204092090360881
332,95,5.0,4.719329954459159
184,9,5.0,4.11740061073501
387,156,5.0,4.380283509646886
727,552,2.0,2.7010357707533683
716,81,4.0,3.656831111843335
474,448,5.0,3.885973360208081
698,498,4.0,3.4755865045333305
699,596,3.0,3.0913059433683605
399,62,3.0,2.838917562409621
303,77,4.0,3.413064198946389
832,260,3.0,2.6360038702179946
425,841,1.0,2.301884464972992
417,465,4.0,3.556678809168696
661,219,2.0,3.41023938078916
497,169,4.0,4.166724316487574
293,239,3.0,2.554149740761901
883,59,5.0,4.604264444115835
537,151,2.0,3.2565500126791145
711,70,5.0,4.054513279899562
642,165,4.0,3.905752974794783
527,91,2.0,3.8071431432556655
840,657,5.0,4.381284332023137
217,258,1.0,3.737010993841743
758,96,5.0,3.8289633174429225
718,841,4.0,3.090513169968043
867,197,4.0,4.643848620161196
846,506,3.0,4.1320666389868315
308,521,3.0,4.068620699137754
843,582,2.0,2.8813581043813836
924,1,5.0,3.9237461902692674
417,588,3.0,3.6949482773040945
111,269,5.0,3.813466776316661
459,301,2.0,3.619262732505427
661,357,4.0,4.513151276209325
358,65,4.0,3.3720338014699744
420,127,5.0,4.404302184715015
687,749,4.0,3.310343516021993
767,1068,4.0,4.044765570574133
917,328,2.0,3.531625901597275
568,56,4.0,3.240657362356405
435,781,3.0,3.0966157215144228
921,280,3.0,3.136234233035849
798,1183,1.0,3.092979487495717
880,1000,3.0,3.61555470077229
786,200,5.0,3.990773962608324
699,111,3.0,3.0255970120188165
64,1139,1.0,2.884421143999626
435,541,4.0,2.714201958769884
442,89,4.0,3.969377211011412
583,12,5.0,4.749362291230474
405,1111,1.0,1.9464472732590619
886,228,4.0,3.69946930942676
749,158,3.0,2.417667552426936
181,884,1.0,1.6939434130846718
293,213,3.0,3.3886758028970174
784,299,3.0,3.185425234866982
885,169,5.0,3.820264709839054
320,4,3.0,4.091967973370636
682,808,4.0,3.0058513901934822
233,117,3.0,4.350454801545119
343,471,4.0,3.5843995263221533
360,83,4.0,4.188565360513817
894,1403,3.0,3.159760066141354
346,31,4.0,3.7393034085924257
256,597,4.0,4.2169092034076865
472,392,4.0,4.256571304179653
807,101,4.0,3.5645057178555204
561,156,4.0,3.687033248950149
59,48,5.0,4.372167526582278
126,350,2.0,3.450959237525836
484,393,1.0,4.000013713865775
207,9,4.0,3.1937119717787263
629,50,5.0,5.0
498,1083,3.0,2.7092437573561927
654,81,2.0,3.5310774477623714
758,168,5.0,4.679320670345897
592,988,1.0,2.3089251626911804
408,1296,4.0,3.5916220995436454
294,120,2.0,2.5668430074714816
498,262,2.0,3.283445210951599
911,87,5.0,4.093013365868579
509,266,1.0,2.259474973742195
627,684,4.0,3.217541936680693
682,192,3.0,4.129679882273149
345,1,3.0,3.930905305549576
10,418,4.0,4.003027265460501
251,300,4.0,3.6140075282561748
762,955,5.0,2.88839547551811
62,715,2.0,3.4330990320421546
722,118,4.0,3.796394366228953
561,544,2.0,2.324364454798375
249,58,5.0,3.8150118780317768
91,651,5.0,4.117938362526535
222,735,5.0,3.6088267520243935
158,798,4.0,3.2855993479276258
868,64,5.0,4.216982183677369
417,42,4.0,3.732515016609734
592,1012,5.0,3.8780149276306846
577,62,3.0,3.7855882493199196
219,568,1.0,3.7452528327472274
82,79,3.0,3.346818136749303
486,696,3.0,3.029731259886556
385,2,3.0,3.288364213740891
804,1285,2.0,3.516947388665723
184,528,5.0,4.091298750720328
144,33,5.0,3.293333967226678
57,248,5.0,3.4353908714788157
172,612,3.0,3.3423995159065214
263,177,4.0,4.246189447421787
900,471,2.0,2.4805845352133007
437,204,5.0,3.2199117037146987
89,277,4.0,3.989101744974821
452,504,2.0,3.3487635352288154
92,155,2.0,2.5620311149031774
106,692,3.0,3.4133907406804935
503,293,4.0,3.893963951609684
126,262,4.0,3.835162293523604
890,423,5.0,4.178326981293517
222,385,4.0,4.22656846259227
374,818,3.0,2.7152710691509907
650,502,3.0,3.163399878696305
210,969,4.0,3.9087616528549596
392,297,4.0,4.444452483499256
699,9,2.0,3.6162785777237296
846,65,3.0,3.5683310412708424
378,220,2.0,2.849870792871032
368,396,2.0,2.702318562801996
387,385,3.0,2.9339683957104246
417,386,3.0,2.566884857906944
576,137,3.0,3.7696796599252114
455,14,3.0,3.5382765078988916
442,168,4.0,3.702196168276075
907,284,5.0,4.439648381892605
729,683,2.0,2.317024901493734
64,153,3.0,4.081198626533301
154,480,5.0,4.552240564281898
450,481,5.0,4.139175175744008
851,252,3.0,2.9926662665579333
222,7,5.0,3.3696707816114824
632,739,3.0,3.4535812885811548
788,739,2.0,3.2306314211362865
710,874,3.0,3.3919054588684108
705,566,4.0,3.4828834615931843
860,381,3.0,3.1034178533469325
643,172,5.0,4.489015908663354
601,191,4.0,3.712289588742939
409,283,4.0,3.1376479310053647
850,88,5.0,4.484136945790229
703,50,5.0,4.465961396953871
436,172,3.0,4.469086506868977
63,302,3.0,3.6526613797293215
488,89,4.0,3.4344993062790623
104,246,3.0,3.1960711919202054
194,466,4.0,2.9036205676800515
367,774,4.0,4.004189308014223
592,109,4.0,3.43083261454327
543,443,4.0,3.792140876063204
250,204,2.0,4.035009312720218
826,426,2.0,3.496587529309184
496,38,2.0,2.0845883833593746
697,886,5.0,3.5799405414859917
749,136,5.0,4.2111010229550985
773,185,4.0,4.1222397448140775
565,212,5.0,3.957735286501552
379,131,5.0,4.160726583757909
749,72,3.0,3.351462482854299
100,313,5.0,4.23769260487884
686,182,5.0,4.632088340769601
487,431,3.0,3.4222072249760096
345,473,2.0,3.5886880378584625
648,596,3.0,3.401767799041575
271,477,3.0,3.323230589613294
613,50,5.0,4.5009834966214015
894,293,4.0,4.00522412212919
385,511,4.0,3.7456794849328876
13,145,2.0,1.8062581046519215
738,919,4.0,3.5621581993015594
222,1267,3.0,2.6869014512115705
495,498,3.0,4.627076952573285
186,356,5.0,3.404691176134046
150,278,2.0,3.4400987271876446
676,258,2.0,3.8614704246251477
149,302,4.0,3.7111015347650342
918,520,3.0,3.683009084071329
450,366,3.0,3.8784800701320097
894,198,4.0,4.124253954796066
823,181,4.0,4.460553626315298
540,591,3.0,3.844837823387725
911,143,5.0,3.378316933089041
196,762,3.0,3.2775487007626167
910,205,4.0,3.428921338594624
79,303,4.0,4.04863886657781
382,127,3.0,3.974254940716052
711,95,4.0,3.7889016811863776
280,8,5.0,4.380592239792422
620,595,5.0,3.523664565423244
405,447,4.0,1.948207712766768
577,1046,4.0,3.4799742359214916
94,66,2.0,3.0293111421251493
56,22,5.0,4.407759762302017
654,1115,3.0,3.5535522832016078
234,463,4.0,2.9810385509093225
897,550,3.0,3.5663260107663968
537,1050,2.0,2.956563916407486
244,381,4.0,3.767779507815873
932,632,4.0,4.4091250481988995
219,546,4.0,3.367143084727787
468,372,2.0,3.65753694214977
710,886,3.0,3.1427600937898603
282,305,4.0,3.831401544989335
145,282,5.0,3.6979027488509573
545,227,4.0,3.3680849245980315
12,133,4.0,4.303316560259455
867,855,5.0,3.910465484531233
450,1041,4.0,3.6752311003709193
474,205,5.0,4.316212945086647
72,509,4.0,3.9189532829341465
346,392,3.0,3.191516148563014
281,258,2.0,4.150492071626112
435,434,2.0,3.964888424512369
334,387,4.0,3.270282660488544
291,140,4.0,3.6041155482264506
830,480,5.0,4.136355836042863
293,708,3.0,3.2186096010747938
497,25,4.0,3.14336832004935
181,1327,1.0,1.8227262238701907
807,498,4.0,4.368200112180508
95,97,4.0,3.527338201868595
655,1395,3.0,2.5569362619632368
130,215,5.0,4.450231166129551
712,400,3.0,3.3771531760908946
213,597,5.0,3.39443320992705
537,276,4.0,3.9591764956815068
561,86,4.0,3.518080273808342
595,948,3.0,2.218894563062834
186,385,4.0,3.6994721078368746
89,381,4.0,3.6345517005513566
13,771,3.0,2.0196676848033026
58,283,1.0,3.6849366696016013
655,281,2.0,2.440669972315461
720,286,5.0,4.3467825977091294
470,742,4.0,3.5911041754272985
92,500,4.0,3.637213338303596
92,508,5.0,3.8279870311480977
451,687,2.0,2.090353846343414
556,604,5.0,4.439539854409869
599,1048,2.0,3.575280639547247
654,24,4.0,3.9220414697302117
141,50,4.0,3.4323967607416703
303,99,4.0,3.948515843332928
256,771,2.0,3.55442446873795
417,212,1.0,3.144028466550549
201,146,1.0,2.833370369115327
187,300,4.0,3.122386250689392
291,588,4.0,4.282155816327724
70,751,4.0,3.489873998108214
543,96,4.0,3.5673958938531602
934,435,4.0,4.325784363158035
561,794,2.0,3.0318292141025642
900,186,2.0,2.7985006312942997
659,214,3.0,3.4884510401022957
243,1148,3.0,3.445290685200557
10,200,5.0,4.116739639665058
655,1106,2.0,2.732977361792825
629,58,4.0,3.8456829399478965
13,911,2.0,2.8776696772441426
774,1228,1.0,1.3421680599625567
472,485,3.0,4.39761423053757
389,568,3.0,4.0301775987888995
313,684,4.0,3.460264559163191
310,748,3.0,3.282082475320898
271,28,5.0,4.111913496992503
562,4,1.0,3.7016759430973574
707,782,3.0,3.189708418219367
379,100,5.0,4.6928494317299725
532,818,2.0,3.89895078089226
766,90,1.0,2.9812661269809184
655,1140,3.0,1.8522283753506332
757,173,4.0,3.9667858383566257
551,67,5.0,3.2942497168488956
259,269,3.0,4.286570366562917
279,826,4.0,2.5409937385905637
18,515,5.0,4.43565573156205
504,1421,4.0,3.951135187468036
496,443,2.0,3.0953969030088997
747,467,4.0,4.1700873126689
343,583,4.0,3.5441170087459852
337,449,4.0,3.1970625426247024
528,168,4.0,4.243979382069519
417,732,4.0,3.392354990267736
425,53,4.0,2.813523781448086
314,1165,2.0,2.985759696413317
435,1215,3.0,1.8863910184266826
745,177,3.0,3.6010558100211307
442,159,4.0,3.0265842581838545
539,56,2.0,4.088663919838817
296,221,5.0,4.537101220760096
378,768,4.0,2.8003822459624543
326,436,3.0,3.2867985232959565
157,50,4.0,4.275130067244935
889,169,5.0,4.387195438082301
254,71,3.0,3.6970545166308266
347,930,2.0,2.924754546331414
207,154,2.0,3.1709401891788156
346,4,4.0,3.411781355306508
447,484,5.0,4.357568417903576
393,11,3.0,3.710194521771715
77,474,5.0,4.016853254487097
321,647,3.0,3.7477890993895278
426,211,4.0,3.726802471848369
606,185,3.0,4.318095073661773
664,58,4.0,3.5692695118917843
244,1107,2.0,3.611744431646615
328,347,5.0,3.6138608341311578
113,262,2.0,4.25214589666403
144,280,1.0,3.408287864986354
798,161,3.0,4.134206158247033
126,344,4.0,4.026949538659406
84,237,4.0,4.138035370742977
905,333,3.0,3.161619442072278
555,111,4.0,4.071481505134078
405,524,1.0,2.442250743080331
361,513,5.0,4.407518618617621
433,276,5.0,3.4630334564953102
542,179,4.0,4.1606644106170565
163,98,4.0,3.8853933386675394
349,276,5.0,3.70630542923023
379,286,4.0,3.7461752361423475
393,50,5.0,3.5908679536832597
682,673,3.0,2.9952870619362764
617,448,3.0,2.8344589940079747
328,601,4.0,3.7343116090968804
748,408,5.0,4.375275560580002
828,57,3.0,3.597205865930387
740,302,5.0,4.167670665742555
907,924,5.0,4.304600813195733
64,718,4.0,3.304868058072623
171,344,3.0,3.6602581299097556
201,232,2.0,2.3032224413228333
297,284,4.0,2.7243730868748486
650,88,3.0,2.969441736900357
887,633,5.0,4.199703790674219
881,443,5.0,3.533266789013419
303,1118,3.0,3.5881608311351747
835,234,5.0,3.947854627596804
234,21,3.0,2.248697104662119
13,668,1.0,3.221751880543735
893,471,4.0,3.832617181714938
577,1054,3.0,2.8419644192518905
602,148,4.0,3.775167200237817
833,943,4.0,2.7217487639256297
806,484,4.0,4.097818951554977
387,434,5.0,3.982843872468729
694,229,4.0,3.505753813376156
373,12,5.0,4.390439732857538
722,124,4.0,4.1445727024593
347,827,1.0,2.4731716624341287
460,286,4.0,3.6838837013660353
449,640,5.0,3.5370874997739863
276,81,4.0,3.9079466263661944
763,702,3.0,3.114683356533527
870,42,2.0,3.7027658292856356
932,169,5.0,4.668409103759806
99,273,5.0,3.3802947094003333
85,1121,3.0,3.446623334845014
276,386,3.0,2.9646278515115636
23,642,3.0,3.637914527466647
655,1388,3.0,2.8888917894637363
172,606,3.0,3.4615162056323032
795,1030,3.0,2.146737132425366
347,227,4.0,3.3464224553977604
32,250,4.0,3.090521888107271
796,145,2.0,2.8174151761159405
268,717,1.0,2.3479649875144957
806,271,3.0,2.8510647959306827
483,195,3.0,3.8100139891132025
405,588,2.0,1.9507043329277787
865,625,1.0,2.2675840579909705
896,662,3.0,3.031756854583608
435,28,3.0,3.4128694154543413
385,922,4.0,3.573259216836345
256,741,4.0,4.044697243282236
109,55,2.0,3.67082301111034
103,255,5.0,3.4082981373823125
184,517,4.0,3.888781361990554
346,92,4.0,3.2213702558559367
474,505,5.0,3.966394801785271
1,146,4.0,3.2115259722804774
104,269,5.0,3.548551011278429
308,1147,4.0,3.5389078680606434
532,946,5.0,3.8848720545395667
805,396,4.0,3.3466773177948292
501,928,3.0,3.5808229586141813
525,269,5.0,3.7194747175464906
422,326,3.0,3.3648791403238807
322,89,3.0,4.383862460243377
314,959,3.0,4.368040224784122
442,96,4.0,3.8068293280096017
303,88,4.0,3.087861307146591
354,511,4.0,4.078090054263037
707,170,5.0,3.981243583632783
318,211,5.0,4.124621487202652
1,167,2.0,3.0455384643626537
20,98,3.0,3.3054509661023403
239,172,4.0,3.9185985935831744
60,47,4.0,4.103337290916385
880,628,2.0,3.4872222690523356
181,222,4.0,2.153646715756955
87,1047,3.0,3.346165982371397
892,133,3.0,4.098823136956785
145,1023,1.0,2.9120852552550454
506,432,4.0,3.7015751377891166
18,973,3.0,3.5595440337505178
268,558,3.0,3.1968230441637338
121,126,3.0,3.7857276918923155
936,276,5.0,3.5032827620948876
560,260,1.0,2.8009087047566767
26,840,2.0,2.5988980117431284
58,195,4.0,4.225730886849763
870,186,4.0,3.9471306932893624
317,323,2.0,3.513751590780046
595,1067,4.0,3.6161352927470456
213,273,5.0,3.985034585542193
403,147,5.0,3.182763179693667
330,255,4.0,4.451705806333162
727,451,5.0,3.053057231017436
500,129,4.0,3.5107831546372337
681,682,1.0,2.6142086732920036
203,282,1.0,4.003773093703791
829,259,2.0,2.5935430554229573
254,64,4.0,4.0285472334020955
642,412,2.0,2.2274245410379563
650,137,3.0,3.320584770346842
99,288,4.0,3.5742768664713305
178,628,4.0,3.019532214872704
92,1213,2.0,3.082826297198109
174,332,5.0,3.5764419977955066
141,330,1.0,3.026214084315548
277,591,4.0,3.5472438524157033
201,693,4.0,3.3781956659530965
192,276,2.0,4.1423128328055485
621,172,5.0,4.234985245294817
80,514,3.0,4.109743210686601
878,531,2.0,3.370233222578712
142,243,1.0,2.3908717847674676
622,391,2.0,2.8587619076357225
250,294,1.0,3.6134552934384616
532,100,5.0,4.676820444075064
64,69,4.0,3.7498741182353768
328,540,3.0,2.5184094863042374
336,158,3.0,2.3209852819325216
170,348,3.0,4.0322530663437846
94,528,5.0,4.419143806262988
29,539,2.0,2.6797744469195606
561,240,1.0,2.2067718890941426
394,132,4.0,4.196054393631244
269,902,5.0,2.905667439653998
889,488,2.0,4.100577264473229
817,273,5.0,3.41521327580338
234,280,3.0,2.6406818148265923
758,25,4.0,4.037333893455231
311,176,4.0,4.301548542440803
919,832,3.0,2.531604661353506
811,690,5.0,4.118786669674585
174,221,4.0,3.849010063092595
560,546,2.0,2.7400835116558184
709,182,4.0,3.6452606996927153
436,11,5.0,4.007702718089485
181,259,1.0,1.7267382047427242
486,7,5.0,3.9882463366968723
256,1119,3.0,4.28996156042552
534,919,5.0,4.420706352671585
159,988,3.0,2.4784898032217515
397,134,5.0,4.560395171245518
504,1110,2.0,3.1985121624136865
181,324,1.0,1.0
719,254,1.0,1.8748497832045907
255,185,4.0,3.5556912866193047
399,71,3.0,3.607363880410085
786,216,4.0,4.044098937196726
887,164,4.0,4.1276195049741675
496,420,3.0,2.7174788835184467
524,514,5.0,3.936092663605053
425,244,1.0,2.6641081521425516
474,124,5.0,4.0556866619610155
214,608,4.0,3.9041170873039306
619,258,5.0,2.8453000278280314
679,184,4.0,3.156665053537084
144,235,1.0,2.923778610148216
710,282,2.0,3.513875301824316
354,958,4.0,3.63736497679375
303,106,2.0,2.4195684368726744
334,792,4.0,3.780889835313277
551,97,5.0,3.801379208145545
391,659,4.0,4.0786081192574235
117,763,5.0,3.6084670829298027
825,628,4.0,3.808189854361875
495,101,5.0,3.7199992774618598
141,826,2.0,2.755522775221226
556,325,2.0,2.8817806384686264
144,100,5.0,3.7639182420047237
229,260,1.0,2.140155663299486
479,144,4.0,3.9040335066097342
311,671,3.0,3.9315570087623297
854,709,4.0,3.838670771361289
682,237,3.0,3.4374157096815066
735,325,1.0,2.5939365030349575
246,161,3.0,2.5469149706700938
26,116,2.0,3.6295976731436426
279,940,5.0,2.424694178266339
169,258,5.0,4.2460352710715945
230,418,5.0,3.921290677725729
817,363,3.0,2.8901819401175137
880,396,2.0,3.5031779539370675
500,250,4.0,3.098907728684524
393,1337,3.0,2.8864536493164707
703,276,3.0,3.6625170840961303
823,1217,1.0,3.541525088217382
169,603,5.0,4.2734573576818615
881,477,4.0,2.9741875049694926
525,829,2.0,2.459349632634252
846,622,4.0,3.4840396734241343
634,300,3.0,3.7142002221878223
145,751,4.0,3.5358782407421794
344,511,4.0,4.48342834815845
903,50,5.0,4.078559268779861
378,123,3.0,3.166052613640763
221,469,3.0,3.96614685530144
387,232,2.0,3.1057664663715308
251,50,5.0,4.3262689686395905
846,131,3.0,3.9285291082543634
303,1270,1.0,3.0112800896094902
551,235,1.0,3.015136164319957
101,123,2.0,2.787047675681182
409,1020,5.0,3.3401612050356517
815,444,2.0,2.9697802874764783
437,288,2.0,3.224470739467436
7,341,3.0,3.675104214141328
92,620,3.0,2.8309667675591084
415,531,5.0,4.335205872106505
660,636,2.0,2.4339517278076417
378,591,4.0,3.7356602272692285
603,230,4.0,3.8484750690569225
87,801,3.0,3.5208123493928594
899,685,3.0,3.11126699135861
933,597,1.0,2.211938104982654
739,98,3.0,4.004598733018912
608,283,4.0,3.4804511582603563
123,531,3.0,4.089723910579564
886,237,4.0,3.279466076976829
665,418,4.0,3.2221013397409823
727,392,4.0,3.3229395014387597
145,879,5.0,3.286155474129029
553,181,4.0,4.092006089544339
1,214,4.0,3.103092248215156
265,742,5.0,3.9901691854721797
409,603,5.0,4.304101983773123
479,248,4.0,3.6067589451621256
213,200,5.0,4.47757460330451
805,755,3.0,3.1891083338468555
99,118,2.0,3.55475702882969
422,271,3.0,2.904405712621241
504,579,4.0,3.108035580491862
378,419,4.0,3.5305030213762225
821,148,3.0,3.9877169348499657
276,183,5.0,4.638827693865487
392,847,4.0,4.3153330387178865
151,659,5.0,4.507438472375744
803,688,1.0,2.025110734943507
198,763,3.0,2.846781470700192
234,609,3.0,2.8905236001151025
250,184,1.0,3.7538167985041015
401,70,4.0,3.0348313687509796
619,568,5.0,3.6739374071502047
896,127,5.0,4.254421630301498
13,760,1.0,3.171391456726562
853,259,3.0,2.5132391310409625
536,584,5.0,3.860181641850306
321,479,4.0,4.04536147411997
383,654,5.0,4.407367729713445
318,134,5.0,4.047450580438841
409,1328,2.0,3.2708649479280805
463,116,5.0,3.326023627445441
449,244,4.0,3.237133933019411
130,622,3.0,3.971498671113599
537,753,2.0,3.3145498079858484
903,192,5.0,4.56922027113455
13,478,4.0,4.437104320859432
788,228,3.0,3.612243469564173
354,59,5.0,3.973931198478255
13,590,2.0,2.5474182992718375
712,796,4.0,3.4096231621906408
892,70,4.0,4.237905427097305
18,492,4.0,3.9302028090137493
135,98,5.0,4.2746042824169175
744,1,4.0,3.4311045654280097
387,321,3.0,3.1069655216697685
63,322,2.0,2.6041370777151496
178,469,3.0,4.009906731946232
734,111,3.0,3.2049161835227333
337,1133,4.0,3.2225795380820608
320,174,4.0,4.724514585069529
92,1157,2.0,2.8498369589118258
299,194,3.0,3.929582381193572
823,640,1.0,3.9852722263316744
545,233,4.0,3.4290470823739057
59,427,5.0,4.760900033396235
62,121,4.0,2.6821165781198015
194,517,3.0,3.2727848341034593
343,198,4.0,4.5778579553333865
442,433,4.0,3.478394286205205
109,809,4.0,3.3673642290163435
234,229,4.0,2.6800786036713733
560,127,5.0,3.931212997681763
96,190,4.0,4.423411786291299
406,187,2.0,4.1199563667727155
3,333,2.0,3.1486971168391706
779,294,5.0,3.789631683659575
521,56,4.0,3.462463459686246
373,99,5.0,3.532974814786355
390,277,2.0,3.8186794270523223
649,323,3.0,2.9212038870600443
468,318,5.0,4.907791779871233
59,140,1.0,3.2311318958326165
94,248,4.0,3.7364374633948403
457,176,5.0,4.628908273655812
619,546,2.0,3.1646863955249405
73,255,2.0,3.024079866275068
82,274,3.0,2.8720303903384754
595,546,4.0,2.6848917310111053
416,4,4.0,3.874195826569412
405,747,1.0,1.510535438249634
286,1051,4.0,3.7659194955444746
618,506,4.0,3.2089405091024483
99,762,2.0,3.4334677918629066
938,126,4.0,3.620873379713167
453,237,4.0,3.6349229002221475
417,767,1.0,3.2211471740816107
126,315,4.0,4.188149087532527
756,755,3.0,2.94415714948248
320,129,4.0,4.298940401081123
489,331,5.0,4.255004226395296
729,879,3.0,2.838494699776813
244,433,5.0,3.9655036497514606
176,319,3.0,3.601199527506529
623,815,2.0,3.037758434940515
344,628,4.0,3.2563468537380573
456,357,4.0,4.4378150518627075
539,661,5.0,4.352616216742639
647,1263,3.0,3.3410116470070754
643,204,3.0,3.796760120452978
762,421,4.0,2.9557957363123624
682,380,4.0,3.062650500809945
478,15,5.0,3.897631299772277
682,95,5.0,3.472281569914512
426,133,5.0,3.8467917424826665
151,1044,2.0,3.549009316835949
15,932,1.0,2.833856096000887
648,713,2.0,4.003816635417305
669,313,4.0,3.6825045153113063
308,47,4.0,3.9690722341729
573,174,4.0,4.167123601025043
588,362,3.0,3.1139570747212995
393,385,4.0,4.061773635272972
627,300,4.0,3.326469376007118
682,243,1.0,1.8631541057836685
399,407,3.0,2.3950664181666435
373,83,5.0,4.584062970528338
301,228,3.0,3.972148754947169
661,566,4.0,3.5277341894252054
852,473,3.0,3.215082882698318
545,743,3.0,2.1720172439749987
223,975,1.0,3.0475100820843495
767,172,5.0,4.5169516440640445
503,633,5.0,4.282539189437754
831,331,4.0,3.4248861758802764
773,588,1.0,3.1811693938985623
181,125,3.0,2.48161578160547
543,466,4.0,3.3156707084296904
535,269,4.0,4.033966203532204
659,58,4.0,3.7781910128071363
90,1200,4.0,3.9393513381293705
599,846,5.0,3.415382372890088
102,217,2.0,2.360938548604427
299,1506,4.0,3.363647617710841
398,655,4.0,3.7671381256053955
545,680,2.0,2.54890414903834
702,294,1.0,2.3735053228042857
385,484,4.0,3.632433992449679
537,675,3.0,3.1412899793535427
592,180,5.0,4.409569067300438
588,384,1.0,3.2433609593893524
663,210,3.0,4.418953198376767
389,301,4.0,3.6781943785442945
650,484,5.0,3.7519985168232854
64,679,3.0,3.0038560425156677
318,481,4.0,3.9563744188450363
665,833,3.0,3.1464638130613323
580,619,3.0,3.379335241835259
919,315,3.0,3.9991435057889397
305,97,4.0,2.932964207367216
157,118,2.0,3.2909465474607775
200,552,4.0,3.6226993400315255
451,307,4.0,3.3057068224148023
158,516,5.0,4.291932668969199
18,168,3.0,4.310157946702013
151,661,4.0,4.597490760172277
655,503,3.0,2.9846074723144325
387,769,1.0,1.8569507040955546
901,38,3.0,3.580922456194479
184,591,3.0,3.5896718119762316
39,258,4.0,4.291055845220687
790,67,3.0,2.5167539434618744
201,191,4.0,3.8101562113259027
591,856,4.0,3.7232768340929105
379,527,3.0,4.476183864580579
537,730,3.0,3.206432736605433
890,172,5.0,4.603685998901355
762,515,5.0,3.254585678654772
56,56,5.0,3.9529115550940612
660,216,2.0,3.0898053331948763
347,328,4.0,3.6834010203984073
167,237,4.0,3.856873911222697
846,28,5.0,4.176579763268501
622,190,4.0,4.473118763092435
417,1036,3.0,2.891579434489182
758,181,4.0,3.7684104583770224
727,1215,2.0,2.0449869567479375
869,1163,2.0,2.687913933366227
532,348,4.0,3.907526375308528
370,56,2.0,3.554324214337288
533,193,4.0,3.611941473154204
864,245,4.0,3.4755008756794075
483,473,3.0,2.5901687919585417
665,183,4.0,4.103621032897225
361,443,3.0,3.8624443756172617
268,95,4.0,2.9906881559657195
746,186,4.0,4.114447269115278
279,153,5.0,3.061028992038902
553,275,5.0,4.134585467723035
426,601,3.0,3.9624775814531743
543,56,5.0,3.651172562764006
919,147,4.0,3.2730460808484145
650,1110,4.0,2.5944330851671125
266,25,3.0,3.470652111850504
92,660,4.0,3.6203604049308304
921,1034,3.0,2.3294063889668553
405,173,5.0,2.1615876662186846
328,270,2.0,3.4254171351246763
495,176,5.0,4.518465028305577
798,2,4.0,3.046166497097296
561,197,4.0,3.4280692868078657
405,1043,1.0,1.960103621220917
43,731,4.0,3.172903876166368
398,588,4.0,3.78311317409308
436,1178,3.0,3.385479590091952
431,323,3.0,3.2928380022730486
441,300,3.0,3.72641615518102
936,815,3.0,3.5407654398328687
457,77,4.0,3.872565003019167
43,371,4.0,3.3762420954053143
145,278,4.0,2.99745900858771
478,1221,2.0,3.333574690239425
407,216,4.0,3.781785258555724
795,39,4.0,3.058924384063821
291,829,2.0,3.019996853385559
1,121,4.0,3.184688863168485
210,4,4.0,4.022180909651969
538,496,5.0,3.948809126443699
181,744,2.0,1.7846210103037357
629,300,4.0,4.20377998304575
683,56,5.0,3.74009742415815
221,33,4.0,3.4963336577956907
400,307,3.0,3.650252760128239
94,90,3.0,3.1184192125095804
55,7,3.0,3.7932106797742504
222,82,4.0,4.032671409251659
46,93,4.0,4.151257190837307
222,772,2.0,2.425530407287163
540,742,4.0,3.800545465785168
540,515,5.0,4.671972854338744
548,603,5.0,4.322175899163256
125,451,4.0,3.3877793075567904
195,325,2.0,2.8753801988468095
457,160,4.0,4.066065507212965
425,1597,3.0,3.266280354762402
385,152,3.0,3.4226919726622236
331,69,5.0,3.359801871602791
59,131,4.0,4.225359222267287
435,609,4.0,3.082232131921179
501,13,4.0,3.7240654777214726
224,676,3.0,2.7967219473666427
121,514,3.0,3.6758831784824877
188,692,5.0,3.599657192030089
523,430,4.0,4.713587006965757
48,289,1.0,2.8551107348104665
343,214,4.0,4.060580260114532
253,1025,3.0,3.0866959930093802
851,332,1.0,3.6277899831875615
405,858,1.0,1.3608764225121355
454,746,2.0,2.8435212892777435
655,468,3.0,2.7661074253814415
927,1,5.0,4.403506404067552
528,250,3.0,3.2161695510065975
214,45,4.0,4.085892413762694
426,132,4.0,4.352075236069955
159,1095,5.0,2.509828457855202
625,283,3.0,3.3507393154713694
190,300,4.0,3.7845462141508386
847,482,2.0,3.2763141393915283
454,1126,2.0,2.621092632987328
650,121,3.0,3.0156213972597956
537,646,2.0,3.692964447833719
383,479,4.0,4.498474657736714
854,93,5.0,3.4160227461887724
380,97,3.0,2.8288305252735846
5,397,2.0,2.217988253978502
472,38,4.0,3.559284053626082
450,1479,3.0,3.7564294458545993
370,135,4.0,3.8553333078859304
747,476,3.0,3.235124493748735
749,433,3.0,3.7282506488569185
894,316,4.0,4.377312855836768
542,734,3.0,2.8881581651475923
361,283,4.0,3.7251374276280216
577,29,3.0,3.050318293504916
574,315,3.0,4.106507483974269
97,195,5.0,4.332759887664757
178,326,4.0,3.690621724595898
686,480,5.0,4.916522549964094
346,685,3.0,3.242619508624767
686,197,5.0,4.930734047118489
416,717,2.0,3.687711226491458
495,550,3.0,3.8984486228630475
863,898,1.0,2.7488457560874213
378,86,4.0,3.5883021037480445
398,95,5.0,3.933921917197728
690,739,3.0,3.3088289438611405
533,31,3.0,4.017499525609535
474,971,4.0,4.186161207088415
34,1024,5.0,4.233690253900828
82,484,4.0,3.6805283298264238
325,865,3.0,3.0566396889251304
26,871,2.0,2.400990866599535
201,423,4.0,3.5159641935846366
666,357,4.0,4.308999604821889
748,48,4.0,4.045958915592812
416,898,4.0,4.235426089036432
470,1134,4.0,3.2186594792804737
399,153,2.0,2.9236666427483797
479,177,4.0,3.746067445739121
271,40,1.0,2.8183417958643666
635,873,3.0,3.0624676434559785
484,228,5.0,4.226273268828354
892,150,5.0,4.1179613964300446
721,682,3.0,3.1149960399081094
537,741,2.0,2.979307757268116
365,326,2.0,3.09342016640756
790,401,4.0,2.4430939087190686
407,288,4.0,3.01842499027576
378,479,4.0,4.077300996074262
354,451,3.0,3.1194172341590773
41,430,5.0,3.86524545919353
698,525,1.0,2.9776462848618714
393,1270,3.0,3.046046798736633
904,1152,4.0,3.6177003329654105
323,322,2.0,3.211348792967988
104,328,3.0,2.47001523503671
907,98,5.0,5.0
152,483,5.0,5.0
553,525,4.0,4.106378231836085
399,977,3.0,2.3367700364420614
783,876,4.0,3.2355319926953934
764,143,5.0,4.320942864970254
385,1428,4.0,3.0884881375627975
329,194,3.0,4.051296656284219
796,307,4.0,3.458292486422004
782,358,4.0,2.1802232376937773
927,328,4.0,3.988974581246449
379,402,3.0,3.591973756776862
270,17,2.0,4.123110973196401
916,678,2.0,2.1207717235162376
499,692,4.0,3.3049954841375193
704,304,2.0,3.388048967159308
296,294,1.0,3.538933760183096
347,56,5.0,3.631410614490754
342,1073,1.0,3.9614731951246505
454,22,4.0,3.842253304701856
900,200,2.0,2.940633453972687
757,226,3.0,3.3611794940272004
449,1318,2.0,3.525479952206327
405,782,1.0,1.8560857530525698
43,250,2.0,3.123762870325261
186,288,1.0,2.8488996759870457
288,230,2.0,3.30710775236086
285,183,4.0,3.7080876233891993
484,399,4.0,3.7542601431907494
402,1060,3.0,3.315024993500429
745,9,4.0,2.6801491602675607
173,302,5.0,4.901657844360927
21,670,3.0,2.96249330349322
159,591,4.0,3.739381206186436
545,73,4.0,3.6183129136097674
887,1136,5.0,4.057050083579886
277,221,4.0,3.8810200152045775
727,511,4.0,4.01128469928816
279,202,4.0,3.595254156548155
902,8,5.0,3.6379740968907015
724,877,1.0,1.7415558160857243
751,70,4.0,3.4739844940232776
875,481,5.0,4.109506588543851
280,471,3.0,3.684276265146322
635,302,4.0,4.203782786301285
526,742,3.0,3.2669522668255757
174,369,1.0,2.7025361472650267
314,393,4.0,4.332353962243253
921,395,3.0,2.2897099444586626
747,1134,5.0,3.7760541381431603
521,227,3.0,2.6300628353354383
798,168,4.0,4.216916037644443
299,483,5.0,4.329031561678026
693,178,5.0,3.8552866977219655
763,238,4.0,4.282766002627142
379,94,5.0,3.2776645648736986
846,1035,4.0,3.2671963954891905
682,948,2.0,1.991999599855217
506,239,3.0,3.825403187488177
92,304,4.0,3.002799718711345
128,458,4.0,3.5223023040753896
304,278,4.0,3.019376145168226
793,181,4.0,3.765207194381732
378,806,4.0,3.478404934320138
267,88,4.0,3.8172650047868553
921,69,4.0,3.7706026998321462
699,880,3.0,2.813598820572407
940,651,4.0,3.6017263613775548
912,1041,4.0,2.9845356518863393
771,137,4.0,3.0690497768481704
329,297,4.0,3.631303249293577
70,298,5.0,3.8556119928623147
846,31,4.0,3.5338075122235297
217,825,3.0,2.8517275583417407
328,237,4.0,3.925879237768254
224,729,3.0,3.261777685956768
437,583,1.0,3.207162031057252
620,930,2.0,3.2378588228817367
6,318,4.0,4.653621592445715
130,538,5.0,4.299034524711569
638,183,4.0,4.039361782501588
592,188,5.0,4.421157794857412
601,1039,4.0,3.8033843285069837
459,117,5.0,3.547441385288632
554,582,3.0,3.44165004755814
532,38,3.0,3.666112245270105
796,849,4.0,2.7874790776861027
387,95,2.0,3.2677792486261077
345,367,4.0,3.6383752854978866
378,418,3.0,3.475201503570168
115,269,3.0,4.340141912958668
286,738,5.0,3.4051687412129765
686,430,4.0,4.626418580262922
234,12,1.0,3.915876865962816
271,729,4.0,3.0853144329047435
151,755,3.0,3.4133063595262723
629,881,3.0,3.1646475586030305
746,523,3.0,3.7862957326503897
340,969,5.0,4.08668355829833
6,59,5.0,3.990004075236979
527,279,4.0,3.167885334373225
345,312,3.0,3.4976295424161132
158,238,5.0,4.054264776516165
455,1086,3.0,3.2988235586551813
608,42,5.0,3.379638928497033
373,142,3.0,3.358960909924461
655,906,2.0,2.8606003695251485
782,690,4.0,3.246528681757558
303,236,4.0,3.8692707946850353
94,188,4.0,3.8793017305382955
339,479,5.0,4.269843874640409
99,332,3.0,3.447866054142571
454,748,4.0,3.0931991396263396
108,405,3.0,3.1839278487556832
327,919,5.0,3.5061616717370665
843,28,3.0,3.067444832599993
878,59,3.0,3.9326508705330294
92,77,3.0,3.127844844425075
450,378,5.0,3.993723370709421
361,639,4.0,3.820186119115567
894,479,5.0,4.2963916192418194
181,990,1.0,1.6258800622123293
328,135,3.0,3.7128099532650594
510,300,5.0,3.3357405802661355
455,44,3.0,3.4073911738673925
838,584,4.0,3.820109103259174
708,471,4.0,3.744953015676998
869,288,3.0,2.9166053703972232
883,241,4.0,3.7276371683839895
720,269,3.0,4.1309471380057
92,11,4.0,4.094217206009897
237,176,3.0,3.8159844815689037
244,739,3.0,3.1381132962954466
44,155,3.0,2.819418560513688
720,310,4.0,4.076480119163937
417,1040,2.0,2.7140868316129594
870,248,4.0,3.6381475339986005
399,928,2.0,2.8706309352458104
774,423,1.0,2.267736469049462
359,117,4.0,4.0342394432426305
178,358,1.0,3.0037072655897457
727,849,2.0,2.3181549953012337
406,629,3.0,3.1027615203297634
374,182,5.0,3.7779956777994803
452,607,5.0,3.667200624492414
542,420,3.0,3.693005214802596
798,825,3.0,3.3343272980264027
883,137,5.0,4.22827310343291
316,162,3.0,3.4657289188239986
130,240,4.0,3.7728485253775292
305,749,2.0,2.884196271480518
176,328,4.0,3.7179381699704606
183,485,5.0,3.49853300636833
308,91,4.0,3.8477347741756307
364,687,1.0,2.6130850866384288
116,260,2.0,2.0778756985844353
509,345,1.0,2.8870935083403357
365,473,4.0,3.003434921492171
318,1030,2.0,2.693797293481243
71,357,5.0,4.414610408977425
764,4,3.0,3.5977848525917824
378,476,3.0,2.8442798588242613
313,1050,4.0,3.6582381398204826
931,546,3.0,3.3508800890926382
543,521,4.0,3.617696876902051
756,122,1.0,2.2390264489329827
437,654,5.0,4.398663735368809
489,324,3.0,3.6629730368983844
89,736,3.0,4.378448399203588
873,348,3.0,2.937836956956733
840,187,3.0,4.022910288636796
517,873,3.0,2.7864356269073065
889,732,2.0,3.2724257185490733
582,748,3.0,2.9895546956583434
90,486,5.0,4.289452344822073
389,29,2.0,2.5009454702765304
846,177,3.0,4.099474482260434
92,628,4.0,3.3241827965148114
623,127,4.0,4.25455547761168
486,276,4.0,4.02699182347733
452,199,5.0,4.002325898299906
299,396,4.0,3.205447862367498
577,294,4.0,3.2454034491686445
268,33,3.0,2.85889868464948
201,186,3.0,3.0073155020479376
552,829,3.0,2.6360692328766766
674,292,4.0,3.8187411873967587
44,193,3.0,3.8184771223197997
833,302,3.0,3.395429220515654
791,259,3.0,3.1803806925241926
353,346,4.0,3.542059891744567
102,73,3.0,2.8277560701007856
615,699,3.0,3.5405533719850357
363,679,4.0,2.6912788825429033
321,52,3.0,3.375500207920802
303,541,3.0,2.543203954450842
501,25,3.0,3.4346766369748813
669,133,4.0,3.5854793556906848
693,96,4.0,3.29552345285612
293,161,2.0,2.1610979305724376
751,428,4.0,3.835694134798324
886,483,4.0,4.284526176423518
634,147,2.0,3.7869624702649225
592,1377,3.0,3.7696822195998636
497,67,3.0,2.644436724693685
318,396,1.0,3.0089540329260465
621,135,5.0,3.923757837829114
624,358,3.0,2.877190308078007
303,715,4.0,3.59007973197201
161,197,3.0,2.848963743492637
435,584,3.0,3.299013287819345
457,28,5.0,4.440398545872529
655,1135,3.0,2.1342464760942637
165,1119,3.0,3.886466036918339
587,303,4.0,3.225451742599234
774,229,2.0,1.9039144626916367
648,1626,1.0,3.247557615006587
900,1298,2.0,2.6881697506975297
475,539,3.0,2.382207795538161
411,38,4.0,3.0159957834018667
435,1419,2.0,2.7297650903184727
692,300,4.0,3.261577727572565
279,375,1.0,2.498393220310127
916,111,4.0,3.4259973128709165
708,269,3.0,3.7148064948349413
18,131,4.0,4.076970146316074
634,100,4.0,3.9881103434966456
417,411,2.0,2.9083267891113658
18,79,4.0,3.924689791367325
535,319,5.0,3.35650418610893
308,161,3.0,3.2077865711293345
178,790,3.0,2.9242977307397955
223,248,1.0,3.3508353393861503
622,98,5.0,4.411466821235549
916,144,3.0,3.746449056658753
584,449,2.0,3.2295653754216445
210,179,3.0,4.3448586599921395
916,748,2.0,1.9396200093953135
244,100,4.0,4.85421878718742
504,517,4.0,4.056446518088072
129,990,2.0,2.637054987040704
178,578,4.0,3.438205907355943
470,283,5.0,3.858804514259858
417,946,4.0,3.1501083582141316
916,204,3.0,3.3347174078922466
1,2,3.0,3.3118110225647257
526,323,2.0,2.483974994490867
643,100,5.0,4.449835537161022
342,1048,1.0,2.9755269756121474
868,202,3.0,3.126918254670825
7,649,5.0,3.383370945320985
342,7,4.0,4.273628886106823
398,50,5.0,4.32782789238369
345,974,3.0,3.03004684965983
634,293,3.0,3.6818603999810176
437,770,3.0,3.620485630593647
796,147,5.0,3.7219016072389968
560,257,3.0,3.514490898027963
506,187,5.0,4.22316563931093
313,44,3.0,3.3591345834302606
312,506,4.0,4.143523307645566
343,569,3.0,3.2759455265299735
533,150,3.0,3.59417757078153
333,269,2.0,3.7248167545016875
374,174,5.0,3.9262099051029455
429,380,3.0,3.1123208249795327
637,717,3.0,2.042323194534721
31,299,4.0,3.261214552452264
217,1303,2.0,2.3075962143227815
392,197,5.0,4.497934340413468
532,926,3.0,3.4405100347391793
892,763,2.0,3.8620928026571755
291,577,1.0,3.0279951368950258
417,668,2.0,3.086084645632889
833,1012,4.0,3.228431778685539
514,191,5.0,4.25246962418872
36,288,4.0,3.8918400194898006
251,472,3.0,3.1260381855383272
443,313,4.0,4.721609794818541
159,880,1.0,3.201909671602257
468,137,4.0,4.024221349369289
418,328,1.0,3.12289006129334
328,651,5.0,3.8965899456799122
245,1033,5.0,2.6819315644314727
225,478,5.0,4.639779556215924
872,350,3.0,3.4343105736050052
682,124,2.0,3.7113215300851525
14,603,4.0,4.578812643332098
487,735,4.0,3.8366522055688246
22,110,1.0,2.547087539125136
339,238,5.0,4.304831316431792
943,121,3.0,3.1094172426144095
276,825,3.0,3.2462732929035796
460,676,4.0,2.801777254261846
23,511,5.0,4.0978887632414205
277,257,3.0,3.750497458023263
334,150,4.0,3.7534498134532064
332,237,5.0,4.379388325986488
916,92,5.0,3.4001515169126284
35,937,4.0,3.5878435032574916
256,576,3.0,4.011720951971705
804,380,4.0,3.611013340854605
293,742,2.0,2.36822600390908
826,99,3.0,3.7765422218251823
64,82,3.0,3.497737996213517
528,541,3.0,2.8775665276789404
943,423,3.0,3.8962702868143415
168,458,1.0,3.2746709833428684
890,632,5.0,4.003788016912633
393,1178,3.0,3.157100894861241
641,258,3.0,3.5761985072452456
941,919,5.0,3.6599876824063133
21,325,4.0,2.6524795164722206
595,979,3.0,3.54996569004831
308,56,5.0,4.235310465812833
534,290,4.0,3.86612107742506
470,305,4.0,3.7094723334517927
188,98,5.0,4.5865791949305255
524,479,4.0,4.13058277684335
757,82,4.0,3.636791110016695
201,23,4.0,3.74327011843697
711,404,3.0,3.7607822348150663
934,170,4.0,3.963151304769847
303,693,4.0,3.819414488469803
22,186,5.0,4.1009376707977765
341,288,4.0,3.7449349090343724
330,28,5.0,4.6300998416120995
846,1041,4.0,3.390772426661516
939,121,5.0,4.296753458616609
600,1407,2.0,2.7050416035881133
896,222,4.0,3.448894857527854
42,405,4.0,3.874979613364324
774,518,1.0,2.8031490576348865
937,9,5.0,3.837178747052108
533,218,2.0,3.415897134066618
64,227,3.0,3.3209932813260323
217,222,5.0,3.0818222936482713
758,603,5.0,4.698007389200189
796,578,4.0,3.567555434291846
303,382,3.0,3.3575211257460413
274,629,5.0,3.848433454519595
894,512,5.0,4.364476326046296
447,79,3.0,4.070082595040472
374,628,3.0,3.4470572602877056
317,350,5.0,3.5287477387010138
269,499,4.0,3.2647323277592997
789,508,4.0,3.603708343930289
42,283,3.0,3.9518518442213306
89,707,5.0,4.224593446247313
7,656,3.0,4.545113936694707
848,610,5.0,4.2334148531826195
551,3,5.0,3.632698362233865
883,952,3.0,3.5592102796969165
577,217,5.0,3.4826290312157187
848,496,2.0,4.337042227061533
926,262,3.0,3.5713804692157165
479,117,3.0,3.5408283658983506
305,285,5.0,4.014144077834791
535,11,4.0,3.763125001156851
125,376,3.0,3.134272438929407
399,72,4.0,2.6283660668404822
891,756,4.0,3.593985447215083
883,745,5.0,3.8491569976838607
775,327,5.0,3.710127761344459
417,642,5.0,3.2177232230884596
298,194,5.0,4.534723120466411
864,9,5.0,3.868775902890197
8,684,4.0,4.218055635876231
545,176,4.0,3.912354839979556
690,77,3.0,3.4043703304887494
13,402,4.0,2.342691332235632
737,428,4.0,4.070710332694344
416,97,5.0,4.2808632809426
18,285,5.0,4.195913372874237
250,678,2.0,2.8789904569651514
130,1034,2.0,3.2601587417756983
326,452,3.0,2.503308805600498
13,2,3.0,2.7971194605432372
534,685,3.0,4.3956637299605426
268,728,2.0,2.598173347127644
297,736,4.0,3.9642595237151266
923,763,4.0,4.1908698042805845
536,387,3.0,3.632122149984798
90,875,1.0,3.389931345069805
653,164,3.0,2.89929378885686
378,284,3.0,3.226543902925246
645,96,3.0,3.592153068797189
345,282,3.0,3.2909096399545685
933,63,2.0,2.0720509803502027
57,410,3.0,3.638217218994183
286,191,4.0,4.748181282364874
74,245,3.0,3.4991884815107133
382,1229,5.0,2.3640556042350123
176,268,5.0,3.9479407930029966
799,127,4.0,4.334730318153133
437,286,2.0,4.619773965678116
354,1466,5.0,3.741177230210092
59,177,4.0,4.356622535512156
592,184,5.0,4.163962158962929
498,210,2.0,3.215137981606904
130,692,5.0,4.632274507959149
447,1028,3.0,2.693348719457066
896,789,2.0,3.275342002851944
301,216,4.0,3.546552887184898
102,211,3.0,3.1101852309179545
271,89,3.0,3.9011819285629925
854,461,3.0,3.126369050905121
870,64,5.0,4.379072083827656
72,234,4.0,3.92829462921249
605,754,3.0,3.1283968869321974
851,1105,4.0,3.155237940130507
487,188,4.0,3.959067895154742
181,872,1.0,1.1823091287444825
823,128,2.0,3.8121048329135547
795,17,2.0,2.866551691705976
328,427,3.0,4.019006050368556
234,629,4.0,2.749622650564326
840,516,5.0,4.296568265645231
437,50,5.0,3.7949745099345638
522,79,3.0,3.998694148285166
820,751,1.0,2.927069256703884
911,482,4.0,3.999867025952686
171,292,4.0,3.324296083819298
214,246,2.0,3.6721170522752695
407,204,3.0,3.5658924109170695
246,164,3.0,3.1976066615968852
751,751,4.0,3.0764083668260334
514,429,4.0,4.240024761146921
210,25,4.0,4.081406347279762
846,1220,2.0,3.5515181214623612
26,1010,2.0,3.0279890532559843
293,366,2.0,2.6366367078819177
878,60,4.0,4.020850165254887
133,316,4.0,3.8930150561967505
830,385,4.0,3.7037670048796323
151,741,2.0,3.753846576364361
567,190,4.0,4.199525275385352
927,274,1.0,3.9444724635706336
894,883,3.0,3.5136689833819332
932,174,4.0,4.317005250654529
405,469,1.0,2.3903126571683546
805,58,4.0,3.4036493671182346
65,191,4.0,4.183177437689725
587,342,1.0,2.571815930037794
749,186,4.0,4.101947125429515
720,316,4.0,4.502310004881549
566,156,4.0,4.068857860590931
886,558,3.0,3.299332520646832
876,435,4.0,3.951140782011804
174,278,5.0,3.0897077315410484
665,508,2.0,3.5760328054497696
774,294,1.0,1.9985121462400763
290,227,2.0,3.5363675282923146
848,185,3.0,4.435429530006531
791,304,4.0,4.040713626870855
54,272,5.0,4.673811392538452
203,151,4.0,4.1588534579792675
655,8,3.0,2.9132725413379
592,23,5.0,4.464498922918451
891,126,5.0,4.526884111656265
405,543,1.0,1.837924990068256
242,268,5.0,4.438480296014728
795,710,3.0,3.171014246086589
671,578,3.0,3.525417468028164
606,473,4.0,3.4008203298257285
671,22,4.0,4.353606873094152
823,17,4.0,3.7303106416151595
938,245,3.0,3.1052983121703
554,21,1.0,2.814195362939094
374,642,1.0,3.7514198621941746
197,1419,2.0,2.345969982612435
393,168,4.0,3.120963443279353
836,288,1.0,3.5233388510455708
330,729,5.0,4.559427467841506
491,340,4.0,3.1688783941750227
870,111,3.0,3.3147792940239653
42,735,4.0,4.137175324025934
854,125,3.0,2.406235443534444
144,181,4.0,4.209520076623325
645,98,4.0,4.556717912781059
85,481,4.0,3.7403169171684487
101,257,4.0,3.668313390003909
452,641,3.0,4.1125778757077445
448,900,3.0,3.865338090140609
293,4,4.0,3.350970194298447
880,468,3.0,3.709683069034842
680,845,4.0,3.5510383893424144
643,1028,3.0,3.083613878054737
577,44,3.0,3.8146992012292493
399,628,3.0,2.9329955732101043
373,494,4.0,4.189895964742776
522,96,3.0,4.1070628424676245
160,123,4.0,3.4011360061107316
519,1293,5.0,4.450197427526479
554,95,4.0,3.9057708104750617
450,225,4.0,3.434187836719904
500,739,2.0,2.8747177999949094
903,1381,4.0,3.8685453824067255
746,82,4.0,3.9754684459918286
187,735,4.0,4.1834152790279875
499,87,4.0,3.9568334490390193
16,234,5.0,4.26714102881319
95,70,4.0,3.603147567475915
795,135,3.0,3.6314839476596967
566,2,5.0,3.130678573453613
130,772,4.0,3.6333913749291833
846,441,4.0,2.7795618734109997
529,1038,4.0,3.2261751676541333
545,993,2.0,3.571693922757537
224,333,3.0,3.5225700866401586
735,319,4.0,2.9368360482520637
694,22,5.0,4.623175356697491
885,278,3.0,2.971128627600478
313,117,4.0,3.4151591327714397
682,576,4.0,2.6103641354452085
764,89,4.0,4.24094993329648
184,956,3.0,3.926599226031093
178,792,5.0,3.5192656719574473
327,588,4.0,3.2690979942955067
543,24,3.0,3.2035486315609076
197,227,3.0,3.6897207143116217
232,651,3.0,3.9463176067563475
869,1382,3.0,2.7973776426296584
527,511,5.0,4.306181464026047
121,458,1.0,2.83269885514437
307,1411,4.0,2.9157614876798057
444,251,5.0,4.4454259990423495
87,367,4.0,3.6996026458488864
393,378,4.0,3.776626403224884
926,315,4.0,3.9734545933189733
200,419,4.0,4.450915081663557
897,1033,4.0,3.350500181232071
833,1070,5.0,2.8649139232794285
102,550,2.0,2.830925114998856
236,265,2.0,3.7462656174486466
500,522,4.0,3.6415585627456024
66,9,4.0,3.9000362878261763
721,161,5.0,4.218559344971182
476,67,4.0,2.887287166449225
437,423,5.0,4.202037536752101
64,969,3.0,3.5800386881668693
213,511,4.0,4.894603840466261
774,385,1.0,1.5724546389296707
71,302,3.0,4.080577003600012
28,79,4.0,4.1546333387501875
311,132,4.0,4.039530740282656
629,245,3.0,3.3138025880088477
859,1048,3.0,3.4500051272979912
344,284,3.0,2.901439241737962
279,666,2.0,3.3047598983215765
663,299,2.0,2.8756728882510596
402,222,4.0,3.8660908096229543
624,269,4.0,4.116420781747755
52,1011,4.0,3.7678310127711994
749,99,5.0,3.92152175271936
860,204,4.0,3.6501898258411836
90,306,4.0,4.2613326326425405
63,678,2.0,2.384161333402096
833,1154,4.0,2.333091062682139
721,229,5.0,3.2592963749933417
504,75,4.0,3.5995225526407877
387,217,3.0,3.3396080856750214
878,659,4.0,3.503719796268796
374,124,3.0,3.8149072460226456
382,150,2.0,3.4346813561175438
200,227,5.0,4.112391367842332
31,490,4.0,4.114398695085364
222,465,2.0,2.6672841377694763
677,687,4.0,2.9104608835949173
488,299,3.0,2.5377343929647305
79,906,5.0,3.576826837485792
822,169,4.0,4.184319032491167
49,334,4.0,3.0810840529080497
659,648,3.0,4.140111940030716
393,623,3.0,2.955395536916089
682,229,4.0,2.802696779946247
559,55,4.0,3.7787668100233205
708,25,3.0,3.63627553864215
253,1016,3.0,3.614821181613504
318,127,5.0,4.737963028336225
864,422,3.0,2.996331901457307
890,101,2.0,3.7250958843458877
454,611,2.0,3.0868554511795816
336,368,1.0,1.7367263134718487
13,439,1.0,2.960657063171046
257,676,4.0,3.720751262375926
676,272,4.0,4.023382058624979
667,137,3.0,3.8773553271425256
16,158,4.0,3.094758199216639
606,1151,3.0,3.1640458270068144
842,749,4.0,3.3915606008524883
76,293,4.0,3.755635434181881
663,924,3.0,3.420718564455364
293,160,4.0,2.900081131920573
152,220,5.0,4.275151815632427
749,1337,3.0,3.083146861506622
666,163,3.0,3.3648686896042985
807,505,3.0,4.053278035306497
457,370,3.0,3.2895442287729435
932,154,5.0,4.146654106586434
385,558,2.0,3.7549779802403553
561,141,2.0,2.679714007886151
650,180,3.0,3.3774770185848983
869,249,4.0,2.75778974199945
879,276,4.0,3.3185187150195303
688,307,4.0,4.942821412512978
525,595,2.0,3.0014945592378104
256,471,5.0,4.126894909676965
99,25,3.0,3.090100052821801
639,202,2.0,2.728815342449117
714,111,3.0,3.7855945807712037
504,65,4.0,3.3951629656751225
871,197,3.0,3.6546509103606217
503,20,5.0,3.431915981990768
553,238,5.0,4.190869699811866
276,151,5.0,3.76420773492353
608,44,4.0,3.4488979509137723
890,530,4.0,4.286994546259952
474,116,5.0,4.184993313679017
251,845,4.0,3.8948607477902897
256,283,3.0,4.089221198342206
148,69,5.0,3.9313622504710617
92,42,4.0,3.7696002992250826
339,530,5.0,4.540575422893749
862,230,3.0,4.3989896738452305
854,514,4.0,4.043028173314145
187,65,5.0,3.791272010519946
437,684,3.0,3.529021601118628
296,523,4.0,4.43153906744538
655,860,3.0,2.32690394243121
929,195,4.0,4.157149962028861
279,1361,3.0,3.302237455646957
325,1118,3.0,3.023731188240243
757,1090,2.0,2.480047249388872
159,25,5.0,3.6210870889748286
97,435,4.0,4.166135905274016
883,19,2.0,4.045960725565484
694,660,3.0,3.769917062369765
158,182,5.0,4.084128372921643
460,293,4.0,3.397015964624573
624,123,3.0,3.426681930186139
521,1240,3.0,3.362358507394096
401,707,2.0,3.1077083513344688
207,568,4.0,3.5582708467244952
316,531,5.0,3.031579999191567
639,311,3.0,2.9930226563235784
281,338,2.0,2.875454166742587
378,1061,2.0,2.941921344383111
565,83,5.0,4.7977042091354924
747,1028,1.0,3.020364001609026
454,483,3.0,3.430240448165502
151,196,4.0,4.194802353776868
566,856,5.0,3.65035884943432
903,129,3.0,4.3140330427636355
592,1048,3.0,3.4887471411130657
653,573,1.0,2.358821182848675
312,211,4.0,4.156091198470389
867,603,5.0,4.814251330115462
854,173,4.0,3.702677668546141
620,138,5.0,3.2746472017633415
55,678,3.0,2.687771341312775
329,186,3.0,3.6689271067962688
429,387,4.0,3.2988354011718783
323,7,2.0,3.987176704677644
325,650,3.0,3.236598931518164
56,483,4.0,4.255996616381533
521,203,3.0,3.4346616799567076
450,252,3.0,3.4461086784195407
332,815,4.0,4.014485095849393
399,288,3.0,2.986170205713708
456,50,4.0,3.7435518558352032
551,155,4.0,3.4758726496442875
890,286,5.0,3.711469458978424
67,546,3.0,3.549934931027652
268,1188,3.0,2.3476568013654773
164,117,5.0,4.648256134683616
595,845,3.0,3.140371178545416
160,412,3.0,2.989875636474495
145,3,3.0,2.915759098663159
81,410,4.0,3.085084792608429
193,1132,3.0,2.8348869695270977
546,286,2.0,3.888582627815776
760,1037,5.0,2.0742301191253256
406,480,4.0,3.942725911515919
699,221,4.0,3.525163805418748
220,294,4.0,3.2177593970301444
588,168,5.0,4.434786561241893
201,567,3.0,2.3909693971894033
474,193,4.0,4.547937929404046
378,727,4.0,3.123869365718954
483,91,3.0,3.342276647830006
916,1011,4.0,3.2435721951398175
534,294,5.0,3.569769363739868
82,197,4.0,3.753763021451555
125,210,5.0,4.6723910041272125
746,161,3.0,3.6472671503280725
160,3,3.0,3.4507189387429724
224,70,2.0,3.1332143234711296
775,750,5.0,3.7106057203417446
638,82,2.0,3.57262910054209
497,96,4.0,3.6587550036302923
454,82,4.0,3.2201921585522997
274,118,4.0,3.806630448317866
488,178,4.0,3.7795628110975983
450,421,4.0,3.6800556000441356
924,526,3.0,3.9550095598816966
648,629,4.0,3.409750486574327
854,945,3.0,3.6373171024470907
314,591,5.0,3.8039538316069246
940,382,3.0,3.2948065068114274
235,7,4.0,3.8839111916757774
104,751,4.0,2.53592956894379
279,94,3.0,3.019313868768551
301,161,3.0,3.513506838255816
694,196,5.0,3.881601560819823
581,137,5.0,3.826089935430379
268,72,3.0,3.008461853910632
508,568,4.0,3.486361299112403
894,698,4.0,3.3111180347936986
510,294,3.0,3.32534277483506
86,889,5.0,3.812831976851759
898,302,4.0,4.331699340162513
786,70,4.0,3.710122648575583
298,275,3.0,4.294902508463667
497,230,2.0,3.339858242655883
104,1115,4.0,2.926416213588439
753,304,4.0,3.297078373751724
883,338,4.0,3.2019588050321093
870,959,4.0,3.571084695159447
347,403,5.0,3.810960621118016
458,209,4.0,4.393165580965232
288,520,5.0,4.379415105274716
489,289,2.0,3.411905374719408
82,241,3.0,3.0482950622987257
648,21,3.0,2.7209177290143423
363,290,3.0,3.170752165490448
56,692,4.0,4.002726960433447
898,286,2.0,3.8271182205350867
63,259,3.0,2.4368127258227905
794,14,5.0,4.314347286951416
714,477,2.0,3.5604810787968675
217,576,1.0,2.87750805634563
383,484,4.0,4.287792180803903
294,1047,3.0,3.1443904868000043
435,549,3.0,3.3314302292048517
180,1131,5.0,4.13062332416825
603,250,5.0,3.836833911435964
101,1051,2.0,3.025271940306194
246,746,4.0,3.3115553758951144
409,83,3.0,3.9296832700653894
210,274,5.0,3.6947245947720573
703,9,2.0,3.4759725961827947
28,568,4.0,3.6996248636293116
13,736,4.0,3.0512192431784397
521,496,2.0,3.3981272115280623
263,222,4.0,3.6615014611603445
297,535,3.0,2.9860393772603318
928,358,5.0,3.420451924275355
716,842,3.0,3.1578022390862315
130,1248,3.0,3.9572427234235295
655,1268,3.0,3.275463084798366
18,198,3.0,4.298720887358068
246,97,3.0,3.0840609303684654
141,880,1.0,3.2991640252701737
716,122,2.0,2.4337572581781037
314,1014,3.0,3.3869639785434242
455,1136,3.0,3.386708561514279
828,270,5.0,2.9182308196274267
890,174,5.0,4.389931356713492
694,127,5.0,4.251390831995686
553,178,5.0,4.532051422738701
344,473,4.0,3.5119737230695534
694,483,5.0,4.800264961374345
336,275,4.0,3.412814104516694
933,39,3.0,2.534951267109881
464,12,5.0,4.520480093384468
392,493,4.0,4.750373881664541
707,163,2.0,3.663400373593208
365,948,1.0,2.3684852057025205
932,890,1.0,2.3475949700990135
252,290,3.0,3.681213550966822
394,184,3.0,3.9781481889133015
450,750,3.0,4.045153250663155
58,645,5.0,3.8340993424142438
214,652,4.0,3.6281783245643555
793,1365,2.0,3.2974122348263655
1,5,3.0,3.000234677745739
417,783,3.0,2.7196179154110833
7,606,3.0,4.422580062827295
295,144,4.0,4.03751092095265
721,406,1.0,2.7426789194339607
398,403,4.0,3.4924164414822196
399,164,2.0,2.9657089681949516
844,216,5.0,3.8419012529069527
250,235,2.0,3.429658961263381
450,167,5.0,3.3102125733436965
37,55,3.0,3.969355365681764
624,319,3.0,3.3352048682047886
798,671,2.0,3.571118071065783
381,283,5.0,3.8719877298314134
671,82,4.0,3.9386948478783985
773,639,4.0,3.1057813251815287
445,293,3.0,2.5366086578833213
766,518,3.0,3.5589177251879995
632,55,2.0,3.6714088371452016
838,153,4.0,3.903685469423618
872,363,4.0,3.0205692774566404
417,769,1.0,2.7305773953793593
141,825,4.0,3.007438588385061
689,717,3.0,3.240831620531957
711,729,3.0,3.600770726417595
537,484,4.0,3.9500969283150527
434,833,4.0,3.64708010452617
292,79,5.0,4.535954870999462
73,657,5.0,4.062560066061223
374,717,3.0,2.928380650991046
139,475,5.0,4.247229749082875
207,121,3.0,3.389207868333939
92,191,4.0,4.263695029448479
889,195,4.0,3.731610201206847
864,73,5.0,4.15168399886853
28,529,4.0,4.300455540194261
585,1485,3.0,3.6523074219083
109,154,2.0,3.055137005817243
326,399,4.0,2.7262611270445656
608,187,4.0,3.766767029713806
537,848,3.0,3.1919314591587686
918,174,3.0,3.569706274281328
297,22,4.0,3.8887221891563843
327,559,2.0,2.9314692599803727
660,259,4.0,2.155541399936022
804,510,5.0,4.004911756931543
298,530,5.0,4.627495734932587
442,42,4.0,3.6390100389325513
846,11,5.0,4.398488222490529
643,177,4.0,4.1198957638068086
553,56,4.0,4.148154917174557
504,371,3.0,3.612261230158018
583,175,5.0,4.49816824882081
90,482,5.0,4.656993291931687
222,396,1.0,2.6890327375401144
691,227,4.0,4.150023036536296
279,932,3.0,3.1073662552194805
541,924,5.0,3.381828341482729
133,294,3.0,2.985670064484688
615,937,2.0,3.658658058114462
930,244,4.0,2.663402168123472
192,235,3.0,3.145280421663368
469,610,4.0,4.156061579886977
92,260,1.0,2.7762881847957295
312,611,5.0,4.674199450522832
583,483,5.0,4.987949631073129
345,747,3.0,3.853392909091791
160,150,4.0,3.9600160934926163
881,54,4.0,3.253172142056174
222,358,2.0,2.1060783953316125
538,692,3.0,3.36741784651075
3,350,3.0,2.9790159975889354
16,172,5.0,5.0
708,1280,1.0,2.8811234378159822
286,405,3.0,4.033239401439064
154,191,4.0,4.485894265525956
498,191,4.0,3.6580493859107377
507,338,5.0,3.8535696146756186
457,66,4.0,3.990767779209413
749,292,4.0,3.710670323330134
151,419,3.0,4.1060975479123245
577,829,3.0,3.076925190263483
278,286,5.0,4.10137638078043
43,280,3.0,3.5439903199940717
422,276,5.0,3.8093852954803467
751,193,5.0,3.4956462726003403
524,239,2.0,3.573330102948996
298,423,5.0,4.192741557087802
437,721,2.0,3.2361595417759688
695,268,5.0,3.682117427513109
59,1074,4.0,3.03580328482242
766,229,3.0,2.88074307042678
606,284,4.0,3.8247505983574
253,243,2.0,2.7368625461534486
92,934,2.0,2.758364663386711
189,1065,5.0,3.69679483703283
788,984,3.0,2.707085124940187
486,995,4.0,3.2832881102376295
524,480,4.0,3.888815404403646
393,724,3.0,3.062921039957383
318,892,3.0,2.958684569872252
825,926,4.0,3.464907007251407
629,317,4.0,4.459008703868898
194,241,2.0,2.9434631744482775
901,28,5.0,4.501764276037312
566,763,4.0,3.3786979438557116
130,329,4.0,3.890870318379373
659,134,4.0,4.277443956577142
815,402,5.0,3.8486131252735882
423,326,4.0,3.067230707992681
450,479,4.0,4.432562485404347
331,306,5.0,3.9140758177520723
59,650,5.0,4.092270492865331
504,204,3.0,4.069608388392941
601,183,4.0,3.746607590952287
54,302,4.0,4.498367119170572
483,99,3.0,3.159869496653746
655,734,3.0,2.1006168168601262
608,318,4.0,4.298589157343876
868,81,4.0,3.769534459404527
130,121,5.0,3.8632853473589623
548,924,3.0,3.7441612429890765
711,181,4.0,3.941533082729587
851,410,4.0,3.30376693691005
870,65,3.0,3.2889486119773053
246,98,4.0,4.377273073040238
416,937,2.0,3.8141794138247613
109,924,3.0,3.4902881164709734
830,399,5.0,3.1996368733420013
472,94,5.0,4.051961500126889
1,182,4.0,3.918567919245229
581,50,4.0,4.301474262398333
655,483,4.0,4.136298994819743
321,654,4.0,3.8305905579754147
527,324,3.0,2.7568301722724424
354,660,3.0,3.7052430364307662
222,375,1.0,1.8681159835401813
151,1006,1.0,3.625825817803019
883,208,4.0,3.9741167406106785
503,246,5.0,4.043367620983807
295,812,4.0,4.012019449719172
94,234,5.0,3.9456538216060477
235,1464,4.0,3.230855923424493
294,363,1.0,3.2788863359395166
693,428,3.0,3.4317057928860497
343,228,5.0,4.043522569265085
216,673,4.0,3.931421410548902
648,164,4.0,3.738718906716763
858,678,1.0,2.6707564232889798
592,50,5.0,5.0
392,179,5.0,4.344609900760589
387,475,3.0,4.747762060288719
1,43,4.0,2.9764744779349677
653,258,3.0,3.5469062661266175
548,185,5.0,4.1736153554356505
90,317,4.0,4.513210304199518
648,722,3.0,2.520675284818666
451,876,4.0,2.1978476938940728
590,100,5.0,4.4402355245370515
397,358,2.0,2.702963431138688
788,7,4.0,3.4311847959626682
49,172,1.0,2.5267735635938644
727,24,3.0,3.7297749260491644
823,26,5.0,3.831793163823525
201,631,2.0,3.2252688634926825
269,476,1.0,2.5632807360664818
276,800,3.0,3.1805796039156826
7,463,4.0,4.48313551554751
774,673,2.0,2.2931874126206133
452,481,5.0,3.4907598284442294
882,11,4.0,4.349255078862477
18,510,4.0,4.162998065830354
704,1299,3.0,3.187925417028093
796,591,3.0,3.8222494115901187
354,272,3.0,4.010661365383592
80,45,4.0,4.103589632146844
406,414,2.0,3.52584832291478
570,258,3.0,3.0971565593271118
505,204,3.0,3.7599707500423483
32,100,3.0,3.7991930854011855
883,306,3.0,4.477584302291739
606,100,5.0,4.475289070558046
506,261,3.0,2.518180599082665
447,508,3.0,3.779272162379295
106,211,4.0,3.9613409088742744
151,462,4.0,4.1634152530305615
774,218,1.0,1.6726418550382562
215,157,4.0,3.654628040230543
882,369,3.0,2.770753930967559
888,153,4.0,4.0036586347902245
608,157,1.0,3.8396255758955635
578,258,1.0,3.282457731917751
893,50,5.0,4.432061936685698
543,770,4.0,3.144550241595453
417,1539,2.0,2.9249444678281296
521,246,4.0,3.5369882779663393
861,45,5.0,4.175910114315507
25,7,4.0,3.65996858561061
595,14,5.0,4.140221747624955
356,892,1.0,2.736986166763087
85,516,4.0,3.702633966226597
248,114,5.0,4.203185271741912
384,316,5.0,4.9443110021009335
720,345,2.0,3.7916398752758873
634,1009,2.0,3.38323562078508
619,809,1.0,3.168317526718865
216,172,4.0,4.2061959059862595
676,250,4.0,3.7900679554127805
339,488,5.0,4.3818531969522105
91,474,3.0,3.9635002224813998
823,83,3.0,4.118071266598173
648,384,4.0,2.3579211371286157
341,1527,4.0,3.491879253317445
655,578,2.0,2.513463451833474
234,430,4.0,3.5967365754181473
144,73,3.0,3.562618827921596
538,127,5.0,4.211208134678169
588,125,3.0,4.359833290381966
122,519,4.0,4.414454269868022
846,510,4.0,4.352003875327997
182,123,4.0,2.915718092315883
85,135,5.0,3.8199841173736333
871,359,3.0,3.4647766923660073
184,22,3.0,3.9831430338775724
943,443,2.0,3.571706041691181
286,763,2.0,4.376873337332587
628,330,5.0,3.9098017552015345
499,463,5.0,4.066687180149386
250,159,4.0,3.3042997427683014
769,111,5.0,3.445460721306389
870,603,5.0,4.113145601099625
632,763,3.0,3.2977420585478714
23,70,2.0,3.7028828960699385
655,144,3.0,3.2685679140288104
840,432,5.0,4.338910777343475
938,240,2.0,2.341198290177181
530,88,4.0,3.6546206456828205
293,39,3.0,2.840764188398545
327,196,4.0,3.420277266502673
399,697,2.0,3.626240688046928
213,628,5.0,3.995342421264876
586,22,3.0,3.8165529746296367
128,508,4.0,3.7347422418364524
807,393,4.0,3.9361113387695603
665,298,3.0,3.7580277589741886
24,763,5.0,3.4822174843521947
284,301,5.0,3.278212118664065
683,332,3.0,2.80998219166208
806,200,4.0,4.0540654094698905
486,879,3.0,2.866091288496383
264,93,5.0,4.285803728827632
474,518,4.0,4.063441797154288
95,144,5.0,3.5977173353055956
213,151,5.0,4.453295491073113
457,222,5.0,4.141551553843253
722,117,4.0,3.84678914902222
209,127,5.0,3.965295217877104
56,720,3.0,3.467542213332823
477,275,5.0,4.7541963126977205
373,414,3.0,3.467395287460768
796,48,3.0,4.131780530677684
739,751,3.0,3.1435293072605597
608,268,4.0,3.6756348491282496
561,154,4.0,3.590825730194484
308,1126,3.0,3.6559821648981647
65,476,3.0,3.404362367210313
189,283,5.0,4.149876166278099
299,778,4.0,3.3045750652894355
43,729,4.0,3.565638805579314
624,235,4.0,3.0998208538245935
899,483,4.0,4.225810730526453
115,20,3.0,3.7125544848695036
116,288,3.0,2.495895502432294
827,329,3.0,3.217391409137828
207,282,4.0,3.3968220917142924
452,455,1.0,3.051836154298721
425,271,5.0,2.7350355218692712
147,904,5.0,4.195986614075921
303,1411,2.0,2.4659199989561533
717,268,5.0,4.088364066098811
848,490,5.0,4.257794092010401
503,318,5.0,5.0
98,502,2.0,3.5141167921210275
281,308,1.0,3.4294562638676838
290,450,2.0,2.3356911195253156
417,208,3.0,3.653493442066317
429,535,2.0,2.7705542220893986
886,76,4.0,3.625795326206501
533,1291,1.0,2.80257738853655
314,72,2.0,3.6623496593705873
15,303,3.0,3.3660570898279465
616,292,4.0,4.106631060187579
312,644,5.0,4.087482124067036
106,584,4.0,3.443670980665284
592,92,5.0,3.658948750386171
293,258,3.0,2.9353034467021013
630,975,4.0,3.077444039463519
373,186,5.0,4.3113328918980445
533,147,1.0,3.489001726505548
7,431,4.0,3.841244617725907
221,386,3.0,2.885420778459991
903,87,4.0,3.731103654782232
880,254,2.0,2.514603619042974
887,127,3.0,3.9006959551039886
697,689,4.0,3.696133817706143
553,23,5.0,4.332375156867223
776,442,2.0,2.83027232481916
907,934,4.0,3.9135189943516897
711,447,4.0,4.207242624936243
326,563,3.0,2.2949596739032754
330,252,4.0,3.883689549425705
394,228,5.0,4.310286983452283
751,434,4.0,3.7540659742352416
5,371,1.0,2.3633522118455987
886,168,4.0,4.360797061459066
429,250,2.0,3.2323751296379317
398,497,3.0,3.8219863474148728
655,944,3.0,2.2253686314861127
524,24,3.0,3.0959711719872014
64,1141,5.0,3.2968583606695314
802,56,3.0,3.880268854847524
446,340,2.0,3.0862532052085143
924,258,3.0,3.346504912667943
650,546,1.0,2.6900284897055626
181,292,1.0,1.7667065673868296
11,11,2.0,3.5144858988788505
291,168,5.0,4.424792518854736
410,328,3.0,3.196562668939523
790,959,3.0,3.5359783809207728
728,287,4.0,3.808991138263888
506,699,4.0,3.6769504744760404
825,595,3.0,3.450849778873391
13,651,5.0,3.7925687792115306
514,713,3.0,3.6618302227039674
734,607,5.0,3.7018954177720054
287,347,4.0,3.9612976155590878
934,168,4.0,3.6301272156053486
592,295,4.0,3.4807006543624426
452,805,4.0,3.549959090562142
650,197,4.0,3.3116933103825534
339,186,4.0,4.332665499477543
573,127,4.0,4.028652534590329
293,67,3.0,2.115320194428022
429,652,4.0,3.9469615243122185
38,678,5.0,3.5432170616027303
749,1274,2.0,2.6659030248919664
813,243,3.0,2.163417025034532
318,968,3.0,3.5802560957396827
74,331,4.0,3.822333185581326
507,288,5.0,4.362338929756742
151,423,4.0,4.520081781838465
387,772,4.0,3.3175613864907696
244,9,5.0,4.6732731574297945
130,627,5.0,4.167936507281055
801,895,5.0,3.988464933223353
59,59,5.0,4.027482277766319
11,718,5.0,3.68444449442965
206,300,1.0,3.0911311974343345
817,7,4.0,3.2804831825264102
115,92,4.0,4.13934790478513
213,405,3.0,3.7184624314161985
594,286,3.0,3.151838495610971
535,506,5.0,4.192087222728669
600,449,4.0,3.425209669430844
600,176,5.0,4.319325435645714
691,182,5.0,4.2190227122809585
800,121,4.0,3.556006917218405
586,581,2.0,2.8767641585660306
244,40,2.0,3.081669425921334
741,95,2.0,3.6057751728234066
270,869,1.0,4.092387331929167
534,1028,5.0,3.4911784930440115
21,979,2.0,2.938506514207954
142,28,4.0,3.974861469069554
792,831,2.0,2.393582250945242
664,302,4.0,4.332740011225349
254,230,4.0,3.9106395225932076
663,121,4.0,3.64794222132568
525,1011,3.0,3.1304790622797065
21,696,2.0,2.7034636253386077
835,210,5.0,4.435996120376026
943,229,2.0,2.7751281141411233
10,495,4.0,4.019488254132221
658,69,4.0,3.9916136607388752
747,202,4.0,3.7118305547475683
458,333,1.0,2.9294666211027227
654,1035,4.0,3.5793844331789955
347,268,4.0,3.1979432188855976
436,761,4.0,3.491832714012855
711,763,1.0,3.7632998303343794
206,314,1.0,1.7956673375425718
203,258,3.0,4.01777077428302
178,783,4.0,3.096967076610354
234,1064,4.0,3.000117457914736
559,508,3.0,3.380157093426656
678,287,3.0,3.3701691224107875
275,173,3.0,3.7804381858115645
314,7,4.0,4.050134482144769
148,501,4.0,3.5206642365241403
158,228,5.0,3.9328231120345825
738,651,4.0,3.78075174521135
378,1232,3.0,2.878032060915351
835,1673,3.0,3.804483023812753
807,168,4.0,3.7893793065645305
243,191,5.0,4.0572755880932
110,28,4.0,3.912072740608613
773,809,1.0,2.6738283899706623
417,420,4.0,3.22966574561197
719,87,2.0,3.4493158822113235
479,304,4.0,3.4512064809153693
655,712,3.0,2.544717076976121
764,216,4.0,4.233431529508479
648,62,5.0,3.332221385451355
26,298,3.0,3.5397378724754955
889,664,2.0,3.704890275089642
749,240,1.0,3.087979702500386
339,99,4.0,4.251340299829863
603,380,4.0,3.4761319217670175
291,800,2.0,3.4853768308271187
488,418,3.0,3.4840551202308223
833,226,3.0,2.624884652850308
308,24,4.0,3.5564987619030353
497,175,4.0,3.8886108241553043
303,997,2.0,2.6717237105153537
890,89,4.0,4.309704355777686
727,977,2.0,2.488094692686625
385,631,3.0,3.6874178497573946
596,682,4.0,3.1338428450595766
798,602,3.0,3.537390283536007
846,562,5.0,3.3606033132969557
478,780,3.0,2.641791582390939
259,288,3.0,3.8182453441278033
903,89,4.0,4.07812542682344
766,202,3.0,3.1715258415515857
605,210,3.0,3.8753975855475224
588,24,2.0,3.97565129473123
487,378,5.0,3.8247007137002074
268,574,2.0,2.071058131386089
396,260,3.0,2.9210872464311004
546,590,4.0,3.0832807068467996
435,64,5.0,4.132920091212964
489,303,4.0,3.998791944797475
455,279,3.0,3.2811226422338042
154,945,3.0,4.1651499281830455
276,595,2.0,3.0727040317847507
207,88,2.0,3.3459721550314843
510,1025,3.0,2.460884064417937
59,134,5.0,4.776804386593877
416,588,5.0,4.497210309347974
530,64,5.0,4.865377512379423
281,310,4.0,3.8691222986837324
533,88,4.0,3.855342383935269
196,116,3.0,4.055655764890927
114,186,3.0,3.571883029834172
894,289,2.0,3.623294906146622
539,258,4.0,4.12829753438272
900,480,4.0,3.445328242096522
904,603,4.0,4.625750211016574
159,364,1.0,3.218509647759779
504,756,3.0,3.2330440526753397
533,245,3.0,2.9968520910448584
846,1055,3.0,3.638243393117193
38,465,5.0,4.3944430532780006
296,248,5.0,3.7185967666117845
798,38,4.0,3.2688800801763276
837,535,1.0,2.9898394294505697
293,196,4.0,3.7333429675604743
407,316,4.0,4.024876342524053
234,482,4.0,3.868558475109275
11,107,4.0,3.4202503980181476
638,515,4.0,3.87019339992921
185,740,4.0,3.8672224699732887
862,100,5.0,4.764391839185393
162,1011,4.0,3.104840297068842
487,289,2.0,2.666846684435255
771,243,3.0,2.540438501775723
269,488,4.0,3.7490156110819295
639,60,3.0,3.1555888555767995
407,218,4.0,3.498137058733331
735,690,4.0,3.269072034518718
469,490,5.0,4.541997072302938
92,955,4.0,3.341096579279458
393,153,3.0,3.4488365927282922
488,742,4.0,3.093976477800554
181,1277,2.0,1.665292710978923
58,955,4.0,3.5884223710038676
13,154,5.0,3.5138010503266126
211,228,3.0,3.2191121493502375
109,147,4.0,3.0155608522478405
117,895,2.0,3.4902742949664725
566,705,4.0,3.930270684653803
525,475,3.0,3.7218834758565222
361,226,3.0,3.0263001242919905
290,515,3.0,4.043015822418844
664,678,2.0,2.2848808433633785
706,325,1.0,2.535689778475752
474,737,4.0,3.4974499704296416
566,378,4.0,3.2812390586411144
804,468,4.0,3.673634896503898
524,504,5.0,3.4982685363743617
235,474,5.0,4.360694354401377
428,347,4.0,4.174733989474301
425,976,1.0,2.529045078292086
190,294,3.0,3.319389170368401
45,476,3.0,3.2240787137365863
304,682,3.0,2.9879260044244216
888,762,5.0,3.7308024040885694
249,1069,5.0,4.104127299977471
846,232,3.0,3.4424453495128557
416,1400,4.0,3.758478925898301
72,471,4.0,3.1085777245532276
389,100,5.0,4.583701791144867
13,629,1.0,3.0211848324151562
533,1033,4.0,2.1173062246216174
638,204,5.0,3.853755685092318
615,300,4.0,3.630632966400605
843,25,2.0,2.6323259933026963
363,234,3.0,3.2745470404803867
304,893,3.0,2.8440211673322673
200,380,5.0,4.134843505128653
13,750,5.0,4.014288146198775
416,185,4.0,4.193531022255594
380,315,4.0,3.565064013986021
684,742,4.0,3.6277511148664723
299,607,4.0,3.599550013157163
268,223,3.0,4.055100051627831
135,39,3.0,3.056921162015305
342,1315,1.0,3.233958530769012
184,117,2.0,3.205526757409846
757,1016,3.0,3.340675521640211
327,23,4.0,3.7966285307517835
308,127,4.0,4.405833069004389
619,252,3.0,2.6206634807636475
249,476,3.0,3.3843859795885813
880,1423,3.0,3.3903251174031737
151,628,5.0,3.1265324624256077
659,517,5.0,3.6948785909123854
682,419,3.0,3.2568752652424644
766,136,3.0,3.7722949356323845
145,410,4.0,2.8436367727314087
766,499,3.0,3.664213600870255
72,195,5.0,3.791852862298523
476,239,4.0,3.6109389243117773
437,1206,4.0,3.3241713665718273
875,582,5.0,3.8409974452684166
796,449,4.0,2.718890485144444
606,11,5.0,4.257624197151619
632,237,3.0,3.630839414249005
660,210,4.0,3.187812359970391
62,91,4.0,3.483671938166021
918,381,5.0,3.471434923089474
666,70,4.0,3.5592875453592288
132,124,4.0,4.001762442431719
412,4,3.0,3.51496423610349
670,175,2.0,4.106587900163179
216,81,4.0,3.6365415998236683
324,873,5.0,3.917479156096149
279,919,3.0,3.603724418535849
665,931,3.0,2.2174251593076275
781,318,3.0,4.3792653127872025
244,550,1.0,3.426719544691175
748,474,4.0,4.124658435792724
239,701,5.0,3.779448839378492
83,756,4.0,3.048127742221862
347,182,5.0,4.086197062040626
476,451,3.0,3.2415074115202684
899,51,1.0,3.2372993368904157
623,15,4.0,3.3437239726983248
462,288,5.0,3.8729041492385323
398,654,4.0,3.8516634097417355
219,269,5.0,4.36383452073613
328,754,4.0,3.5088258427406265
882,1412,3.0,3.3634217758956253
401,204,5.0,3.3602449152721436
725,15,4.0,4.203141105372879
459,596,3.0,3.577156829469828
219,936,4.0,3.9734875903030673
766,217,4.0,3.0883063653981844
697,7,5.0,4.2689915036517725
787,305,3.0,3.437638325590852
417,325,2.0,2.558633728081833
450,728,3.0,3.332112016220631
186,298,3.0,3.8858869939146414
665,234,3.0,3.3420464407036765
545,549,4.0,3.453265814962608
435,211,4.0,3.874279022057039
805,223,5.0,4.374672615581989
321,730,3.0,3.326139036543048
763,462,5.0,4.206434972977224
291,571,2.0,3.288131788728875
263,378,5.0,4.42638586120224
572,300,4.0,3.02413951757906
831,328,3.0,3.066371483698299
639,197,3.0,3.2851219284766033
815,127,3.0,4.331248004550516
711,365,3.0,3.6756522732705568
59,609,2.0,3.8746392527534397
222,418,2.0,3.1806740080245097
387,1198,3.0,3.1673718038914296
5,110,1.0,2.1492380118760837
293,1147,4.0,3.0896520448122917
283,168,5.0,4.634473836122035
535,64,5.0,4.332332756626915
9,487,5.0,4.417782514152058
913,202,4.0,3.2668931900425497
848,393,5.0,3.945707449022918
739,216,4.0,3.6394671187026164
354,10,5.0,3.9785221111104
897,405,5.0,3.951892257277758
4,328,3.0,4.337865030549347
542,1,4.0,4.046034206597857
763,198,5.0,4.029892486252345
880,328,4.0,3.6081217283987193
748,86,4.0,3.7204818622723765
201,1128,4.0,2.778264390710551
830,56,2.0,4.340382447128228
38,211,1.0,4.199876598246314
189,276,3.0,4.157246843860605
334,403,4.0,3.3619209182017653
224,329,3.0,2.902998456116275
256,724,4.0,3.822396464233843
292,199,5.0,4.600271572803427
11,291,4.0,3.3235263161294064
498,50,4.0,3.430169317356627
841,307,5.0,3.9316904922727205
396,977,3.0,2.9375692659388104
378,1478,3.0,3.143685867743861
416,284,4.0,3.2909511244836835
697,881,2.0,3.27368760507942
655,900,3.0,3.0645049629157093
693,258,4.0,3.2333909154363902
637,13,1.0,2.7337801681101483
60,180,4.0,4.243422487294831
354,135,3.0,3.9202568348514775
618,148,3.0,2.7916722177237183
36,875,3.0,3.521408249483366
807,477,4.0,3.952634594461189
810,326,5.0,4.354794282365403
625,528,3.0,3.89833842256385
653,546,2.0,2.4166732109292326
320,470,5.0,3.88395605058874
6,521,4.0,3.661474428240308
7,259,3.0,2.7434563937281085
222,636,4.0,3.182949360267533
254,1444,3.0,2.373747070794824
23,275,5.0,3.723676053707141
374,233,3.0,3.5616398757541363
295,389,4.0,4.206345337701739
846,95,3.0,4.002508017874548
825,106,4.0,3.2269425220887404
483,405,3.0,3.2897698605578185
843,145,3.0,1.8675579365634556
504,162,4.0,4.030161893233364
330,204,5.0,4.784339839640385
897,498,5.0,4.705101732326923
276,463,4.0,4.0233374190178095
524,416,4.0,3.1412033913632644
465,603,4.0,3.64850911529782
279,685,3.0,3.251421982622521
883,55,4.0,4.003563993908574
269,747,4.0,2.8004769235196525
787,350,1.0,3.141097307536515
429,510,4.0,3.811078927054159
181,1373,1.0,1.7270462328442502
682,943,3.0,3.181492766422683
618,655,4.0,3.797571805158709
301,790,4.0,2.916976282636924
254,103,2.0,2.499279048513856
200,523,4.0,4.5305005706340165
535,197,5.0,3.791675407261886
435,358,4.0,2.350926697969785
655,1011,3.0,2.8918610036072754
450,549,3.0,3.9959359833997503
318,94,4.0,3.4117184533758484
828,557,2.0,2.9004962735344106
44,172,4.0,4.202720736106708
749,984,3.0,2.907762366979019
269,1154,3.0,2.493341432751865
758,231,3.0,3.5726156232522603
279,1162,3.0,3.044897343866711
94,472,3.0,2.553390990817301
485,321,3.0,2.933363657752345
299,602,3.0,3.6091386432708794
151,88,5.0,3.4509916238186102
271,220,3.0,3.060728563954692
45,15,4.0,4.0082083707366065
921,778,3.0,3.0782623351783585
655,803,3.0,2.3325754975845183
864,734,3.0,3.0624088901954862
48,524,3.0,3.9628417876179767
416,213,5.0,4.463964001634591
593,4,4.0,3.4334742006011725
514,682,4.0,3.1685782051929237
378,295,3.0,3.4423802793827014
160,56,5.0,4.82839267243497
234,808,2.0,2.0818970831311243
429,385,3.0,3.7285875331360905
843,379,2.0,2.4015322027236183
610,172,4.0,3.8800945661999
244,197,4.0,4.3245571858410665
627,177,5.0,3.679303284828226
655,475,3.0,3.5790228862256606
655,1213,2.0,2.4582607955195663
841,751,3.0,3.752051889420621
882,471,4.0,3.9636064150833765
577,1271,3.0,3.4771866421567474
203,257,3.0,3.707249119630669
248,928,3.0,2.8433333959169156
288,286,4.0,3.974604754578487
299,733,3.0,3.4222450408263265
653,765,1.0,1.995895960117225
880,375,1.0,2.4460598356423153
328,1109,3.0,3.1911559060328565
58,9,4.0,4.005818779204322
521,240,3.0,2.280468654562264
332,934,2.0,3.652270082766657
845,1234,4.0,2.440918964253658
62,21,3.0,2.2361322142557416
698,516,2.0,3.1210892501240197
215,288,2.0,3.47619230438686
548,370,3.0,3.0595770529157664
339,156,5.0,3.9989953399183595
159,117,5.0,4.337013229174016
194,640,1.0,2.586868977269689
194,417,2.0,2.4204222971050573
699,828,3.0,2.7999066329876516
244,95,4.0,3.4902516834530566
145,486,3.0,3.6668742319525824
267,685,3.0,3.7570944988557087
437,42,3.0,3.08148385028669
880,85,3.0,3.4230787903155813
267,474,5.0,4.701409924685176
682,187,5.0,4.106234323480624
661,70,4.0,3.705900532785124
653,286,4.0,2.2055477301187807
318,282,4.0,3.9832553987693395
690,70,2.0,3.499923601387696
21,980,2.0,3.0925353814748617
297,588,4.0,3.6952816667298216
897,179,3.0,3.34954871651586
523,662,4.0,4.00199664842056
663,260,2.0,2.9652480167557744
435,157,4.0,3.386044443068726
59,47,5.0,3.9210659529801166
13,852,1.0,3.127174401624713
296,276,5.0,4.370828828093298
654,121,4.0,4.070993225823292
195,678,3.0,2.5773064234851026
3,344,4.0,3.1553185085483473
748,173,4.0,4.1680699900129055
817,876,4.0,2.753888102039231
308,73,3.0,3.4524790973719703
774,234,2.0,2.4765658041912992
414,313,4.0,4.332542490710992
18,242,5.0,4.075830103024562
407,202,4.0,3.755161720999614
936,118,3.0,3.063561823288075
774,178,4.0,2.8396946113688486
743,276,5.0,3.521468035999364
354,47,4.0,3.7556981871465545
566,49,2.0,3.2731425994141357
221,358,3.0,2.6635180258942825
268,949,2.0,2.8658576003618923
102,501,2.0,2.410842165832357
782,1378,2.0,3.1315753933261465
795,588,5.0,3.458511891058258
1,175,5.0,3.4357325995184653
185,196,4.0,4.167120563747839
145,411,2.0,2.6207745258455577
287,218,5.0,3.9548123202302876
488,514,2.0,3.2145564556640553
750,269,4.0,3.974946197940486
336,619,3.0,3.1677038510913618
6,490,5.0,3.6745517013598072
394,797,3.0,3.6049782069767518
197,306,2.0,3.4341365219095144
435,155,3.0,2.768428980856962
43,531,4.0,4.121447256361425
201,222,3.0,2.880899514165039
532,22,5.0,5.0
664,513,4.0,4.366093059205283
356,331,3.0,3.7793306055070945
524,474,4.0,4.452717399832419
663,685,4.0,3.476508656482787
622,162,3.0,3.1412252369051177
44,196,4.0,3.8393575436062912
457,318,5.0,5.0
655,1018,3.0,2.817146274446839
271,216,5.0,3.927469327475532
13,821,3.0,2.902827221364441
286,642,3.0,3.7229516047557807
130,413,3.0,3.3190371506699634
145,100,5.0,4.311151038449309
342,792,3.0,3.5899507271126687
299,173,5.0,4.039553328062548
655,619,3.0,2.6014932995161866
788,231,3.0,2.757638299757192
417,743,2.0,2.115582680569728
401,724,4.0,3.1014159557396166
268,232,3.0,2.7610347565341073
72,679,2.0,2.807241383116369
921,924,3.0,3.41137534796214
181,3,2.0,1.3261665875932889
779,117,4.0,4.502273074407754
774,1091,1.0,1.3023123448117155
397,343,2.0,2.5740814706735513
843,227,3.0,2.3793857031314065
823,450,1.0,2.701060656542805
113,292,3.0,4.132689129446706
233,215,5.0,4.18882353355543
314,468,4.0,4.033983656018495
454,185,2.0,2.8662501504720526
51,485,1.0,3.7351366687081917
682,281,3.0,2.893187447400329
257,531,5.0,4.207854096921681
592,702,4.0,3.69293584646179
328,528,5.0,4.199753882116696
13,327,3.0,3.2540412069771727
213,97,5.0,4.292003330132711
176,151,4.0,3.96357206860155
347,1,4.0,3.880846482303656
794,109,4.0,3.8435354925652376
838,121,2.0,3.5149816132658342
540,281,3.0,3.1428727709710724
903,59,4.0,4.419382061361899
312,968,5.0,3.790295045573123
271,642,5.0,3.662145146890094
279,663,3.0,3.864641258732042
533,591,4.0,3.65400276714988
52,471,4.0,4.019344935935948
184,93,4.0,3.769806815848833
195,135,5.0,4.34379245986419
828,316,5.0,3.397506400936549
796,322,3.0,2.755983577592889
378,744,3.0,3.317994549161214
378,546,2.0,2.8864693269576196
57,249,5.0,3.499528816250786
189,199,5.0,4.593030582818276
667,23,3.0,4.080721311211072
301,3,2.0,3.4612198086514914
297,751,4.0,3.4239683034244894
515,258,4.0,3.314067815104092
796,282,4.0,4.0983378622774325
380,28,4.0,3.329788232572635
339,484,5.0,4.508138764739211
368,288,3.0,3.2903685727587173
72,45,5.0,4.256179485967073
618,181,5.0,3.6898113151934235
687,323,2.0,2.7385085935929667
397,332,2.0,3.5786878428631885
344,246,4.0,4.215124057781436
303,233,4.0,2.8453776483881605
488,612,4.0,3.6269710975210288
305,190,3.0,3.4199102397648984
85,301,4.0,3.010867299916151
9,50,5.0,4.761928425744397
125,238,3.0,3.323437539053884
201,56,5.0,3.534373013462311
934,771,3.0,2.6198636555051387
884,515,4.0,4.101478587730911
472,323,4.0,3.8049236646898996
75,118,3.0,3.3746108335959026
524,501,2.0,3.037154589013201
151,301,4.0,4.060477998518923
197,177,5.0,3.802190634194344
437,56,4.0,4.6202452235256795
346,127,5.0,4.0449575354668905
547,315,4.0,4.565605105504709
757,1240,3.0,3.66877271896095
846,241,4.0,3.707802433853937
682,623,3.0,2.4647856791625475
639,61,3.0,3.1766879843651497
761,261,1.0,2.1359553266216222
76,1153,2.0,3.4579765142248373
904,815,4.0,3.350824905226211
892,274,4.0,3.762957905471767
62,22,4.0,3.8946819018047663
398,692,4.0,3.592994145306095
192,284,5.0,3.117571422385239
7,449,3.0,3.4674528917895513
241,880,5.0,2.9861359052973873
741,239,2.0,3.3978668959485594
543,651,3.0,3.8275359755147904
328,284,3.0,3.0949234385063287
48,243,3.0,2.2985349171172693
627,2,3.0,2.830785988822376
934,660,5.0,4.102954271650284
542,523,4.0,3.9795976375682285
786,429,4.0,4.2163576063389145
707,9,5.0,3.9144128370066187
609,287,5.0,3.2051359395415218
286,1060,5.0,3.774484214158808
542,23,5.0,4.1836078896457405
37,403,5.0,3.7023912190998254
692,287,3.0,3.586046239426735
303,763,4.0,3.771144870991945
294,406,2.0,2.8263190901585467
387,203,4.0,3.4884321963197253
787,269,3.0,3.8221631911816036
495,969,4.0,4.33513758466822
610,331,3.0,3.4336450059110533
160,763,4.0,3.636601441954329
249,89,5.0,4.707130886650862
918,213,5.0,3.5812570390511045
459,678,4.0,2.891806708027215
625,172,4.0,3.7171157494649147
566,33,2.0,3.3306797577904055
855,462,4.0,3.4281860640196675
648,225,1.0,2.9474300324766394
663,544,4.0,3.4955950621863727
301,429,4.0,3.8977169488095287
230,211,5.0,3.841210520862205
346,1090,2.0,2.5106978272196954
229,358,1.0,2.2781727406433285
532,545,2.0,3.5910169345090233
747,649,3.0,3.605254545601529
918,747,3.0,2.983267635769736
279,659,5.0,3.574407603892862
900,1028,2.0,2.267365754519343
457,53,4.0,3.496377064588334
291,413,4.0,3.0898326261366287
164,121,5.0,4.649724258763234
650,849,2.0,2.23071276091761
541,1036,2.0,3.2132731904045686
269,111,1.0,2.733246465525592
503,640,1.0,3.2072244973717794
545,578,4.0,3.321766298458741
130,393,5.0,4.006062810848699
716,1050,4.0,3.803255523351777
102,436,2.0,2.8329036512958012
101,928,2.0,2.798334889424073
380,1444,1.0,2.2293992701488703
919,1315,2.0,3.583844313759055
460,289,4.0,2.1691344987573182
396,329,2.0,3.410327741756482
739,79,4.0,3.672222067611146
185,480,4.0,4.342208374625134
385,367,4.0,3.680798227255352
334,549,4.0,3.34222582685658
843,288,4.0,2.714940166402224
236,195,2.0,3.662875473788265
405,521,4.0,2.3174030246356847
178,654,3.0,3.57165758919339
718,111,4.0,3.8067955481205957
254,82,4.0,3.612188684856471
180,462,5.0,3.6677620492092617
94,1224,3.0,3.3991725174980516
94,63,3.0,2.787847252359999
785,288,3.0,3.7180979130010745
342,762,2.0,3.212778594468633
207,841,3.0,2.481786420714161
625,945,3.0,3.578610427880611
537,91,2.0,3.3279808978696566
897,73,3.0,4.127682833800513
79,813,5.0,4.0329166789905075
393,316,5.0,4.207379904954851
577,79,4.0,4.280399995582579
295,722,4.0,3.456896862063275
118,919,5.0,4.857854855247584
881,222,5.0,3.599644823817431
343,25,2.0,3.1618757976671388
442,710,5.0,3.2166155346765946
846,132,5.0,4.39954608551439
286,73,5.0,3.9203674050037627
429,1011,4.0,3.387379928326374
435,333,3.0,3.1903027364998295
711,277,5.0,3.9806961985866183
287,50,5.0,4.875252467695151
851,693,5.0,3.9224383939190073
804,2,4.0,3.46714912796952
616,313,5.0,4.31821376052276
454,238,3.0,2.7517018086524256
224,157,4.0,3.3118272960004127
648,810,4.0,3.0432913697663784
629,301,3.0,3.8040872460744115
650,97,3.0,3.139093373977277
320,148,4.0,3.6302713874942696
625,433,3.0,3.4381089437160863
402,476,3.0,3.3317916935998335
416,684,5.0,4.376123338192108
921,328,5.0,3.2964150962555268
409,178,5.0,4.444736515062052
551,25,1.0,3.4460623937614216
715,276,3.0,3.6198857030491998
374,15,3.0,4.0488657836721575
306,1028,2.0,3.254993925209833
344,1014,4.0,3.175972879929787
121,717,5.0,2.2692106686572027
347,273,5.0,3.1481936487666458
262,71,4.0,3.4277639547799144
453,68,4.0,3.3451154250002886
508,181,3.0,4.046505871615125
472,229,5.0,3.998999469858099
883,61,5.0,4.154425634945307
149,258,3.0,2.993270674069867
706,245,3.0,3.2463228722786073
102,746,2.0,3.0960182376248224
315,276,4.0,4.337784334956137
582,597,3.0,2.691331276395119
453,33,4.0,2.9525826456848057
222,223,4.0,3.4867884506982367
378,559,4.0,3.396123010061283
343,163,5.0,4.213868719978522
225,172,5.0,4.743366405749311
796,1076,2.0,2.6531413223162015
95,505,3.0,4.053354052519715
423,690,4.0,3.7279255647320815
602,871,3.0,3.3038488179046723
129,288,1.0,3.2214889465726126
774,449,1.0,2.1107774338972645
230,371,4.0,3.572545355229964
495,181,5.0,4.7943958433430645
621,559,5.0,3.5272723339639462
679,8,2.0,3.632759498871473
202,286,1.0,3.003104137092847
943,471,5.0,3.7500719402503226
22,386,3.0,2.8184712055462575
181,118,2.0,2.104036257333385
374,88,3.0,3.575832634144117
435,52,5.0,3.4253099091276775
437,417,5.0,3.2039733691999213
664,276,5.0,3.8916829386926786
403,405,5.0,3.486978359108776
269,237,2.0,2.49347217839904
38,69,5.0,4.558930463896476
376,707,4.0,3.8823611225486587
268,780,3.0,2.804415070040688
497,187,5.0,4.194849478669853
896,358,1.0,1.832096009985973
828,86,3.0,3.224607008897763
593,79,4.0,4.2009423738817295
432,315,5.0,4.461939988197076
504,693,4.0,3.597576893918816
919,690,3.0,3.534072500126251
299,435,3.0,3.6245130829822862
880,28,5.0,4.205709876903091
405,57,1.0,2.592193082932439
687,340,4.0,3.8138148183726113
360,523,3.0,4.218468233881359
374,619,3.0,3.527049145106952
361,514,5.0,4.160038374915124
87,73,3.0,4.147710079673132
833,127,5.0,3.9436480696832388
499,193,4.0,4.013024711986894
456,101,3.0,3.105354901933586
125,1036,2.0,2.8072114722198758
699,764,3.0,2.5973085337512547
778,712,3.0,2.5195205969866157
249,182,5.0,4.447301726971271
299,381,3.0,3.249479690822442
621,241,4.0,3.910346647163194
92,101,2.0,3.4100873217367043
727,22,4.0,4.189295983980693
889,60,3.0,3.8180215380080114
643,12,5.0,4.647025015505443
169,495,3.0,3.583570666504649
437,781,4.0,2.965555727097054
877,226,3.0,3.665657001423638
606,15,5.0,4.266362087564452
10,698,4.0,3.7161147665527925
592,985,4.0,3.672941232509967
399,1219,3.0,2.688785697388318
938,1152,3.0,3.6081022566729675
66,1,3.0,3.892081519477625
585,166,4.0,3.9948410377445573
269,417,2.0,2.07205736232282
682,17,3.0,3.390455885666271
880,636,3.0,3.823478071179378
650,579,3.0,2.295983179444643
354,515,3.0,4.170120265248321
528,178,4.0,4.18247259265954
5,421,1.0,3.361943367677293
534,455,5.0,3.948340937185934
60,173,4.0,4.413476956240686
452,509,4.0,2.9505411677344036
536,416,4.0,3.4128689338534715
789,591,3.0,3.4822979624485706
224,686,4.0,3.428396260290659
805,162,2.0,3.52472113824966
399,232,2.0,2.889529611890999
486,1322,3.0,3.1241494118360964
548,12,5.0,4.104318850905448
279,977,4.0,2.754597729318485
21,853,5.0,3.3565105208420754
249,175,4.0,4.481101723987063
151,485,5.0,4.026266010757992
301,758,3.0,2.1394731051876863
683,132,5.0,3.8156095129296705
659,241,3.0,3.45237003455464
802,219,5.0,3.9980157209052116
488,480,3.0,3.7285397055750735
712,812,4.0,3.2557315840778207
881,202,4.0,3.6018094882538354
68,1028,4.0,2.6070839845637104
880,109,4.0,4.235624582905044
660,219,1.0,2.807445622929596
548,504,5.0,3.792560602093803
457,436,4.0,4.232163575010089
38,218,3.0,4.391567244871975
891,476,5.0,3.786951502074602
181,262,2.0,1.8903163809077992
391,12,5.0,4.438422342902659
315,178,4.0,4.612656201656188
472,100,5.0,4.320598794120164
896,1220,1.0,2.520307813230794
207,107,3.0,2.98078091897393
303,550,3.0,3.57279920990081
458,499,4.0,3.909736076351019
453,423,4.0,3.4926176325314033
114,522,5.0,3.4563772452288646
13,363,3.0,2.832967687585931
561,566,3.0,2.6648252973748274
612,100,4.0,3.6827804445009438
833,64,3.0,3.9881467211683965
194,117,3.0,3.2346276056359584
184,275,5.0,3.980229024926411
201,358,1.0,2.1101092496365608
522,23,5.0,4.536002474378315
506,28,4.0,3.966461317982982
870,1134,4.0,3.202397244985533
305,89,3.0,3.967592948787848
91,527,4.0,4.152312528544355
682,720,4.0,2.504448227663012
566,88,3.0,3.2263337465487707
880,195,4.0,4.505479958204874
179,362,1.0,2.571554458470594
383,504,4.0,4.070927304858775
79,10,5.0,4.059553014122567
567,109,2.0,3.101517079502533
177,689,3.0,2.852227281570485
938,748,2.0,3.6113508363513085
376,328,3.0,3.3243604300845493
394,402,4.0,3.9400957022504772
504,418,3.0,3.451915848810491
21,50,3.0,3.9504145299834827
262,931,2.0,1.9609656273555696
658,515,5.0,4.140540960528932
144,478,4.0,4.179079526557501
189,474,5.0,4.291211387536509
364,325,4.0,3.135122217829762
328,748,3.0,3.5919199832224966
711,959,5.0,3.6509684051421636
201,286,2.0,2.8024107769917537
851,147,4.0,3.93604317532549
297,53,3.0,3.285930671637301
499,539,1.0,2.2966569807636854
58,462,4.0,3.756421120431395
846,216,4.0,4.018287302945862
416,469,4.0,4.282959232312764
218,762,4.0,3.247056766170679
592,512,5.0,4.1008610371883165
758,1025,3.0,3.037360585605826
37,546,3.0,3.2082604326706137
445,1014,1.0,1.4390820271072167
705,655,3.0,4.0783327884541976
554,79,5.0,4.325651453419849
201,559,2.0,2.6250848724251092
932,67,2.0,2.8652003970868725
860,508,4.0,3.4092175571643835
686,170,5.0,4.634794953881319
269,602,4.0,2.710865482704505
13,109,4.0,2.2728931082454773
642,443,2.0,4.01362691003995
284,751,3.0,3.307594367225058
712,143,5.0,4.179525635100921
852,121,4.0,3.8256272348379956
782,323,3.0,2.6440627556294345
336,186,4.0,3.4256918682877906
291,379,3.0,3.4986248415695336
52,250,3.0,4.435039474350705
303,739,5.0,2.9598292806813555
457,240,3.0,3.54033882580513
262,443,3.0,3.7272010559775497
882,568,5.0,4.2718051418564285
405,1266,1.0,2.3924739123481364
253,203,4.0,3.968706358273619
169,211,5.0,3.9362806404830994
758,716,2.0,3.310490623250286
712,173,5.0,4.37191571172548
569,124,5.0,4.158216032484363
514,778,4.0,3.6117265847964193
172,178,3.0,3.770553375748558
514,98,5.0,4.365113692710397
157,100,5.0,4.894093451109403
650,151,3.0,3.0432360496055613
908,603,4.0,3.9127967566558643
496,921,5.0,3.5637534468605234
838,254,3.0,3.035289763757484
637,127,2.0,3.5713342620130435
92,109,3.0,3.46065317391569
320,68,5.0,4.276107599482355
393,270,5.0,3.6210923622495974
429,357,5.0,4.7889234826981335
378,401,4.0,2.7869006608002582
865,547,5.0,2.1379770555150026
903,582,3.0,3.8901614531004878
919,327,4.0,3.8764919932163417
634,1008,2.0,3.0282598606363638
342,833,3.0,2.6935425794627568
536,167,3.0,3.117663778440255
782,1142,3.0,3.3313593477262207
13,908,1.0,2.065437245273337
910,597,3.0,2.4459913807549207
3,329,4.0,2.9704563620529085
167,1310,3.0,3.3567981814143564
890,489,4.0,4.189668757000932
788,983,3.0,2.885755832366896
450,142,5.0,3.421152395814543
716,387,4.0,3.6627591127746744
815,471,2.0,4.101534780779143
907,1220,5.0,4.681713274601441
823,52,3.0,4.2382558540294175
653,204,4.0,3.189611779608021
598,259,3.0,2.9239626872817097
115,177,5.0,4.254616891512409
152,740,4.0,4.321089143129755
794,242,5.0,4.730910211495848
269,783,1.0,1.88772474836869
315,654,5.0,4.457695966240564
349,9,4.0,3.8015449721972083
151,231,1.0,3.3949816481408446
655,280,2.0,2.401092113729239
795,265,3.0,3.4237723817225887
310,274,3.0,3.7676252874721654
6,22,3.0,3.914763732361091
426,646,3.0,4.0724997937962
618,168,5.0,3.3468515061131665
355,689,4.0,3.6286839104111097
276,182,5.0,4.172992059230858
679,172,5.0,3.6993420765067144
393,195,3.0,3.9746587017315425
98,168,2.0,3.766714579051843
197,684,4.0,3.8031697258503367
585,740,4.0,3.766570461360122
823,209,4.0,4.369871629531791
846,239,4.0,3.6397259268386124
479,205,3.0,3.612992402358742
328,582,5.0,3.8220590054870107
558,19,5.0,4.342435844695422
705,1043,5.0,3.2233562324259526
897,670,3.0,3.709910763448199
207,319,3.0,3.0358874897403325
841,286,5.0,4.064428999761862
694,1126,5.0,3.9654936719090865
722,597,3.0,3.3602062723781096
640,1054,1.0,3.192041611653293
669,614,4.0,3.1189977419769934
524,584,1.0,3.389034045065742
440,329,5.0,3.8589543741303562
16,69,5.0,4.591005218962748
425,540,2.0,2.0613840907388727
804,257,5.0,4.134299170995963
897,28,4.0,4.578531480686695
684,66,4.0,3.4300866463937667
85,1074,3.0,2.5576468546707543
566,69,4.0,2.912171155126638
128,258,2.0,3.8899419564020405
886,29,1.0,2.576811527255275
885,237,5.0,3.584222060613328
32,298,5.0,3.54999788870999
422,126,4.0,3.9886529920474563
373,420,4.0,3.449425061921434
210,181,5.0,4.33549015571187
250,123,3.0,3.3499902992868895
269,886,3.0,2.5437062183636856
186,406,1.0,2.493619760184441
496,417,1.0,2.5932015584896146
66,286,1.0,3.4030208955997594
401,154,1.0,2.688891264284586
38,616,3.0,3.6601472257504892
257,50,5.0,4.347681913161713
201,59,4.0,3.398629038400028
239,175,5.0,4.547494925598158
880,881,4.0,3.3369534538725025
11,121,3.0,3.0950991084079993
913,269,5.0,3.511189232678624
306,289,3.0,2.8308583754408048
21,324,4.0,3.4674575414343627
258,286,5.0,4.08464343524984
311,204,5.0,4.374499518657084
344,106,2.0,3.0238393209648957
247,300,2.0,3.6670329169589277
851,1051,2.0,3.474713679126788
428,896,4.0,4.336339213114419
22,216,4.0,4.189560287775217
790,393,2.0,3.122717557163911
892,417,3.0,3.7795316719593317
436,925,4.0,3.825475167925841
343,252,4.0,2.8694573299694883
524,647,3.0,4.268099465954215
919,98,5.0,4.260275260669382
210,152,5.0,4.1164212916197656
299,114,4.0,4.154450324972281
833,249,1.0,2.4776805284900663
795,121,3.0,2.6677420374740257
312,526,5.0,4.369574141496071
854,302,3.0,3.6269784324330843
190,7,4.0,3.770712692784646
537,327,2.0,2.5529707136363546
627,553,3.0,2.8217011709320827
788,125,3.0,3.4128391362075594
666,647,5.0,4.450267250342124
467,269,4.0,4.032528933551406
715,98,5.0,4.672174591278672
158,285,5.0,4.466321118529999
536,474,5.0,4.222591145070176
211,300,2.0,3.0285180914176104
407,163,3.0,3.4428063817084773
622,79,5.0,3.787223094352098
716,604,3.0,4.2504182743388865
864,1217,3.0,3.2718922282528284
42,194,5.0,4.3430298483593335
480,169,5.0,3.9940848607138584
345,220,3.0,3.2981550207514827
514,81,4.0,3.571180039774034
385,650,5.0,3.6483432712459187
804,33,4.0,3.4905000525022642
577,97,5.0,4.179016168275805
495,234,5.0,4.369714477493452
173,269,4.0,4.587923459821267
416,619,4.0,3.8527841265161102
116,539,2.0,1.9717824978180754
623,227,4.0,3.2793415043440124
936,127,5.0,4.754091084582513
897,849,4.0,2.8866097514244564
96,435,3.0,4.203541812712474
761,840,4.0,2.2169503316424306
551,91,1.0,4.120300139447725
380,923,3.0,3.629853229481589
790,1044,4.0,2.917717634556516
869,298,3.0,3.0318060849476347
836,900,2.0,3.9403865520009322
894,979,3.0,3.7109981500431504
399,545,2.0,2.63914481864817
257,151,4.0,4.382537566347341
796,22,4.0,4.6447347323526085
188,769,2.0,2.9535433341942836
588,98,1.0,3.889932294131116
838,83,5.0,4.402273506520459
378,550,2.0,3.378143799523221
4,301,5.0,4.225074313521584
294,544,4.0,3.358919050689017
164,331,5.0,4.20255302792886
487,202,5.0,3.5523151312393333
326,515,5.0,3.880842730395811
537,50,4.0,3.2016073843313326
455,629,3.0,3.069235872528447
342,764,1.0,3.1147564797972485
174,780,1.0,3.385049448456082
719,890,1.0,1.5846510691875546
276,959,4.0,3.8750324564261076
764,70,4.0,3.906577979675479
398,495,4.0,3.4668353247944625
113,242,2.0,4.439246503410291
642,969,2.0,4.329019338103407
201,144,4.0,3.4553093677688524
231,1,3.0,4.031059188445791
330,22,5.0,4.946234905257726
60,511,4.0,4.643068870725563
5,445,3.0,3.9009922166793816
666,127,5.0,4.470857464044595
506,538,3.0,3.6355417176282514
347,686,5.0,3.6099024506359467
189,486,5.0,3.942489424215335
308,432,4.0,3.680894142185578
553,646,4.0,4.194884131191947
585,463,5.0,3.774839462362309
504,143,4.0,3.795933732744253
868,432,2.0,3.363580920235077
393,51,4.0,3.522857681579626
107,321,2.0,3.0685311353677873
299,462,5.0,3.477547641164887
13,862,3.0,2.239835252723675
593,966,5.0,3.843101626597723
820,343,4.0,2.8432761771222284
392,250,3.0,3.7276358696309244
301,79,5.0,4.165315464000695
492,1121,2.0,3.1125303671664377
328,568,3.0,3.711313823755303
151,420,5.0,3.8998256542521927
253,96,5.0,4.243088484791636
7,546,4.0,3.133545482188804
251,147,3.0,3.8816841749552093
721,681,3.0,3.0631689860762075
244,1188,4.0,3.101047286757983
508,219,1.0,3.0640204681539935
900,31,2.0,2.4337873146674855
95,95,3.0,3.815284655104533
225,22,5.0,5.0
694,520,5.0,4.417543314443878
393,125,4.0,4.151506039877377
521,17,1.0,3.172547742717901
276,67,3.0,3.134342954302978
930,151,2.0,2.7882523241831163
592,521,5.0,4.4575713549081675
894,1009,4.0,3.541655100768872
639,356,2.0,2.3580500016403416
280,11,5.0,4.0334691903621005
606,530,4.0,4.577163555237281
935,15,5.0,4.0484914291508565
551,66,2.0,3.3827082583148305
659,172,3.0,4.302733241264881
92,202,3.0,3.9317856850003916
556,496,5.0,4.311420450599497
381,49,2.0,3.3745993548472555
55,144,5.0,3.4002217640969365
389,486,4.0,3.889087565673375
438,148,5.0,3.8599310948394265
223,322,4.0,2.463596914873743
151,1,5.0,4.339601192665463
267,554,3.0,3.204112924438491
169,181,5.0,4.139408434837202
268,238,3.0,3.835642801009566
267,216,4.0,4.074183927910987
658,511,4.0,4.104432153635398
458,582,1.0,3.2917662847901417
334,209,3.0,3.9512511477618872
349,100,4.0,4.413623072167127
916,1268,3.0,3.372318362314358
649,257,5.0,3.9875985443504525
932,606,4.0,4.429930415193944
388,300,4.0,4.235782459634171
427,1296,5.0,4.649756994583013
669,12,5.0,3.928176119827859
224,258,3.0,3.0336796191251767
776,182,3.0,3.938254631318792
907,25,5.0,4.952139198788393
100,328,4.0,3.0303495696311042
327,204,4.0,3.018525746389665
864,194,4.0,4.1991204884767015
695,343,4.0,2.9885445574432996
653,197,3.0,3.30353312530864
655,233,3.0,2.893611687985619
308,634,4.0,3.4297224959812356
381,120,1.0,2.2467308731095392
286,411,2.0,3.744985722853717
647,134,4.0,4.075648622363377
731,127,4.0,3.765615597984768
230,234,4.0,4.073540304269924
715,95,4.0,3.647902586491248
535,44,4.0,3.635713205742949
151,210,4.0,4.442738601192265
198,820,1.0,2.3191238069940323
201,134,4.0,3.68414766030286
532,147,4.0,4.12354040962679
267,214,4.0,3.8256812987988726
566,8,4.0,3.7192208566350677
49,423,2.0,2.899980389093943
201,505,3.0,3.297993562614654
1,252,2.0,2.8582486914992002
151,168,5.0,4.225633439135841
146,307,3.0,3.765961848716356
216,298,5.0,3.6660985624523237
360,69,3.0,3.5749040987736826
42,467,3.0,3.76596013099479
416,761,4.0,3.4634335851365288
588,934,4.0,3.1791680146745835
147,269,4.0,4.342587787686055
537,990,2.0,2.9101725210423153
531,892,3.0,2.800407961352146
806,14,3.0,3.7674807524573475
508,209,5.0,4.299777483064283
293,582,4.0,3.028689824682729
429,161,3.0,3.0130300957083707
312,121,3.0,3.65905408363069
712,172,5.0,4.5097446361160065
399,550,3.0,2.6725354504532657
296,659,5.0,4.614864416755431
892,288,4.0,3.7264234600381245
716,160,2.0,3.168480775933556
342,975,2.0,2.41693062515312
334,405,3.0,3.178363690729463
593,366,4.0,3.56036449893885
862,472,5.0,4.374388683537096
56,423,5.0,3.906818738964568
457,588,5.0,4.232077908378361
367,333,4.0,4.481038272431851
887,318,5.0,5.0
262,1054,2.0,2.2548755934478772
117,151,4.0,3.802636632957145
198,655,4.0,3.7194432617053965
7,483,4.0,5.0
207,129,3.0,3.396440036908971
844,24,5.0,3.262856124188823
341,881,5.0,3.7954000083812285
933,160,3.0,2.3686481369370185
298,311,3.0,4.105180525469619
551,218,5.0,4.131336713573573
844,7,3.0,3.517389803202198
305,203,4.0,3.208456672834286
13,230,3.0,3.6550867126263378
821,597,3.0,3.9496337955177254
568,475,4.0,3.584125653651064
387,109,4.0,3.7106135787392143
643,715,5.0,3.5989843875243053
154,302,4.0,4.123490739356912
638,636,3.0,3.044552231794265
747,17,4.0,3.801466710422008
201,123,2.0,3.0179275516765154
500,50,3.0,4.02894137292762
782,894,2.0,2.0719312257394487
682,924,5.0,3.0084863586925827
488,205,4.0,3.557212256342075
203,100,1.0,4.17179466705011
279,16,4.0,3.0780005325884243
533,580,3.0,2.7142045217142234
152,1053,5.0,4.259079117373989
715,367,3.0,3.7221848508587545
890,1065,3.0,3.6789102090966597
323,294,3.0,3.2207238415231054
843,563,2.0,1.7969981038967022
559,265,4.0,3.9115433097798684
450,1020,4.0,4.03352367886962
57,1095,2.0,2.6329942990751793
468,237,4.0,3.670524817852752
192,125,3.0,3.763115683170563
909,300,5.0,3.983558944544411
804,24,5.0,3.83328705282125
880,298,4.0,3.7892083630606486
457,1012,4.0,3.96913682955301
424,681,3.0,2.492522083982836
44,151,4.0,3.409767952718327
234,173,3.0,3.5176733896338956
625,181,4.0,3.388928041328716
201,1425,3.0,2.6046054830995673
334,902,4.0,3.81993694698429
326,519,5.0,3.5105834351003766
311,654,3.0,3.6458158077201372
896,470,2.0,3.3793390149383047
270,727,5.0,4.176562804400072
880,187,5.0,4.338198069258985
571,69,2.0,3.4413857354191952
17,628,1.0,2.912098249673816
255,672,2.0,2.1668160420879703
145,869,4.0,3.286729377711097
337,392,5.0,3.824172741221283
608,100,4.0,4.080170797485069
881,1089,1.0,2.415301424617406
827,272,4.0,3.9534063871468144
631,346,4.0,3.302028984235595
537,47,4.0,3.2889071530733887
618,729,3.0,3.4106919795170447
634,125,4.0,3.535064214644751
632,720,3.0,2.8837217040586904
758,211,4.0,4.587713142040822
804,68,3.0,3.7264053730632667
768,100,5.0,4.01562902833914
698,1,4.0,3.0555827654499392
523,289,4.0,3.7052810760322705
25,419,4.0,3.883992428911137
318,63,3.0,3.5137996508906393
878,699,1.0,3.1225340454539636
606,1149,4.0,4.331560493984195
297,574,1.0,2.552959499393755
919,319,3.0,2.940073614978166
345,708,3.0,3.478102477609727
307,230,5.0,3.3254333218730583
92,307,4.0,3.697517450935875
20,1,3.0,3.130664644090867
655,1167,3.0,2.831920709703973
749,969,4.0,3.9135205269300224
7,423,5.0,4.335633580652097
798,231,2.0,2.7110535796887123
935,284,4.0,3.6114451502301863
104,333,2.0,2.648202578201881
207,826,2.0,2.337787235220016
263,1,5.0,4.337701077504929
378,280,2.0,3.1482379340744386
254,699,3.0,3.2376420207609735
870,505,4.0,3.5757317703238054
435,154,4.0,4.038140572487832
10,133,5.0,4.126140923547206
437,191,4.0,4.308588617551845
472,577,3.0,3.073084710797984
718,273,3.0,3.6142048898175503
455,204,4.0,3.841757636222893
184,1121,4.0,3.887745368993311
585,30,4.0,3.846538062318746
943,230,1.0,3.3873742794916932
96,153,4.0,3.825445503165284
660,1074,1.0,2.2925199702724357
293,17,2.0,2.8799329406419134
500,735,4.0,3.5112053815939497
40,259,2.0,2.2370528714005777
280,232,3.0,3.2043275478102675
560,50,5.0,3.84647083004275
610,484,3.0,3.9731311385776227
804,153,4.0,4.415629910416643
867,258,3.0,4.230474007584201
698,153,2.0,3.387903999403375
152,117,4.0,4.594628186912768
486,304,3.0,3.312198474518929
567,487,4.0,3.7918750705288535
121,25,5.0,3.139807491771842
621,55,5.0,4.095633242850709
226,258,5.0,3.547022524332269
416,420,3.0,3.9664449062811884
524,402,2.0,3.086847305089365
154,515,4.0,4.628143808696266
271,81,3.0,3.7368100418963315
198,690,3.0,3.4173295089625997
782,301,3.0,3.169102634525477
752,589,4.0,4.0029705669985205
15,405,2.0,2.597156255317366
763,1180,2.0,3.273891059592226
196,306,4.0,4.073850568408727
765,283,4.0,3.735751176382341
882,841,1.0,3.239283786836784
234,625,3.0,2.669839178361059
504,403,3.0,3.5065514931528803
276,919,4.0,4.060827898771049
363,1007,5.0,3.770636927448682
228,56,2.0,3.6998849316814737
731,15,4.0,3.744786305737713
378,792,4.0,3.7258931725388367
313,203,5.0,4.023803709963803
617,1021,4.0,3.2166475909523853
533,177,4.0,3.617338980856534
631,873,2.0,2.8343285506160414
716,56,5.0,3.82113063073371
642,407,5.0,2.908597446444767
330,31,5.0,4.550399470909217
805,729,3.0,3.340850403381074
597,250,4.0,3.5597290981483725
288,205,5.0,4.134065256273427
487,288,4.0,3.6193059151130482
41,170,4.0,3.9690615479726343
103,1089,1.0,2.421188518880066
690,663,4.0,3.6531539007155858
442,436,3.0,3.2005830883710997
303,518,4.0,3.8191777181669573
85,53,3.0,2.789861666275529
537,399,2.0,2.3482226623914952
246,402,3.0,2.4681816644568246
796,810,3.0,2.783819612841347
378,739,4.0,3.2687699121038483
411,655,4.0,3.9419151925489246
221,346,5.0,3.8173596432886177
807,403,4.0,3.57758739344859
96,484,5.0,4.510253175259606
669,517,3.0,3.5649472006588
150,100,2.0,4.640781995139352
561,1010,3.0,2.7324459776242884
541,627,4.0,3.4956501019569473
44,123,4.0,2.99475774581089
524,516,4.0,3.65676025502477
280,203,4.0,3.693146450081277
666,613,5.0,3.8410700737360948
445,1008,1.0,1.7417775495065384
13,747,4.0,3.7286798785122115
138,111,4.0,3.9299624334885093
276,9,5.0,3.902799152620349
897,294,3.0,4.0280718184795195
623,216,4.0,3.6200045261723512
293,64,5.0,4.020380802271269
892,67,4.0,3.2732581584058016
43,321,3.0,2.9711270524442868
897,436,4.0,3.8092633797347113
533,215,4.0,3.8371118932889234
91,498,3.0,4.2166347149486505
450,65,3.0,3.6535092098822726
698,526,2.0,3.0813583139054015
709,56,5.0,3.5000305028358953
10,479,5.0,4.4506128264149005
7,623,3.0,3.47799190634693
933,184,1.0,2.743332146418452
614,546,1.0,3.147228161818281
499,100,4.0,4.197444435021288
172,1134,2.0,2.785110042468588
339,566,3.0,3.8374815219586385
347,1291,1.0,3.3017551212356877
805,419,4.0,2.952644211226425
64,194,5.0,4.105669222461107
500,831,3.0,2.5777740528020034
649,471,5.0,3.6140694123392363
619,96,5.0,3.9260528300640964
514,301,4.0,3.43647869225017
1,184,4.0,3.3118560819631413
653,157,5.0,2.924861398425783
665,181,4.0,3.645037757312276
757,270,3.0,3.581604170081951
693,88,3.0,2.7254852686686233
704,611,3.0,3.8922443033452043
380,631,4.0,3.155607761870577
606,472,4.0,3.4693986225513243
271,148,3.0,3.2167198244197373
896,25,3.0,2.7860426334700445
768,237,4.0,3.419343358893049
128,729,2.0,3.6218451100127047
532,1407,2.0,3.2201000066867045
128,505,4.0,4.0336491399139085
505,435,3.0,3.5404404224061494
457,631,4.0,4.130150336462386
850,742,5.0,4.437781188284874
450,174,5.0,4.473878913575375
406,163,3.0,3.603727430364091
655,134,4.0,3.6043104667630286
665,98,4.0,3.953121969060589
290,243,3.0,1.9579364074439118
201,99,3.0,3.412168007256253
892,436,3.0,4.084971584278258
586,1218,5.0,3.559692541499918
933,183,4.0,3.6015668941763876
329,11,3.0,3.347040273827123
221,1407,3.0,2.856744774116123
903,317,4.0,4.305937121005139
79,7,5.0,3.9396951252208714
429,48,3.0,4.010666595931113
774,448,2.0,2.1406035937194785
624,294,3.0,3.1645827481660906
795,1199,3.0,2.886980754344344
378,70,4.0,3.3362433737152357
653,771,2.0,1.6475671639825626
246,133,3.0,3.426101323382934
758,441,3.0,2.950063624042488
312,188,3.0,4.2748662488392535
361,156,4.0,3.8145542984205414
618,939,2.0,3.389600915740492
102,210,3.0,3.4527972044007327
795,473,2.0,3.052418712985423
479,22,4.0,4.298478481503699
95,649,4.0,3.480047832698051
454,504,2.0,3.03229423543782
790,1183,2.0,2.5918247817138917
530,220,5.0,3.4617913213748235
144,172,4.0,4.387733955728018
921,720,4.0,2.958876122849894
833,186,1.0,3.174235093171861
601,259,1.0,2.202455582355564
576,475,1.0,4.045297660975464
102,70,3.0,2.722481816321429
847,234,2.0,3.49271094794056
637,301,1.0,2.6070173050401206
170,304,4.0,4.251110573301506
416,220,4.0,3.7362079887480246
473,242,3.0,4.377953472313314
409,1093,2.0,3.0253351977028022
632,318,5.0,4.619724525252677
325,319,3.0,3.479490821142493
795,546,3.0,2.6356662699242985
216,231,2.0,3.023500758758369
343,276,5.0,4.581878526910497
437,475,3.0,4.219494921516539
284,322,3.0,3.3104899925812448
222,200,3.0,3.6451879711942796
